<?xml version='1.0' encoding='UTF-8'?>
<basic-transcription>
	<head>
		<meta-information>
			<project-name/>
			<transcription-name/>
			<referenced-file url="Iriss-N-G5025-P600021-avd.wav"/>
			<ud-meta-information/>
			<comment>Compiled from Gos2.1 TEI version of IRISS on 2023-10-05 16:04:16.677211</comment>
			<transcription-convention/>
		</meta-information>
		<speakertable>
			<speaker id="Artur-N-G5025">
				<abbreviation>Artur-N-G5025</abbreviation>
			</speaker>
		</speakertable>
	</head>
	<basic-body>
		<common-timeline>
			<tli id="Artur-N-G5025-P600021.t1" time="2.548"/>
			<tli id="Artur-N-G5025-P600021.t1.w0" time="2.738"/>
			<tli id="Artur-N-G5025-P600021.t1.w1" time="3.398"/>
			<tli id="Artur-N-G5025-P600021.t1.w2" time="3.578"/>
			<tli id="Artur-N-G5025-P600021.t1.w3" time="4.008"/>
			<tli id="Artur-N-G5025-P600021.t1.w4" time="4.318"/>
			<tli id="Artur-N-G5025-P600021.t1.w5" time="4.498"/>
			<tli id="Artur-N-G5025-P600021.t1.w6" time="4.638"/>
			<tli id="Artur-N-G5025-P600021.t2" time="4.985"/>
			<tli id="Artur-N-G5025-P600021.t3.w0" time="7.935"/>
			<tli id="Artur-N-G5025-P600021.t4" time="8.455"/>
			<tli id="Artur-N-G5025-P600021.t4.w0" time="8.505"/>
			<tli id="Artur-N-G5025-P600021.t4.w1" time="8.695"/>
			<tli id="Artur-N-G5025-P600021.t4.w2" time="8.815"/>
			<tli id="Artur-N-G5025-P600021.t4.w3" time="8.955"/>
			<tli id="Artur-N-G5025-P600021.t4.w4" time="9.385"/>
			<tli id="Artur-N-G5025-P600021.t4.w5" time="9.465"/>
			<tli id="Artur-N-G5025-P600021.t5" time="10.051"/>
			<tli id="Artur-N-G5025-P600021.t6.w0" time="14.363"/>
			<tli id="Artur-N-G5025-P600021.t6.w1" time="14.723"/>
			<tli id="Artur-N-G5025-P600021.t6.w2" time="15.073"/>
			<tli id="Artur-N-G5025-P600021.t6.w3" time="15.273"/>
			<tli id="Artur-N-G5025-P600021.t6.w4" time="15.433"/>
			<tli id="Artur-N-G5025-P600021.t6.w5" time="15.563"/>
			<tli id="Artur-N-G5025-P600021.t7" time="16.016"/>
			<tli id="Artur-N-G5025-P600021.t8.w0" time="24.146"/>
			<tli id="Artur-N-G5025-P600021.t8.w1" time="24.586"/>
			<tli id="Artur-N-G5025-P600021.t8.w2" time="25.216"/>
			<tli id="Artur-N-G5025-P600021.t8.w3" time="25.416"/>
			<tli id="Artur-N-G5025-P600021.t8.w4" time="25.546"/>
			<tli id="Artur-N-G5025-P600021.t9" time="26.088"/>
			<tli id="Artur-N-G5025-P600021.t10.w0" time="28.841"/>
			<tli id="Artur-N-G5025-P600021.t11" time="29.966"/>
			<tli id="Artur-N-G5025-P600021.t11.w0" time="29.966"/>
			<tli id="Artur-N-G5025-P600021.t11.w1" time="31.056"/>
			<tli id="Artur-N-G5025-P600021.t11.w2" time="31.216"/>
			<tli id="Artur-N-G5025-P600021.t11.w3" time="31.656"/>
			<tli id="Artur-N-G5025-P600021.t12" time="32.239"/>
			<tli id="Artur-N-G5025-P600021.t13.w0" time="44.248"/>
			<tli id="Artur-N-G5025-P600021.t13.w1" time="44.318"/>
			<tli id="Artur-N-G5025-P600021.t13.w2" time="44.778"/>
			<tli id="Artur-N-G5025-P600021.t13.w3" time="45.008"/>
			<tli id="Artur-N-G5025-P600021.t14" time="45.866"/>
			<tli id="Artur-N-G5025-P600021.t14.w0" time="45.866"/>
			<tli id="Artur-N-G5025-P600021.t14.w1" time="46.226"/>
			<tli id="Artur-N-G5025-P600021.t14.w2" time="46.406"/>
			<tli id="Artur-N-G5025-P600021.t15" time="46.832"/>
			<tli id="Artur-N-G5025-P600021.t16.w0" time="59.044"/>
			<tli id="Artur-N-G5025-P600021.t17" time="60.427"/>
			<tli id="Artur-N-G5025-P600021.t17.w0" time="60.427"/>
			<tli id="Artur-N-G5025-P600021.t18" time="61.469"/>
			<tli id="Artur-N-G5025-P600021.t18.w0" time="61.469"/>
			<tli id="Artur-N-G5025-P600021.t18.w1" time="61.779"/>
			<tli id="Artur-N-G5025-P600021.t18.w2" time="61.979"/>
			<tli id="Artur-N-G5025-P600021.t18.w3" time="62.099"/>
			<tli id="Artur-N-G5025-P600021.t18.w4" time="62.769"/>
			<tli id="Artur-N-G5025-P600021.t19" time="63.055"/>
			<tli id="Artur-N-G5025-P600021.t18.w5" time="63.539"/>
			<tli id="Artur-N-G5025-P600021.t20" time="63.831"/>
			<tli id="Artur-N-G5025-P600021.t20.w0" time="63.831"/>
			<tli id="Artur-N-G5025-P600021.t21" time="64.708"/>
			<tli id="Artur-N-G5025-P600021.t22.w0" time="70.203"/>
			<tli id="Artur-N-G5025-P600021.t23" time="70.934"/>
			<tli id="Artur-N-G5025-P600021.t23.w0" time="71.164"/>
			<tli id="Artur-N-G5025-P600021.t23.w1" time="71.684"/>
			<tli id="Artur-N-G5025-P600021.t24" time="71.998"/>
			<tli id="Artur-N-G5025-P600021.t24.w0" time="72.028"/>
			<tli id="Artur-N-G5025-P600021.t24.w1" time="72.648"/>
			<tli id="Artur-N-G5025-P600021.t24.w2" time="73.028"/>
			<tli id="Artur-N-G5025-P600021.t24.w3" time="73.198"/>
			<tli id="Artur-N-G5025-P600021.t25" time="73.740"/>
			<tli id="Artur-N-G5025-P600021.t25.w0" time="73.770"/>
			<tli id="Artur-N-G5025-P600021.t26" time="74.656"/>
			<tli id="Artur-N-G5025-P600021.t25.w1" time="81.780"/>
			<tli id="Artur-N-G5025-P600021.t27" time="85.181"/>
			<tli id="Artur-N-G5025-P600021.t27.w0" time="85.181"/>
			<tli id="Artur-N-G5025-P600021.t27.w1" time="85.671"/>
			<tli id="Artur-N-G5025-P600021.t27.w2" time="85.731"/>
			<tli id="Artur-N-G5025-P600021.t27.w3" time="86.411"/>
			<tli id="Artur-N-G5025-P600021.t27.w4" time="86.451"/>
			<tli id="Artur-N-G5025-P600021.t27.w5" time="86.761"/>
			<tli id="Artur-N-G5025-P600021.t28" time="87.211"/>
			<tli id="Artur-N-G5025-P600021.t29.w0" time="88.797"/>
			<tli id="Artur-N-G5025-P600021.t29.w1" time="88.937"/>
			<tli id="Artur-N-G5025-P600021.t29.w2" time="89.067"/>
			<tli id="Artur-N-G5025-P600021.t29.w3" time="89.187"/>
			<tli id="Artur-N-G5025-P600021.t30" time="89.817"/>
			<tli id="Artur-N-G5025-P600021.t31.w0" time="93.593"/>
			<tli id="Artur-N-G5025-P600021.t31.w1" time="93.753"/>
			<tli id="Artur-N-G5025-P600021.t32" time="94.741"/>
			<tli id="Artur-N-G5025-P600021.t32.w0" time="94.741"/>
			<tli id="Artur-N-G5025-P600021.t32.w1" time="94.911"/>
			<tli id="Artur-N-G5025-P600021.t32.w2" time="95.341"/>
			<tli id="Artur-N-G5025-P600021.t33" time="95.818"/>
			<tli id="Artur-N-G5025-P600021.t34.w0" time="98.973"/>
			<tli id="Artur-N-G5025-P600021.t34.w1" time="99.173"/>
			<tli id="Artur-N-G5025-P600021.t34.w2" time="99.303"/>
			<tli id="Artur-N-G5025-P600021.t35" time="100.085"/>
			<tli id="Artur-N-G5025-P600021.t36.w0" time="103.518"/>
			<tli id="Artur-N-G5025-P600021.t36.w1" time="105.558"/>
			<tli id="Artur-N-G5025-P600021.t38" time="107.114"/>
			<tli id="Artur-N-G5025-P600021.t38.w0" time="107.154"/>
			<tli id="Artur-N-G5025-P600021.t38.w1" time="107.424"/>
			<tli id="Artur-N-G5025-P600021.t38.w2" time="107.554"/>
			<tli id="Artur-N-G5025-P600021.t38.w3" time="107.664"/>
			<tli id="Artur-N-G5025-P600021.t38.w4" time="107.824"/>
			<tli id="Artur-N-G5025-P600021.t39" time="109.144"/>
			<tli id="Artur-N-G5025-P600021.t39.w0" time="109.144"/>
			<tli id="Artur-N-G5025-P600021.t39.w1" time="109.294"/>
			<tli id="Artur-N-G5025-P600021.t40" time="110.021"/>
			<tli id="Artur-N-G5025-P600021.t40.w0" time="110.021"/>
			<tli id="Artur-N-G5025-P600021.t41" time="111.196"/>
			<tli id="Artur-N-G5025-P600021.t41.w0" time="111.226"/>
			<tli id="Artur-N-G5025-P600021.t42" time="111.741"/>
			<tli id="Artur-N-G5025-P600021.t43.w0" time="115.024"/>
			<tli id="Artur-N-G5025-P600021.t45" time="116.961"/>
			<tli id="Artur-N-G5025-P600021.t45.w0" time="117.131"/>
			<tli id="Artur-N-G5025-P600021.t45.w1" time="117.411"/>
			<tli id="Artur-N-G5025-P600021.t45.w2" time="117.541"/>
			<tli id="Artur-N-G5025-P600021.t45.w3" time="117.731"/>
			<tli id="Artur-N-G5025-P600021.t46" time="118.357"/>
			<tli id="Artur-N-G5025-P600021.t46.w0" time="118.357"/>
			<tli id="Artur-N-G5025-P600021.t47" time="118.978"/>
			<tli id="Artur-N-G5025-P600021.t48.w0" time="127.655"/>
			<tli id="Artur-N-G5025-P600021.t48.w1" time="127.985"/>
			<tli id="Artur-N-G5025-P600021.t48.w2" time="128.105"/>
			<tli id="Artur-N-G5025-P600021.t48.w3" time="128.665"/>
			<tli id="Artur-N-G5025-P600021.t48.w4" time="128.845"/>
			<tli id="Artur-N-G5025-P600021.t48.w5" time="129.225"/>
			<tli id="Artur-N-G5025-P600021.t48.w6" time="129.425"/>
			<tli id="Artur-N-G5025-P600021.t48.w7" time="129.545"/>
			<tli id="Artur-N-G5025-P600021.t49" time="130.234"/>
			<tli id="Artur-N-G5025-P600021.t50.w0" time="131.302"/>
			<tli id="Artur-N-G5025-P600021.t50.w1" time="131.702"/>
			<tli id="Artur-N-G5025-P600021.t50.w2" time="131.822"/>
			<tli id="Artur-N-G5025-P600021.t50.w3" time="132.312"/>
			<tli id="Artur-N-G5025-P600021.t50.w4" time="132.442"/>
			<tli id="Artur-N-G5025-P600021.t51" time="133.867"/>
			<tli id="Artur-N-G5025-P600021.t51.w0" time="133.867"/>
			<tli id="Artur-N-G5025-P600021.t51.w1" time="134.217"/>
			<tli id="Artur-N-G5025-P600021.t51.w2" time="134.527"/>
			<tli id="Artur-N-G5025-P600021.t51.w3" time="134.657"/>
			<tli id="Artur-N-G5025-P600021.t51.w4" time="134.867"/>
			<tli id="Artur-N-G5025-P600021.t52" time="135.751"/>
			<tli id="Artur-N-G5025-P600021.t52.w0" time="135.751"/>
			<tli id="Artur-N-G5025-P600021.t52.w1" time="135.941"/>
			<tli id="Artur-N-G5025-P600021.t52.w2" time="136.061"/>
			<tli id="Artur-N-G5025-P600021.t52.w3" time="136.131"/>
			<tli id="Artur-N-G5025-P600021.t52.w4" time="136.351"/>
			<tli id="Artur-N-G5025-P600021.t52.w5" time="136.561"/>
			<tli id="Artur-N-G5025-P600021.t52.w6" time="136.761"/>
			<tli id="Artur-N-G5025-P600021.t52.w7" time="137.041"/>
			<tli id="Artur-N-G5025-P600021.t53" time="137.395"/>
			<tli id="Artur-N-G5025-P600021.t54.w0" time="138.516"/>
			<tli id="Artur-N-G5025-P600021.t55" time="138.835"/>
			<tli id="Artur-N-G5025-P600021.t56.w0" time="139.566"/>
			<tli id="Artur-N-G5025-P600021.t56.w1" time="139.706"/>
			<tli id="Artur-N-G5025-P600021.t56.w2" time="140.076"/>
			<tli id="Artur-N-G5025-P600021.t56.w3" time="140.196"/>
			<tli id="Artur-N-G5025-P600021.t57" time="140.475"/>
			<tli id="Artur-N-G5025-P600021.t58.w0" time="141.753"/>
			<tli id="Artur-N-G5025-P600021.t58.w1" time="142.093"/>
			<tli id="Artur-N-G5025-P600021.t58.w2" time="142.403"/>
			<tli id="Artur-N-G5025-P600021.t58.w3" time="142.643"/>
			<tli id="Artur-N-G5025-P600021.t58.w4" time="142.913"/>
			<tli id="Artur-N-G5025-P600021.t58.w5" time="143.223"/>
			<tli id="Artur-N-G5025-P600021.t58.w6" time="143.463"/>
			<tli id="Artur-N-G5025-P600021.t58.w7" time="143.653"/>
			<tli id="Artur-N-G5025-P600021.t58.w8" time="144.023"/>
			<tli id="Artur-N-G5025-P600021.t59" time="144.742"/>
			<tli id="Artur-N-G5025-P600021.t60.w0" time="146.498"/>
			<tli id="Artur-N-G5025-P600021.t60.w1" time="146.968"/>
			<tli id="Artur-N-G5025-P600021.t60.w2" time="147.118"/>
			<tli id="Artur-N-G5025-P600021.t60.w3" time="147.568"/>
			<tli id="Artur-N-G5025-P600021.t61" time="147.911"/>
			<tli id="Artur-N-G5025-P600021.t62.w0" time="150.339"/>
			<tli id="Artur-N-G5025-P600021.t62.w1" time="150.889"/>
			<tli id="Artur-N-G5025-P600021.t63" time="152.444"/>
			<tli id="Artur-N-G5025-P600021.t63.w0" time="152.444"/>
			<tli id="Artur-N-G5025-P600021.t63.w1" time="152.824"/>
			<tli id="Artur-N-G5025-P600021.t63.w2" time="152.974"/>
			<tli id="Artur-N-G5025-P600021.t63.w3" time="153.294"/>
			<tli id="Artur-N-G5025-P600021.t63.w4" time="153.494"/>
			<tli id="Artur-N-G5025-P600021.t63.w5" time="154.014"/>
			<tli id="Artur-N-G5025-P600021.t63.w6" time="154.304"/>
			<tli id="Artur-N-G5025-P600021.t63.w7" time="154.694"/>
			<tli id="Artur-N-G5025-P600021.t63.w8" time="154.854"/>
			<tli id="Artur-N-G5025-P600021.t64" time="156.011"/>
			<tli id="Artur-N-G5025-P600021.t63.w9" time="158.074"/>
			<tli id="Artur-N-G5025-P600021.t66" time="158.684"/>
			<tli id="Artur-N-G5025-P600021.t66.w0" time="158.714"/>
			<tli id="Artur-N-G5025-P600021.t66.w1" time="159.094"/>
			<tli id="Artur-N-G5025-P600021.t66.w2" time="159.264"/>
			<tli id="Artur-N-G5025-P600021.t66.w3" time="159.584"/>
			<tli id="Artur-N-G5025-P600021.t66.w4" time="159.734"/>
			<tli id="Artur-N-G5025-P600021.t67" time="161.489"/>
			<tli id="Artur-N-G5025-P600021.t67.w0" time="161.519"/>
			<tli id="Artur-N-G5025-P600021.t68" time="162.154"/>
			<tli id="Artur-N-G5025-P600021.t68.w0" time="162.244"/>
			<tli id="Artur-N-G5025-P600021.t68.w1" time="162.554"/>
			<tli id="Artur-N-G5025-P600021.t68.w2" time="163.114"/>
			<tli id="Artur-N-G5025-P600021.t68.w3" time="163.394"/>
			<tli id="Artur-N-G5025-P600021.t68.w4" time="163.584"/>
			<tli id="Artur-N-G5025-P600021.t69" time="165.602"/>
			<tli id="Artur-N-G5025-P600021.t69.w0" time="165.602"/>
			<tli id="Artur-N-G5025-P600021.t69.w1" time="166.042"/>
			<tli id="Artur-N-G5025-P600021.t69.w2" time="166.852"/>
			<tli id="Artur-N-G5025-P600021.t70" time="168.584"/>
			<tli id="Artur-N-G5025-P600021.t70.w0" time="168.584"/>
			<tli id="Artur-N-G5025-P600021.t70.w1" time="169.134"/>
			<tli id="Artur-N-G5025-P600021.t71" time="170.534"/>
			<tli id="Artur-N-G5025-P600021.t71.w0" time="170.564"/>
			<tli id="Artur-N-G5025-P600021.t71.w1" time="170.774"/>
			<tli id="Artur-N-G5025-P600021.t71.w2" time="171.244"/>
			<tli id="Artur-N-G5025-P600021.t71.w3" time="171.374"/>
			<tli id="Artur-N-G5025-P600021.t71.w4" time="171.604"/>
			<tli id="Artur-N-G5025-P600021.t71.w5" time="171.874"/>
			<tli id="Artur-N-G5025-P600021.t71.w6" time="172.284"/>
			<tli id="Artur-N-G5025-P600021.t72" time="173.104"/>
			<tli id="Artur-N-G5025-P600021.t72.w0" time="173.134"/>
			<tli id="Artur-N-G5025-P600021.t73" time="174.567"/>
			<tli id="Artur-N-G5025-P600021.t73.w0" time="174.597"/>
			<tli id="Artur-N-G5025-P600021.t73.w1" time="175.017"/>
			<tli id="Artur-N-G5025-P600021.t73.w2" time="175.157"/>
			<tli id="Artur-N-G5025-P600021.t73.w3" time="175.317"/>
			<tli id="Artur-N-G5025-P600021.t74" time="176.131"/>
			<tli id="Artur-N-G5025-P600021.t74.w0" time="176.161"/>
			<tli id="Artur-N-G5025-P600021.t74.w1" time="177.361"/>
			<tli id="Artur-N-G5025-P600021.t74.w2" time="177.501"/>
			<tli id="Artur-N-G5025-P600021.t75" time="178.834"/>
			<tli id="Artur-N-G5025-P600021.t75.w0" time="178.834"/>
			<tli id="Artur-N-G5025-P600021.t76" time="180.673"/>
			<tli id="Artur-N-G5025-P600021.t76.w0" time="180.703"/>
			<tli id="Artur-N-G5025-P600021.t76.w1" time="180.853"/>
			<tli id="Artur-N-G5025-P600021.t76.w2" time="181.393"/>
			<tli id="Artur-N-G5025-P600021.t76.w3" time="181.603"/>
			<tli id="Artur-N-G5025-P600021.t76.w4" time="182.063"/>
			<tli id="Artur-N-G5025-P600021.t76.w5" time="182.183"/>
			<tli id="Artur-N-G5025-P600021.t76.w6" time="182.563"/>
			<tli id="Artur-N-G5025-P600021.t76.w7" time="183.103"/>
			<tli id="Artur-N-G5025-P600021.t76.w8" time="183.323"/>
			<tli id="Artur-N-G5025-P600021.t76.w9" time="183.463"/>
			<tli id="Artur-N-G5025-P600021.t76.w10" time="183.603"/>
			<tli id="Artur-N-G5025-P600021.t76.w11" time="183.823"/>
			<tli id="Artur-N-G5025-P600021.t77" time="185.348"/>
			<tli id="Artur-N-G5025-P600021.t77.w0" time="185.348"/>
			<tli id="Artur-N-G5025-P600021.t77.w1" time="185.788"/>
			<tli id="Artur-N-G5025-P600021.t77.w2" time="185.948"/>
			<tli id="Artur-N-G5025-P600021.t77.w3" time="186.058"/>
			<tli id="Artur-N-G5025-P600021.t77.w4" time="186.448"/>
			<tli id="Artur-N-G5025-P600021.t78" time="187.165"/>
			<tli id="Artur-N-G5025-P600021.t78.w0" time="187.195"/>
			<tli id="Artur-N-G5025-P600021.t78.w1" time="187.655"/>
			<tli id="Artur-N-G5025-P600021.t79" time="190.289"/>
			<tli id="Artur-N-G5025-P600021.t79.w0" time="190.289"/>
			<tli id="Artur-N-G5025-P600021.t79.w1" time="190.809"/>
			<tli id="Artur-N-G5025-P600021.t79.w2" time="191.079"/>
			<tli id="Artur-N-G5025-P600021.t79.w3" time="191.269"/>
			<tli id="Artur-N-G5025-P600021.t79.w4" time="192.069"/>
			<tli id="Artur-N-G5025-P600021.t79.w5" time="192.239"/>
			<tli id="Artur-N-G5025-P600021.t79.w6" time="192.629"/>
			<tli id="Artur-N-G5025-P600021.t79.w7" time="192.959"/>
			<tli id="Artur-N-G5025-P600021.t80" time="194.344"/>
			<tli id="Artur-N-G5025-P600021.t80.w0" time="194.544"/>
			<tli id="Artur-N-G5025-P600021.t80.w1" time="194.674"/>
			<tli id="Artur-N-G5025-P600021.t80.w2" time="195.474"/>
			<tli id="Artur-N-G5025-P600021.t80.w3" time="195.624"/>
			<tli id="Artur-N-G5025-P600021.t81" time="196.130"/>
			<tli id="Artur-N-G5025-P600021.t82.w0" time="197.672"/>
			<tli id="Artur-N-G5025-P600021.t83" time="198.815"/>
			<tli id="Artur-N-G5025-P600021.t83.w0" time="198.815"/>
			<tli id="Artur-N-G5025-P600021.t83.w1" time="199.015"/>
			<tli id="Artur-N-G5025-P600021.t83.w2" time="199.115"/>
			<tli id="Artur-N-G5025-P600021.t83.w3" time="199.595"/>
			<tli id="Artur-N-G5025-P600021.t83.w4" time="199.955"/>
			<tli id="Artur-N-G5025-P600021.t83.w5" time="200.195"/>
			<tli id="Artur-N-G5025-P600021.t83.w6" time="200.475"/>
			<tli id="Artur-N-G5025-P600021.t84" time="201.585"/>
			<tli id="Artur-N-G5025-P600021.t84.w0" time="201.585"/>
			<tli id="Artur-N-G5025-P600021.t84.w1" time="201.885"/>
			<tli id="Artur-N-G5025-P600021.t84.w2" time="202.595"/>
			<tli id="Artur-N-G5025-P600021.t85" time="203.991"/>
			<tli id="Artur-N-G5025-P600021.t85.w0" time="204.021"/>
			<tli id="Artur-N-G5025-P600021.t85.w1" time="204.351"/>
			<tli id="Artur-N-G5025-P600021.t86" time="206.251"/>
			<tli id="Artur-N-G5025-P600021.t86.w0" time="206.251"/>
			<tli id="Artur-N-G5025-P600021.t86.w1" time="206.691"/>
			<tli id="Artur-N-G5025-P600021.t86.w2" time="206.931"/>
			<tli id="Artur-N-G5025-P600021.t86.w3" time="207.081"/>
			<tli id="Artur-N-G5025-P600021.t86.w4" time="207.501"/>
			<tli id="Artur-N-G5025-P600021.t86.w5" time="207.831"/>
			<tli id="Artur-N-G5025-P600021.t86.w6" time="208.001"/>
			<tli id="Artur-N-G5025-P600021.t87" time="209.486"/>
			<tli id="Artur-N-G5025-P600021.t87.w0" time="209.486"/>
			<tli id="Artur-N-G5025-P600021.t87.w1" time="210.006"/>
			<tli id="Artur-N-G5025-P600021.t87.w2" time="210.216"/>
			<tli id="Artur-N-G5025-P600021.t87.w3" time="210.586"/>
			<tli id="Artur-N-G5025-P600021.t87.w4" time="210.766"/>
			<tli id="Artur-N-G5025-P600021.t87.w5" time="210.936"/>
			<tli id="Artur-N-G5025-P600021.t87.w6" time="211.576"/>
			<tli id="Artur-N-G5025-P600021.t87.w7" time="211.726"/>
			<tli id="Artur-N-G5025-P600021.t87.w8" time="211.946"/>
			<tli id="Artur-N-G5025-P600021.t87.w9" time="212.106"/>
			<tli id="Artur-N-G5025-P600021.t87.w10" time="212.306"/>
			<tli id="Artur-N-G5025-P600021.t87.w11" time="212.436"/>
			<tli id="Artur-N-G5025-P600021.t87.w12" time="212.566"/>
			<tli id="Artur-N-G5025-P600021.t87.w13" time="212.846"/>
			<tli id="Artur-N-G5025-P600021.t88" time="214.117"/>
			<tli id="Artur-N-G5025-P600021.t88.w0" time="214.147"/>
			<tli id="Artur-N-G5025-P600021.t88.w1" time="214.307"/>
			<tli id="Artur-N-G5025-P600021.t88.w2" time="214.457"/>
			<tli id="Artur-N-G5025-P600021.t88.w3" time="215.217"/>
			<tli id="Artur-N-G5025-P600021.t89" time="216.354"/>
			<tli id="Artur-N-G5025-P600021.t89.w0" time="216.384"/>
			<tli id="Artur-N-G5025-P600021.t89.w1" time="216.934"/>
			<tli id="Artur-N-G5025-P600021.t90" time="217.795"/>
			<tli id="Artur-N-G5025-P600021.t90.w0" time="217.795"/>
			<tli id="Artur-N-G5025-P600021.t90.w1" time="218.085"/>
			<tli id="Artur-N-G5025-P600021.t91" time="218.850"/>
			<tli id="Artur-N-G5025-P600021.t91.w0" time="218.900"/>
			<tli id="Artur-N-G5025-P600021.t91.w1" time="218.960"/>
			<tli id="Artur-N-G5025-P600021.t92" time="220.392"/>
			<tli id="Artur-N-G5025-P600021.t92.w0" time="220.392"/>
			<tli id="Artur-N-G5025-P600021.t92.w1" time="220.612"/>
			<tli id="Artur-N-G5025-P600021.t92.w2" time="221.312"/>
			<tli id="Artur-N-G5025-P600021.t92.w3" time="222.222"/>
			<tli id="Artur-N-G5025-P600021.t92.w4" time="222.382"/>
			<tli id="Artur-N-G5025-P600021.t92.w5" time="222.502"/>
			<tli id="Artur-N-G5025-P600021.t92.w6" time="222.952"/>
			<tli id="Artur-N-G5025-P600021.t93" time="224.380"/>
			<tli id="Artur-N-G5025-P600021.t93.w0" time="224.380"/>
			<tli id="Artur-N-G5025-P600021.t93.w1" time="224.620"/>
			<tli id="Artur-N-G5025-P600021.t93.w2" time="224.710"/>
			<tli id="Artur-N-G5025-P600021.t93.w3" time="225.010"/>
			<tli id="Artur-N-G5025-P600021.t93.w4" time="225.180"/>
			<tli id="Artur-N-G5025-P600021.t94" time="226.144"/>
			<tli id="Artur-N-G5025-P600021.t94.w0" time="226.144"/>
			<tli id="Artur-N-G5025-P600021.t94.w1" time="226.424"/>
			<tli id="Artur-N-G5025-P600021.t94.w2" time="226.834"/>
			<tli id="Artur-N-G5025-P600021.t94.w3" time="227.094"/>
			<tli id="Artur-N-G5025-P600021.t95" time="228.411"/>
			<tli id="Artur-N-G5025-P600021.t95.w0" time="228.441"/>
			<tli id="Artur-N-G5025-P600021.t96" time="229.864"/>
			<tli id="Artur-N-G5025-P600021.t96.w0" time="229.964"/>
			<tli id="Artur-N-G5025-P600021.t96.w1" time="230.244"/>
			<tli id="Artur-N-G5025-P600021.t96.w2" time="230.404"/>
			<tli id="Artur-N-G5025-P600021.t96.w3" time="230.554"/>
			<tli id="Artur-N-G5025-P600021.t96.w4" time="230.704"/>
			<tli id="Artur-N-G5025-P600021.t96.w5" time="230.854"/>
			<tli id="Artur-N-G5025-P600021.t96.w6" time="231.534"/>
			<tli id="Artur-N-G5025-P600021.t97" time="232.907"/>
			<tli id="Artur-N-G5025-P600021.t97.w0" time="232.907"/>
			<tli id="Artur-N-G5025-P600021.t97.w1" time="233.417"/>
			<tli id="Artur-N-G5025-P600021.t97.w2" time="233.617"/>
			<tli id="Artur-N-G5025-P600021.t98" time="234.360"/>
			<tli id="Artur-N-G5025-P600021.t98.w0" time="234.410"/>
			<tli id="Artur-N-G5025-P600021.t99" time="235.833"/>
			<tli id="Artur-N-G5025-P600021.t98.w1" time="243.640"/>
			<tli id="Artur-N-G5025-P600021.t98.w2" time="251.950"/>
			<tli id="Artur-N-G5025-P600021.t100" time="255.243"/>
			<tli id="Artur-N-G5025-P600021.t100.w0" time="255.303"/>
			<tli id="Artur-N-G5025-P600021.t100.w1" time="255.453"/>
			<tli id="Artur-N-G5025-P600021.t100.w2" time="255.613"/>
			<tli id="Artur-N-G5025-P600021.t100.w3" time="255.803"/>
			<tli id="Artur-N-G5025-P600021.t100.w4" time="256.023"/>
			<tli id="Artur-N-G5025-P600021.t101" time="256.940"/>
			<tli id="Artur-N-G5025-P600021.t100.w5" time="257.683"/>
			<tli id="Artur-N-G5025-P600021.t102" time="259.555"/>
			<tli id="Artur-N-G5025-P600021.t102.w0" time="259.745"/>
			<tli id="Artur-N-G5025-P600021.t103" time="261.762"/>
			<tli id="Artur-N-G5025-P600021.t102.w1" time="263.975"/>
			<tli id="Artur-N-G5025-P600021.t102.w2" time="270.095"/>
			<tli id="Artur-N-G5025-P600021.t102.w3" time="271.805"/>
			<tli id="Artur-N-G5025-P600021.t102.w4" time="272.605"/>
			<tli id="Artur-N-G5025-P600021.t104" time="275.424"/>
			<tli id="Artur-N-G5025-P600021.t104.w0" time="275.424"/>
			<tli id="Artur-N-G5025-P600021.t105" time="276.545"/>
			<tli id="Artur-N-G5025-P600021.t105.w0" time="277.545"/>
			<tli id="Artur-N-G5025-P600021.t105.w1" time="277.795"/>
			<tli id="Artur-N-G5025-P600021.t105.w2" time="278.265"/>
			<tli id="Artur-N-G5025-P600021.t105.w3" time="278.355"/>
			<tli id="Artur-N-G5025-P600021.t105.w4" time="278.585"/>
			<tli id="Artur-N-G5025-P600021.t105.w5" time="278.665"/>
			<tli id="Artur-N-G5025-P600021.t106" time="279.581"/>
			<tli id="Artur-N-G5025-P600021.t106.w0" time="279.961"/>
			<tli id="Artur-N-G5025-P600021.t107" time="280.392"/>
			<tli id="Artur-N-G5025-P600021.t107.w0" time="280.542"/>
			<tli id="Artur-N-G5025-P600021.t107.w1" time="280.742"/>
			<tli id="Artur-N-G5025-P600021.t107.w2" time="280.872"/>
			<tli id="Artur-N-G5025-P600021.t107.w3" time="281.462"/>
			<tli id="Artur-N-G5025-P600021.t108" time="282.599"/>
			<tli id="Artur-N-G5025-P600021.t108.w0" time="282.599"/>
			<tli id="Artur-N-G5025-P600021.t108.w1" time="282.969"/>
			<tli id="Artur-N-G5025-P600021.t108.w2" time="283.119"/>
			<tli id="Artur-N-G5025-P600021.t108.w3" time="283.289"/>
			<tli id="Artur-N-G5025-P600021.t108.w4" time="283.619"/>
			<tli id="Artur-N-G5025-P600021.t108.w5" time="284.119"/>
			<tli id="Artur-N-G5025-P600021.t108.w6" time="284.269"/>
			<tli id="Artur-N-G5025-P600021.t109" time="285.205"/>
			<tli id="Artur-N-G5025-P600021.t109.w0" time="285.205"/>
			<tli id="Artur-N-G5025-P600021.t110" time="286.237"/>
			<tli id="Artur-N-G5025-P600021.t110.w0" time="286.267"/>
			<tli id="Artur-N-G5025-P600021.t111" time="287.124"/>
			<tli id="Artur-N-G5025-P600021.t111.w0" time="287.124"/>
			<tli id="Artur-N-G5025-P600021.t111.w1" time="287.624"/>
			<tli id="Artur-N-G5025-P600021.t111.w2" time="287.754"/>
			<tli id="Artur-N-G5025-P600021.t111.w3" time="287.864"/>
			<tli id="Artur-N-G5025-P600021.t111.w4" time="288.024"/>
			<tli id="Artur-N-G5025-P600021.t111.w5" time="288.954"/>
			<tli id="Artur-N-G5025-P600021.t111.w6" time="289.154"/>
			<tli id="Artur-N-G5025-P600021.t111.w7" time="289.254"/>
			<tli id="Artur-N-G5025-P600021.t111.w8" time="289.874"/>
			<tli id="Artur-N-G5025-P600021.t111.w9" time="290.084"/>
			<tli id="Artur-N-G5025-P600021.t111.w10" time="290.264"/>
			<tli id="Artur-N-G5025-P600021.t111.w11" time="290.544"/>
			<tli id="Artur-N-G5025-P600021.t112" time="291.546"/>
			<tli id="Artur-N-G5025-P600021.t112.w0" time="291.576"/>
			<tli id="Artur-N-G5025-P600021.t112.w1" time="292.296"/>
			<tli id="Artur-N-G5025-P600021.t112.w2" time="292.876"/>
			<tli id="Artur-N-G5025-P600021.t112.w3" time="293.716"/>
			<tli id="Artur-N-G5025-P600021.t113" time="294.538"/>
			<tli id="Artur-N-G5025-P600021.t113.w0" time="294.538"/>
			<tli id="Artur-N-G5025-P600021.t113.w1" time="294.728"/>
			<tli id="Artur-N-G5025-P600021.t113.w2" time="295.028"/>
			<tli id="Artur-N-G5025-P600021.t113.w3" time="295.168"/>
			<tli id="Artur-N-G5025-P600021.t113.w4" time="295.628"/>
			<tli id="Artur-N-G5025-P600021.t114" time="297.454"/>
			<tli id="Artur-N-G5025-P600021.t114.w0" time="297.504"/>
			<tli id="Artur-N-G5025-P600021.t114.w1" time="298.024"/>
			<tli id="Artur-N-G5025-P600021.t114.w2" time="298.394"/>
			<tli id="Artur-N-G5025-P600021.t114.w3" time="298.574"/>
			<tli id="Artur-N-G5025-P600021.t114.w4" time="298.774"/>
			<tli id="Artur-N-G5025-P600021.t114.w5" time="298.914"/>
			<tli id="Artur-N-G5025-P600021.t114.w6" time="299.334"/>
			<tli id="Artur-N-G5025-P600021.t114.w7" time="299.784"/>
			<tli id="Artur-N-G5025-P600021.t114.w8" time="300.094"/>
			<tli id="Artur-N-G5025-P600021.t114.w9" time="300.204"/>
			<tli id="Artur-N-G5025-P600021.t114.w10" time="300.664"/>
			<tli id="Artur-N-G5025-P600021.t114.w11" time="300.864"/>
			<tli id="Artur-N-G5025-P600021.t114.w12" time="301.324"/>
			<tli id="Artur-N-G5025-P600021.t114.w13" time="301.874"/>
			<tli id="Artur-N-G5025-P600021.t114.w14" time="302.154"/>
			<tli id="Artur-N-G5025-P600021.t114.w15" time="302.294"/>
			<tli id="Artur-N-G5025-P600021.t114.w16" time="302.454"/>
			<tli id="Artur-N-G5025-P600021.t114.w17" time="302.564"/>
			<tli id="Artur-N-G5025-P600021.t114.w18" time="302.864"/>
			<tli id="Artur-N-G5025-P600021.t114.w19" time="303.094"/>
			<tli id="Artur-N-G5025-P600021.t115" time="304.668"/>
			<tli id="Artur-N-G5025-P600021.t115.w0" time="305.388"/>
			<tli id="Artur-N-G5025-P600021.t115.w1" time="305.808"/>
			<tli id="Artur-N-G5025-P600021.t115.w2" time="306.168"/>
			<tli id="Artur-N-G5025-P600021.t115.w3" time="306.318"/>
			<tli id="Artur-N-G5025-P600021.t115.w4" time="306.488"/>
			<tli id="Artur-N-G5025-P600021.t115.w5" time="306.528"/>
			<tli id="Artur-N-G5025-P600021.t115.w6" time="306.988"/>
			<tli id="Artur-N-G5025-P600021.t115.w7" time="307.458"/>
			<tli id="Artur-N-G5025-P600021.t116" time="308.634"/>
			<tli id="Artur-N-G5025-P600021.t116.w0" time="308.634"/>
			<tli id="Artur-N-G5025-P600021.t116.w1" time="309.074"/>
			<tli id="Artur-N-G5025-P600021.t117" time="310.739"/>
			<tli id="Artur-N-G5025-P600021.t117.w0" time="311.199"/>
			<tli id="Artur-N-G5025-P600021.t117.w1" time="311.499"/>
			<tli id="Artur-N-G5025-P600021.t117.w2" time="312.039"/>
			<tli id="Artur-N-G5025-P600021.t117.w3" time="312.499"/>
			<tli id="Artur-N-G5025-P600021.t117.w4" time="313.269"/>
			<tli id="Artur-N-G5025-P600021.t117.w5" time="313.449"/>
			<tli id="Artur-N-G5025-P600021.t118" time="314.063"/>
			<tli id="Artur-N-G5025-P600021.t118.w0" time="314.063"/>
			<tli id="Artur-N-G5025-P600021.t119" time="314.652"/>
			<tli id="Artur-N-G5025-P600021.t119.w0" time="318.012"/>
			<tli id="Artur-N-G5025-P600021.t121" time="318.929"/>
		</common-timeline>
		<tier id="0" category="v" speaker="Artur-N-G5025" type="t" display-name="Artur-N-G5025">
			<event start="Artur-N-G5025-P600021.t1.w0" end="Artur-N-G5025-P600021.t1.w1">jožica</event>
			<event start="Artur-N-G5025-P600021.t1.w1" end="Artur-N-G5025-P600021.t1.w2">iz</event>
			<event start="Artur-N-G5025-P600021.t1.w2" end="Artur-N-G5025-P600021.t1.w3">katere</event>
			<event start="Artur-N-G5025-P600021.t1.w3" end="Artur-N-G5025-P600021.t1.w4">vasi</event>
			<event start="Artur-N-G5025-P600021.t1.w4" end="Artur-N-G5025-P600021.t1.w5">si</event>
			<event start="Artur-N-G5025-P600021.t1.w5" end="Artur-N-G5025-P600021.t1.w6">ti</event>
			<event start="Artur-N-G5025-P600021.t1.w6" end="Artur-N-G5025-P600021.t2">doma</event>
			<event start="Artur-N-G5025-P600021.t3.w0" end="Artur-N-G5025-P600021.t4">eee</event>
			<event start="Artur-N-G5025-P600021.t4.w0" end="Artur-N-G5025-P600021.t4.w1">kje</event>
			<event start="Artur-N-G5025-P600021.t4.w1" end="Artur-N-G5025-P600021.t4.w2">si</event>
			<event start="Artur-N-G5025-P600021.t4.w2" end="Artur-N-G5025-P600021.t4.w3">pa</event>
			<event start="Artur-N-G5025-P600021.t4.w3" end="Artur-N-G5025-P600021.t4.w4">hodila</event>
			<event start="Artur-N-G5025-P600021.t4.w4" end="Artur-N-G5025-P600021.t4.w5">v</event>
			<event start="Artur-N-G5025-P600021.t4.w5" end="Artur-N-G5025-P600021.t5">šolo</event>
			<event start="Artur-N-G5025-P600021.t6.w0" end="Artur-N-G5025-P600021.t6.w1">kakšno</event>
			<event start="Artur-N-G5025-P600021.t6.w1" end="Artur-N-G5025-P600021.t6.w2">šolo</event>
			<event start="Artur-N-G5025-P600021.t6.w2" end="Artur-N-G5025-P600021.t6.w3">ste</event>
			<event start="Artur-N-G5025-P600021.t6.w3" end="Artur-N-G5025-P600021.t6.w4">pa</event>
			<event start="Artur-N-G5025-P600021.t6.w4" end="Artur-N-G5025-P600021.t6.w5">vi</event>
			<event start="Artur-N-G5025-P600021.t6.w5" end="Artur-N-G5025-P600021.t7">meli</event>
			<event start="Artur-N-G5025-P600021.t8.w0" end="Artur-N-G5025-P600021.t8.w1">nova</event>
			<event start="Artur-N-G5025-P600021.t8.w1" end="Artur-N-G5025-P600021.t8.w2">šola</event>
			<event start="Artur-N-G5025-P600021.t8.w2" end="Artur-N-G5025-P600021.t8.w3">je</event>
			<event start="Artur-N-G5025-P600021.t8.w3" end="Artur-N-G5025-P600021.t8.w4">pa</event>
			<event start="Artur-N-G5025-P600021.t8.w4" end="Artur-N-G5025-P600021.t9">zgraje…</event>
			<event start="Artur-N-G5025-P600021.t10.w0" end="Artur-N-G5025-P600021.t11">Mhm</event>
			<event start="Artur-N-G5025-P600021.t11.w0" end="Artur-N-G5025-P600021.t11.w1">eee</event>
			<event start="Artur-N-G5025-P600021.t11.w1" end="Artur-N-G5025-P600021.t11.w2">po</event>
			<event start="Artur-N-G5025-P600021.t11.w2" end="Artur-N-G5025-P600021.t11.w3">osnovni</event>
			<event start="Artur-N-G5025-P600021.t11.w3" end="Artur-N-G5025-P600021.t12">šoli</event>
			<event start="Artur-N-G5025-P600021.t13.w0" end="Artur-N-G5025-P600021.t13.w1">v</event>
			<event start="Artur-N-G5025-P600021.t13.w1" end="Artur-N-G5025-P600021.t13.w2">tovarni</event>
			<event start="Artur-N-G5025-P600021.t13.w2" end="Artur-N-G5025-P600021.t13.w3">si</event>
			<event start="Artur-N-G5025-P600021.t13.w3" end="Artur-N-G5025-P600021.t14">šivala</event>
			<event start="Artur-N-G5025-P600021.t14.w0" end="Artur-N-G5025-P600021.t14.w1">ali</event>
			<event start="Artur-N-G5025-P600021.t14.w1" end="Artur-N-G5025-P600021.t14.w2">si</event>
			<event start="Artur-N-G5025-P600021.t14.w2" end="Artur-N-G5025-P600021.t15">mela</event>
			<event start="Artur-N-G5025-P600021.t16.w0" end="Artur-N-G5025-P600021.t17">Aha</event>
			<event start="Artur-N-G5025-P600021.t17.w0" end="Artur-N-G5025-P600021.t18">eee</event>
			<event start="Artur-N-G5025-P600021.t18.w0" end="Artur-N-G5025-P600021.t18.w1">kolko</event>
			<event start="Artur-N-G5025-P600021.t18.w1" end="Artur-N-G5025-P600021.t18.w2">let</event>
			<event start="Artur-N-G5025-P600021.t18.w2" end="Artur-N-G5025-P600021.t18.w3">si</event>
			<event start="Artur-N-G5025-P600021.t18.w3" end="Artur-N-G5025-P600021.t18.w4">delala</event>
			<event start="Artur-N-G5025-P600021.t18.w4" end="Artur-N-G5025-P600021.t19">v</event>
			<event start="Artur-N-G5025-P600021.t18.w5" end="Artur-N-G5025-P600021.t20">Muri</event>
			<event start="Artur-N-G5025-P600021.t20.w0" end="Artur-N-G5025-P600021.t21">približno</event>
			<event start="Artur-N-G5025-P600021.t22.w0" end="Artur-N-G5025-P600021.t23">eee</event>
			<event start="Artur-N-G5025-P600021.t23.w0" end="Artur-N-G5025-P600021.t23.w1">m…</event>
			<event start="Artur-N-G5025-P600021.t23.w1" end="Artur-N-G5025-P600021.t24">və</event>
			<event start="Artur-N-G5025-P600021.t24.w0" end="Artur-N-G5025-P600021.t24.w1">določenem</event>
			<event start="Artur-N-G5025-P600021.t24.w1" end="Artur-N-G5025-P600021.t24.w2">času</event>
			<event start="Artur-N-G5025-P600021.t24.w2" end="Artur-N-G5025-P600021.t24.w3">si</event>
			<event start="Artur-N-G5025-P600021.t24.w3" end="Artur-N-G5025-P600021.t25">pa</event>
			<event start="Artur-N-G5025-P600021.t25.w0" end="Artur-N-G5025-P600021.t26">bila</event>
			<event start="Artur-N-G5025-P600021.t25.w1" end="Artur-N-G5025-P600021.t27">tudi</event>
			<event start="Artur-N-G5025-P600021.t27.w0" end="Artur-N-G5025-P600021.t27.w1">točno</event>
			<event start="Artur-N-G5025-P600021.t27.w1" end="Artur-N-G5025-P600021.t27.w2">v</event>
			<event start="Artur-N-G5025-P600021.t27.w2" end="Artur-N-G5025-P600021.t27.w3">Nemčiji</event>
			<event start="Artur-N-G5025-P600021.t27.w3" end="Artur-N-G5025-P600021.t27.w4">f</event>
			<event start="Artur-N-G5025-P600021.t27.w4" end="Artur-N-G5025-P600021.t27.w5">kerem</event>
			<event start="Artur-N-G5025-P600021.t27.w5" end="Artur-N-G5025-P600021.t28">mestu</event>
			<event start="Artur-N-G5025-P600021.t29.w0" end="Artur-N-G5025-P600021.t29.w1">ti</event>
			<event start="Artur-N-G5025-P600021.t29.w1" end="Artur-N-G5025-P600021.t29.w2">si</event>
			<event start="Artur-N-G5025-P600021.t29.w2" end="Artur-N-G5025-P600021.t29.w3">pa</event>
			<event start="Artur-N-G5025-P600021.t29.w3" end="Artur-N-G5025-P600021.t30">delala</event>
			<event start="Artur-N-G5025-P600021.t31.w0" end="Artur-N-G5025-P600021.t31.w1">in</event>
			<event start="Artur-N-G5025-P600021.t31.w1" end="Artur-N-G5025-P600021.t32">sicer</event>
			<event start="Artur-N-G5025-P600021.t32.w0" end="Artur-N-G5025-P600021.t32.w1">v</event>
			<event start="Artur-N-G5025-P600021.t32.w1" end="Artur-N-G5025-P600021.t32.w2">Nemčiji</event>
			<event start="Artur-N-G5025-P600021.t32.w2" end="Artur-N-G5025-P600021.t33">ali</event>
			<event start="Artur-N-G5025-P600021.t34.w0" end="Artur-N-G5025-P600021.t34.w1">ka</event>
			<event start="Artur-N-G5025-P600021.t34.w1" end="Artur-N-G5025-P600021.t34.w2">pa</event>
			<event start="Artur-N-G5025-P600021.t34.w2" end="Artur-N-G5025-P600021.t35">pozneje</event>
			<event start="Artur-N-G5025-P600021.t36.w0" end="Artur-N-G5025-P600021.t36.w1">v</event>
			<event start="Artur-N-G5025-P600021.t36.w1" end="Artur-N-G5025-P600021.t38">Švici</event>
			<event start="Artur-N-G5025-P600021.t38.w0" end="Artur-N-G5025-P600021.t38.w1">no</event>
			<event start="Artur-N-G5025-P600021.t38.w1" end="Artur-N-G5025-P600021.t38.w2">kje</event>
			<event start="Artur-N-G5025-P600021.t38.w2" end="Artur-N-G5025-P600021.t38.w3">je</event>
			<event start="Artur-N-G5025-P600021.t38.w3" end="Artur-N-G5025-P600021.t38.w4">blo</event>
			<event start="Artur-N-G5025-P600021.t38.w4" end="Artur-N-G5025-P600021.t39">boljše</event>
			<event start="Artur-N-G5025-P600021.t39.w0" end="Artur-N-G5025-P600021.t39.w1">f</event>
			<event start="Artur-N-G5025-P600021.t39.w1" end="Artur-N-G5025-P600021.t40">Švici</event>
			<event start="Artur-N-G5025-P600021.t40.w0" end="Artur-N-G5025-P600021.t41">ali</event>
			<event start="Artur-N-G5025-P600021.t41.w0" end="Artur-N-G5025-P600021.t42">fseeno</event>
			<event start="Artur-N-G5025-P600021.t43.w0" end="Artur-N-G5025-P600021.t45">fseeno</event>
			<event start="Artur-N-G5025-P600021.t45.w0" end="Artur-N-G5025-P600021.t45.w1">mož</event>
			<event start="Artur-N-G5025-P600021.t45.w1" end="Artur-N-G5025-P600021.t45.w2">je</event>
			<event start="Artur-N-G5025-P600021.t45.w2" end="Artur-N-G5025-P600021.t45.w3">bil</event>
			<event start="Artur-N-G5025-P600021.t45.w3" end="Artur-N-G5025-P600021.t46">tude</event>
			<event start="Artur-N-G5025-P600021.t46.w0" end="Artur-N-G5025-P600021.t47">zraven</event>
			<event start="Artur-N-G5025-P600021.t48.w0" end="Artur-N-G5025-P600021.t48.w1">s</event>
			<event start="Artur-N-G5025-P600021.t48.w1" end="Artur-N-G5025-P600021.t48.w2">kim</event>
			<event start="Artur-N-G5025-P600021.t48.w2" end="Artur-N-G5025-P600021.t48.w3">eee</event>
			<event start="Artur-N-G5025-P600021.t48.w3" end="Artur-N-G5025-P600021.t48.w4">z</event>
			<event start="Artur-N-G5025-P600021.t48.w4" end="Artur-N-G5025-P600021.t48.w5">b…</event>
			<event start="Artur-N-G5025-P600021.t48.w5" end="Artur-N-G5025-P600021.t48.w6">eee</event>
			<event start="Artur-N-G5025-P600021.t48.w6" end="Artur-N-G5025-P600021.t48.w7">z</event>
			<event start="Artur-N-G5025-P600021.t48.w7" end="Artur-N-G5025-P600021.t49">bagrom</event>
			<event start="Artur-N-G5025-P600021.t50.w0" end="Artur-N-G5025-P600021.t50.w1">ja</event>
			<event start="Artur-N-G5025-P600021.t50.w1" end="Artur-N-G5025-P600021.t50.w2">z</event>
			<event start="Artur-N-G5025-P600021.t50.w2" end="Artur-N-G5025-P600021.t50.w3">bagrom</event>
			<event start="Artur-N-G5025-P600021.t50.w3" end="Artur-N-G5025-P600021.t50.w4">je</event>
			<event start="Artur-N-G5025-P600021.t50.w4" end="Artur-N-G5025-P600021.t51">delal</event>
			<event start="Artur-N-G5025-P600021.t51.w0" end="Artur-N-G5025-P600021.t51.w1">ja</event>
			<event start="Artur-N-G5025-P600021.t51.w1" end="Artur-N-G5025-P600021.t51.w2">njem</event>
			<event start="Artur-N-G5025-P600021.t51.w2" end="Artur-N-G5025-P600021.t51.w3">je</event>
			<event start="Artur-N-G5025-P600021.t51.w3" end="Artur-N-G5025-P600021.t51.w4">blo</event>
			<event start="Artur-N-G5025-P600021.t51.w4" end="Artur-N-G5025-P600021.t52">lažje</event>
			<event start="Artur-N-G5025-P600021.t52.w0" end="Artur-N-G5025-P600021.t52.w1">ker</event>
			<event start="Artur-N-G5025-P600021.t52.w1" end="Artur-N-G5025-P600021.t52.w2">je</event>
			<event start="Artur-N-G5025-P600021.t52.w2" end="Artur-N-G5025-P600021.t52.w3">ž</event>
			<event start="Artur-N-G5025-P600021.t52.w3" end="Artur-N-G5025-P600021.t52.w4">njim</event>
			<event start="Artur-N-G5025-P600021.t52.w4" end="Artur-N-G5025-P600021.t52.w5">bil</event>
			<event start="Artur-N-G5025-P600021.t52.w5" end="Artur-N-G5025-P600021.t52.w6">še</event>
			<event start="Artur-N-G5025-P600021.t52.w6" end="Artur-N-G5025-P600021.t52.w7">tudi</event>
			<event start="Artur-N-G5025-P600021.t52.w7" end="Artur-N-G5025-P600021.t53">brat</event>
			<event start="Artur-N-G5025-P600021.t54.w0" end="Artur-N-G5025-P600021.t55">oto</event>
			<event start="Artur-N-G5025-P600021.t56.w0" end="Artur-N-G5025-P600021.t56.w1">pa</event>
			<event start="Artur-N-G5025-P600021.t56.w1" end="Artur-N-G5025-P600021.t56.w2">še</event>
			<event start="Artur-N-G5025-P600021.t56.w2" end="Artur-N-G5025-P600021.t56.w3">en</event>
			<event start="Artur-N-G5025-P600021.t56.w3" end="Artur-N-G5025-P600021.t57">brat</event>
			<event start="Artur-N-G5025-P600021.t58.w0" end="Artur-N-G5025-P600021.t58.w1">feri</event>
			<event start="Artur-N-G5025-P600021.t58.w1" end="Artur-N-G5025-P600021.t58.w2">ne</event>
			<event start="Artur-N-G5025-P600021.t58.w2" end="Artur-N-G5025-P600021.t58.w3">pa</event>
			<event start="Artur-N-G5025-P600021.t58.w3" end="Artur-N-G5025-P600021.t58.w4">Fer…</event>
			<event start="Artur-N-G5025-P600021.t58.w4" end="Artur-N-G5025-P600021.t58.w5">brat</event>
			<event start="Artur-N-G5025-P600021.t58.w5" end="Artur-N-G5025-P600021.t58.w6">tako</event>
			<event start="Artur-N-G5025-P600021.t58.w6" end="Artur-N-G5025-P600021.t58.w7">so</event>
			<event start="Artur-N-G5025-P600021.t58.w7" end="Artur-N-G5025-P600021.t58.w8">trije</event>
			<event start="Artur-N-G5025-P600021.t58.w8" end="Artur-N-G5025-P600021.t59">bratje</event>
			<event start="Artur-N-G5025-P600021.t60.w0" end="Artur-N-G5025-P600021.t60.w1">fskupaj</event>
			<event start="Artur-N-G5025-P600021.t60.w1" end="Artur-N-G5025-P600021.t60.w2">so</event>
			<event start="Artur-N-G5025-P600021.t60.w2" end="Artur-N-G5025-P600021.t60.w3">delali</event>
			<event start="Artur-N-G5025-P600021.t60.w3" end="Artur-N-G5025-P600021.t61">tam</event>
			<event start="Artur-N-G5025-P600021.t62.w0" end="Artur-N-G5025-P600021.t62.w1">no</event>
			<event start="Artur-N-G5025-P600021.t62.w1" end="Artur-N-G5025-P600021.t63">eee</event>
			<event start="Artur-N-G5025-P600021.t63.w0" end="Artur-N-G5025-P600021.t63.w1">enkrat</event>
			<event start="Artur-N-G5025-P600021.t63.w1" end="Artur-N-G5025-P600021.t63.w2">səm</event>
			<event start="Artur-N-G5025-P600021.t63.w2" end="Artur-N-G5025-P600021.t63.w3">prišla</event>
			<event start="Artur-N-G5025-P600021.t63.w3" end="Artur-N-G5025-P600021.t63.w4">jaz</event>
			<event start="Artur-N-G5025-P600021.t63.w4" end="Artur-N-G5025-P600021.t63.w5">tudi</event>
			<event start="Artur-N-G5025-P600021.t63.w5" end="Artur-N-G5025-P600021.t63.w6">v</event>
			<event start="Artur-N-G5025-P600021.t63.w6" end="Artur-N-G5025-P600021.t63.w7">Nemčijo</event>
			<event start="Artur-N-G5025-P600021.t63.w7" end="Artur-N-G5025-P600021.t63.w8">na</event>
			<event start="Artur-N-G5025-P600021.t63.w8" end="Artur-N-G5025-P600021.t64">obisk</event>
			<event start="Artur-N-G5025-P600021.t63.w9" end="Artur-N-G5025-P600021.t66">ne</event>
			<event start="Artur-N-G5025-P600021.t66.w0" end="Artur-N-G5025-P600021.t66.w1">takrat</event>
			<event start="Artur-N-G5025-P600021.t66.w1" end="Artur-N-G5025-P600021.t66.w2">səm</event>
			<event start="Artur-N-G5025-P600021.t66.w2" end="Artur-N-G5025-P600021.t66.w3">hodla</event>
			<event start="Artur-N-G5025-P600021.t66.w3" end="Artur-N-G5025-P600021.t66.w4">na</event>
			<event start="Artur-N-G5025-P600021.t66.w4" end="Artur-N-G5025-P600021.t67">učiteljišče</event>
			<event start="Artur-N-G5025-P600021.t67.w0" end="Artur-N-G5025-P600021.t68">in</event>
			<event start="Artur-N-G5025-P600021.t68.w0" end="Artur-N-G5025-P600021.t68.w1">konəc</event>
			<event start="Artur-N-G5025-P600021.t68.w1" end="Artur-N-G5025-P600021.t68.w2">četrtoga</event>
			<event start="Artur-N-G5025-P600021.t68.w2" end="Artur-N-G5025-P600021.t68.w3">razle…</event>
			<event start="Artur-N-G5025-P600021.t68.w3" end="Artur-N-G5025-P600021.t68.w4">eee</event>
			<event start="Artur-N-G5025-P600021.t68.w4" end="Artur-N-G5025-P600021.t69">letnika</event>
			<event start="Artur-N-G5025-P600021.t69.w0" end="Artur-N-G5025-P600021.t69.w1">sem</event>
			<event start="Artur-N-G5025-P600021.t69.w1" end="Artur-N-G5025-P600021.t69.w2">preko</event>
			<event start="Artur-N-G5025-P600021.t69.w2" end="Artur-N-G5025-P600021.t70">študentskega</event>
			<event start="Artur-N-G5025-P600021.t70.w0" end="Artur-N-G5025-P600021.t70.w1">nekega</event>
			<event start="Artur-N-G5025-P600021.t70.w1" end="Artur-N-G5025-P600021.t71">razpisa</event>
			<event start="Artur-N-G5025-P600021.t71.w0" end="Artur-N-G5025-P600021.t71.w1">se</event>
			<event start="Artur-N-G5025-P600021.t71.w1" end="Artur-N-G5025-P600021.t71.w2">javila</event>
			<event start="Artur-N-G5025-P600021.t71.w2" end="Artur-N-G5025-P600021.t71.w3">pa</event>
			<event start="Artur-N-G5025-P600021.t71.w3" end="Artur-N-G5025-P600021.t71.w4">səm</event>
			<event start="Artur-N-G5025-P600021.t71.w4" end="Artur-N-G5025-P600021.t71.w5">šla</event>
			<event start="Artur-N-G5025-P600021.t71.w5" end="Artur-N-G5025-P600021.t71.w6">v</event>
			<event start="Artur-N-G5025-P600021.t71.w6" end="Artur-N-G5025-P600021.t72">Anglijo</event>
			<event start="Artur-N-G5025-P600021.t72.w0" end="Artur-N-G5025-P600021.t73">delat</event>
			<event start="Artur-N-G5025-P600021.t73.w0" end="Artur-N-G5025-P600021.t73.w1">delala</event>
			<event start="Artur-N-G5025-P600021.t73.w1" end="Artur-N-G5025-P600021.t73.w2">səm</event>
			<event start="Artur-N-G5025-P600021.t73.w2" end="Artur-N-G5025-P600021.t73.w3">v</event>
			<event start="Artur-N-G5025-P600021.t73.w3" end="Artur-N-G5025-P600021.t74">neki</event>
			<event start="Artur-N-G5025-P600021.t74.w0" end="Artur-N-G5025-P600021.t74.w1">restavraciji</event>
			<event start="Artur-N-G5025-P600021.t74.w1" end="Artur-N-G5025-P600021.t74.w2">na</event>
			<event start="Artur-N-G5025-P600021.t74.w2" end="Artur-N-G5025-P600021.t75">železniški</event>
			<event start="Artur-N-G5025-P600021.t75.w0" end="Artur-N-G5025-P600021.t76">postaji</event>
			<event start="Artur-N-G5025-P600021.t76.w0" end="Artur-N-G5025-P600021.t76.w1">en</event>
			<event start="Artur-N-G5025-P600021.t76.w1" end="Artur-N-G5025-P600021.t76.w2">mesec</event>
			<event start="Artur-N-G5025-P600021.t76.w2" end="Artur-N-G5025-P600021.t76.w3">dva</event>
			<event start="Artur-N-G5025-P600021.t76.w3" end="Artur-N-G5025-P600021.t76.w4">meseca</event>
			<event start="Artur-N-G5025-P600021.t76.w4" end="Artur-N-G5025-P600021.t76.w5">bi</event>
			<event start="Artur-N-G5025-P600021.t76.w5" end="Artur-N-G5025-P600021.t76.w6">morala</event>
			<event start="Artur-N-G5025-P600021.t76.w6" end="Artur-N-G5025-P600021.t76.w7">ostati</event>
			<event start="Artur-N-G5025-P600021.t76.w7" end="Artur-N-G5025-P600021.t76.w8">pa</event>
			<event start="Artur-N-G5025-P600021.t76.w8" end="Artur-N-G5025-P600021.t76.w9">mi</event>
			<event start="Artur-N-G5025-P600021.t76.w9" end="Artur-N-G5025-P600021.t76.w10">ni</event>
			<event start="Artur-N-G5025-P600021.t76.w10" end="Artur-N-G5025-P600021.t76.w11">bilo</event>
			<event start="Artur-N-G5025-P600021.t76.w11" end="Artur-N-G5025-P600021.t77">všeč</event>
			<event start="Artur-N-G5025-P600021.t77.w0" end="Artur-N-G5025-P600021.t77.w1">takrat</event>
			<event start="Artur-N-G5025-P600021.t77.w1" end="Artur-N-G5025-P600021.t77.w2">se</event>
			<event start="Artur-N-G5025-P600021.t77.w2" end="Artur-N-G5025-P600021.t77.w3">je</event>
			<event start="Artur-N-G5025-P600021.t77.w3" end="Artur-N-G5025-P600021.t77.w4">najs…</event>
			<event start="Artur-N-G5025-P600021.t77.w4" end="Artur-N-G5025-P600021.t78">eee</event>
			<event start="Artur-N-G5025-P600021.t78.w0" end="Artur-N-G5025-P600021.t78.w1">brat</event>
			<event start="Artur-N-G5025-P600021.t78.w1" end="Artur-N-G5025-P600021.t79">ponesrečil</event>
			<event start="Artur-N-G5025-P600021.t79.w0" end="Artur-N-G5025-P600021.t79.w1">zlomil</event>
			<event start="Artur-N-G5025-P600021.t79.w1" end="Artur-N-G5025-P600021.t79.w2">si</event>
			<event start="Artur-N-G5025-P600021.t79.w2" end="Artur-N-G5025-P600021.t79.w3">je</event>
			<event start="Artur-N-G5025-P600021.t79.w3" end="Artur-N-G5025-P600021.t79.w4">hrbtenico</event>
			<event start="Artur-N-G5025-P600021.t79.w4" end="Artur-N-G5025-P600021.t79.w5">in</event>
			<event start="Artur-N-G5025-P600021.t79.w5" end="Artur-N-G5025-P600021.t79.w6">potem</event>
			<event start="Artur-N-G5025-P600021.t79.w6" end="Artur-N-G5025-P600021.t79.w7">sem</event>
			<event start="Artur-N-G5025-P600021.t79.w7" end="Artur-N-G5025-P600021.t80">odpotovala</event>
			<event start="Artur-N-G5025-P600021.t80.w0" end="Artur-N-G5025-P600021.t80.w1">v</event>
			<event start="Artur-N-G5025-P600021.t80.w1" end="Artur-N-G5025-P600021.t80.w2">Konstanz</event>
			<event start="Artur-N-G5025-P600021.t80.w2" end="Artur-N-G5025-P600021.t80.w3">v</event>
			<event start="Artur-N-G5025-P600021.t80.w3" end="Artur-N-G5025-P600021.t81">Nemčijo</event>
			<event start="Artur-N-G5025-P600021.t82.w0" end="Artur-N-G5025-P600021.t83">praktično</event>
			<event start="Artur-N-G5025-P600021.t83.w0" end="Artur-N-G5025-P600021.t83.w1">ne</event>
			<event start="Artur-N-G5025-P600021.t83.w1" end="Artur-N-G5025-P600021.t83.w2">bi</event>
			<event start="Artur-N-G5025-P600021.t83.w2" end="Artur-N-G5025-P600021.t83.w3">smela</event>
			<event start="Artur-N-G5025-P600021.t83.w3" end="Artur-N-G5025-P600021.t83.w4">iti</event>
			<event start="Artur-N-G5025-P600021.t83.w4" end="Artur-N-G5025-P600021.t83.w5">ker</event>
			<event start="Artur-N-G5025-P600021.t83.w5" end="Artur-N-G5025-P600021.t83.w6">nisəm</event>
			<event start="Artur-N-G5025-P600021.t83.w6" end="Artur-N-G5025-P600021.t84">mela</event>
			<event start="Artur-N-G5025-P600021.t84.w0" end="Artur-N-G5025-P600021.t84.w1">tiste</event>
			<event start="Artur-N-G5025-P600021.t84.w1" end="Artur-N-G5025-P600021.t84.w2">tranzitne</event>
			<event start="Artur-N-G5025-P600021.t84.w2" end="Artur-N-G5025-P600021.t85">vize</event>
			<event start="Artur-N-G5025-P600021.t85.w0" end="Artur-N-G5025-P600021.t85.w1">za</event>
			<event start="Artur-N-G5025-P600021.t85.w1" end="Artur-N-G5025-P600021.t86">Nemčijo</event>
			<event start="Artur-N-G5025-P600021.t86.w0" end="Artur-N-G5025-P600021.t86.w1">ampak</event>
			<event start="Artur-N-G5025-P600021.t86.w1" end="Artur-N-G5025-P600021.t86.w2">sem</event>
			<event start="Artur-N-G5025-P600021.t86.w2" end="Artur-N-G5025-P600021.t86.w3">si</event>
			<event start="Artur-N-G5025-P600021.t86.w3" end="Artur-N-G5025-P600021.t86.w4">misla</event>
			<event start="Artur-N-G5025-P600021.t86.w4" end="Artur-N-G5025-P600021.t86.w5">Nekak</event>
			<event start="Artur-N-G5025-P600021.t86.w5" end="Artur-N-G5025-P600021.t86.w6">že</event>
			<event start="Artur-N-G5025-P600021.t86.w6" end="Artur-N-G5025-P600021.t87">bo</event>
			<event start="Artur-N-G5025-P600021.t87.w0" end="Artur-N-G5025-P600021.t87.w1">Povedali</event>
			<event start="Artur-N-G5025-P600021.t87.w1" end="Artur-N-G5025-P600021.t87.w2">so</event>
			<event start="Artur-N-G5025-P600021.t87.w2" end="Artur-N-G5025-P600021.t87.w3">mi</event>
			<event start="Artur-N-G5025-P600021.t87.w3" end="Artur-N-G5025-P600021.t87.w4">da</event>
			<event start="Artur-N-G5025-P600021.t87.w4" end="Artur-N-G5025-P600021.t87.w5">nič</event>
			<event start="Artur-N-G5025-P600021.t87.w5" end="Artur-N-G5025-P600021.t87.w6">strašnega</event>
			<event start="Artur-N-G5025-P600021.t87.w6" end="Artur-N-G5025-P600021.t87.w7">si</event>
			<event start="Artur-N-G5025-P600021.t87.w7" end="Artur-N-G5025-P600021.t87.w8">me</event>
			<event start="Artur-N-G5025-P600021.t87.w8" end="Artur-N-G5025-P600021.t87.w9">eee</event>
			<event start="Artur-N-G5025-P600021.t87.w9" end="Artur-N-G5025-P600021.t87.w10">se</event>
			<event start="Artur-N-G5025-P600021.t87.w10" end="Artur-N-G5025-P600021.t87.w11">mi</event>
			<event start="Artur-N-G5025-P600021.t87.w11" end="Artur-N-G5025-P600021.t87.w12">ne</event>
			<event start="Artur-N-G5025-P600021.t87.w12" end="Artur-N-G5025-P600021.t87.w13">more</event>
			<event start="Artur-N-G5025-P600021.t87.w13" end="Artur-N-G5025-P600021.t88">zgoditi</event>
			<event start="Artur-N-G5025-P600021.t88.w0" end="Artur-N-G5025-P600021.t88.w1">da</event>
			<event start="Artur-N-G5025-P600021.t88.w1" end="Artur-N-G5025-P600021.t88.w2">me</event>
			<event start="Artur-N-G5025-P600021.t88.w2" end="Artur-N-G5025-P600021.t88.w3">enostavno</event>
			<event start="Artur-N-G5025-P600021.t88.w3" end="Artur-N-G5025-P600021.t89">lahko</event>
			<event start="Artur-N-G5025-P600021.t89.w0" end="Artur-N-G5025-P600021.t89.w1">policija</event>
			<event start="Artur-N-G5025-P600021.t89.w1" end="Artur-N-G5025-P600021.t90">odžene</event>
			<event start="Artur-N-G5025-P600021.t90.w0" end="Artur-N-G5025-P600021.t90.w1">me</event>
			<event start="Artur-N-G5025-P600021.t90.w1" end="Artur-N-G5025-P600021.t91">dajo</event>
			<event start="Artur-N-G5025-P600021.t91.w0" end="Artur-N-G5025-P600021.t91.w1">v</event>
			<event start="Artur-N-G5025-P600021.t91.w1" end="Artur-N-G5025-P600021.t92">zapor</event>
			<event start="Artur-N-G5025-P600021.t92.w0" end="Artur-N-G5025-P600021.t92.w1">me</event>
			<event start="Artur-N-G5025-P600021.t92.w1" end="Artur-N-G5025-P600021.t92.w2">ambasada</event>
			<event start="Artur-N-G5025-P600021.t92.w2" end="Artur-N-G5025-P600021.t92.w3">zaščiti</event>
			<event start="Artur-N-G5025-P600021.t92.w3" end="Artur-N-G5025-P600021.t92.w4">in</event>
			<event start="Artur-N-G5025-P600021.t92.w4" end="Artur-N-G5025-P600021.t92.w5">me</event>
			<event start="Artur-N-G5025-P600021.t92.w5" end="Artur-N-G5025-P600021.t92.w6">pošljejo</event>
			<event start="Artur-N-G5025-P600021.t92.w6" end="Artur-N-G5025-P600021.t93">naprej</event>
			<event start="Artur-N-G5025-P600021.t93.w0" end="Artur-N-G5025-P600021.t93.w1">nič</event>
			<event start="Artur-N-G5025-P600021.t93.w1" end="Artur-N-G5025-P600021.t93.w2">od</event>
			<event start="Artur-N-G5025-P600021.t93.w2" end="Artur-N-G5025-P600021.t93.w3">tega</event>
			<event start="Artur-N-G5025-P600021.t93.w3" end="Artur-N-G5025-P600021.t93.w4">ni</event>
			<event start="Artur-N-G5025-P600021.t93.w4" end="Artur-N-G5025-P600021.t94">bilo</event>
			<event start="Artur-N-G5025-P600021.t94.w0" end="Artur-N-G5025-P600021.t94.w1">sem</event>
			<event start="Artur-N-G5025-P600021.t94.w1" end="Artur-N-G5025-P600021.t94.w2">prišla</event>
			<event start="Artur-N-G5025-P600021.t94.w2" end="Artur-N-G5025-P600021.t94.w3">v</event>
			<event start="Artur-N-G5025-P600021.t94.w3" end="Artur-N-G5025-P600021.t95">Nemčijo</event>
			<event start="Artur-N-G5025-P600021.t95.w0" end="Artur-N-G5025-P600021.t96">in</event>
			<event start="Artur-N-G5025-P600021.t96.w0" end="Artur-N-G5025-P600021.t96.w1">Joža</event>
			<event start="Artur-N-G5025-P600021.t96.w1" end="Artur-N-G5025-P600021.t96.w2">zaj</event>
			<event start="Artur-N-G5025-P600021.t96.w2" end="Artur-N-G5025-P600021.t96.w3">boš</event>
			<event start="Artur-N-G5025-P600021.t96.w3" end="Artur-N-G5025-P600021.t96.w4">pa</event>
			<event start="Artur-N-G5025-P600021.t96.w4" end="Artur-N-G5025-P600021.t96.w5">ti</event>
			<event start="Artur-N-G5025-P600021.t96.w5" end="Artur-N-G5025-P600021.t96.w6">povedala</event>
			<event start="Artur-N-G5025-P600021.t96.w6" end="Artur-N-G5025-P600021.t97">anekdoto</event>
			<event start="Artur-N-G5025-P600021.t97.w0" end="Artur-N-G5025-P600021.t97.w1">kako</event>
			<event start="Artur-N-G5025-P600021.t97.w1" end="Artur-N-G5025-P600021.t97.w2">je</event>
			<event start="Artur-N-G5025-P600021.t97.w2" end="Artur-N-G5025-P600021.t98">bilo</event>
			<event start="Artur-N-G5025-P600021.t98.w0" end="Artur-N-G5025-P600021.t99">najino</event>
			<event start="Artur-N-G5025-P600021.t98.w1" end="Artur-N-G5025-P600021.t98.w2">prvo</event>
			<event start="Artur-N-G5025-P600021.t98.w2" end="Artur-N-G5025-P600021.t100">srečanje</event>
			<event start="Artur-N-G5025-P600021.t100.w0" end="Artur-N-G5025-P600021.t100.w1">kdo</event>
			<event start="Artur-N-G5025-P600021.t100.w1" end="Artur-N-G5025-P600021.t100.w2">je</event>
			<event start="Artur-N-G5025-P600021.t100.w2" end="Artur-N-G5025-P600021.t100.w3">bil</event>
			<event start="Artur-N-G5025-P600021.t100.w3" end="Artur-N-G5025-P600021.t100.w4">ta</event>
			<event start="Artur-N-G5025-P600021.t100.w4" end="Artur-N-G5025-P600021.t101">zraven</event>
			<event start="Artur-N-G5025-P600021.t100.w5" end="Artur-N-G5025-P600021.t102">nje</event>
			<event start="Artur-N-G5025-P600021.t102.w0" end="Artur-N-G5025-P600021.t103">aha</event>
			<event start="Artur-N-G5025-P600021.t102.w1" end="Artur-N-G5025-P600021.t102.w2">njeni</event>
			<event start="Artur-N-G5025-P600021.t102.w2" end="Artur-N-G5025-P600021.t102.w3">mož</event>
			<event start="Artur-N-G5025-P600021.t102.w3" end="Artur-N-G5025-P600021.t102.w4">je</event>
			<event start="Artur-N-G5025-P600021.t102.w4" end="Artur-N-G5025-P600021.t104">bil</event>
			<event start="Artur-N-G5025-P600021.t104.w0" end="Artur-N-G5025-P600021.t105">no</event>
			<event start="Artur-N-G5025-P600021.t105.w0" end="Artur-N-G5025-P600021.t105.w1">eee</event>
			<event start="Artur-N-G5025-P600021.t105.w1" end="Artur-N-G5025-P600021.t105.w2">najbolj</event>
			<event start="Artur-N-G5025-P600021.t105.w2" end="Artur-N-G5025-P600021.t105.w3">je</event>
			<event start="Artur-N-G5025-P600021.t105.w3" end="Artur-N-G5025-P600021.t105.w4">blo</event>
			<event start="Artur-N-G5025-P600021.t105.w4" end="Artur-N-G5025-P600021.t105.w5">f</event>
			<event start="Artur-N-G5025-P600021.t105.w5" end="Artur-N-G5025-P600021.t106">tem</event>
			<event start="Artur-N-G5025-P600021.t106.w0" end="Artur-N-G5025-P600021.t107">eee</event>
			<event start="Artur-N-G5025-P600021.t107.w0" end="Artur-N-G5025-P600021.t107.w1">Joža</event>
			<event start="Artur-N-G5025-P600021.t107.w1" end="Artur-N-G5025-P600021.t107.w2">ni</event>
			<event start="Artur-N-G5025-P600021.t107.w2" end="Artur-N-G5025-P600021.t107.w3">spoznala</event>
			<event start="Artur-N-G5025-P600021.t107.w3" end="Artur-N-G5025-P600021.t108">mene</event>
			<event start="Artur-N-G5025-P600021.t108.w0" end="Artur-N-G5025-P600021.t108.w1">vidla</event>
			<event start="Artur-N-G5025-P600021.t108.w1" end="Artur-N-G5025-P600021.t108.w2">je</event>
			<event start="Artur-N-G5025-P600021.t108.w2" end="Artur-N-G5025-P600021.t108.w3">pa</event>
			<event start="Artur-N-G5025-P600021.t108.w3" end="Artur-N-G5025-P600021.t108.w4">ka</event>
			<event start="Artur-N-G5025-P600021.t108.w4" end="Artur-N-G5025-P600021.t108.w5">nekdo</event>
			<event start="Artur-N-G5025-P600021.t108.w5" end="Artur-N-G5025-P600021.t108.w6">z</event>
			<event start="Artur-N-G5025-P600021.t108.w6" end="Artur-N-G5025-P600021.t109">možen</event>
			<event start="Artur-N-G5025-P600021.t109.w0" end="Artur-N-G5025-P600021.t110">gre</event>
			<event start="Artur-N-G5025-P600021.t110.w0" end="Artur-N-G5025-P600021.t111">in</event>
			<event start="Artur-N-G5025-P600021.t111.w0" end="Artur-N-G5025-P600021.t111.w1">namesto</event>
			<event start="Artur-N-G5025-P600021.t111.w1" end="Artur-N-G5025-P600021.t111.w2">ka</event>
			<event start="Artur-N-G5025-P600021.t111.w2" end="Artur-N-G5025-P600021.t111.w3">bi</event>
			<event start="Artur-N-G5025-P600021.t111.w3" end="Artur-N-G5025-P600021.t111.w4">se</event>
			<event start="Artur-N-G5025-P600021.t111.w4" end="Artur-N-G5025-P600021.t111.w5">ustavila</event>
			<event start="Artur-N-G5025-P600021.t111.w5" end="Artur-N-G5025-P600021.t111.w6">da</event>
			<event start="Artur-N-G5025-P600021.t111.w6" end="Artur-N-G5025-P600021.t111.w7">bi</event>
			<event start="Artur-N-G5025-P600021.t111.w7" end="Artur-N-G5025-P600021.t111.w8">fprašala</event>
			<event start="Artur-N-G5025-P600021.t111.w8" end="Artur-N-G5025-P600021.t111.w9">kdo</event>
			<event start="Artur-N-G5025-P600021.t111.w9" end="Artur-N-G5025-P600021.t111.w10">je</event>
			<event start="Artur-N-G5025-P600021.t111.w10" end="Artur-N-G5025-P600021.t111.w11">ka</event>
			<event start="Artur-N-G5025-P600021.t111.w11" end="Artur-N-G5025-P600021.t112">je</event>
			<event start="Artur-N-G5025-P600021.t112.w0" end="Artur-N-G5025-P600021.t112.w1">ona</event>
			<event start="Artur-N-G5025-P600021.t112.w1" end="Artur-N-G5025-P600021.t112.w2">kər</event>
			<event start="Artur-N-G5025-P600021.t112.w2" end="Artur-N-G5025-P600021.t112.w3">mimo</event>
			<event start="Artur-N-G5025-P600021.t112.w3" end="Artur-N-G5025-P600021.t113">mimo</event>
			<event start="Artur-N-G5025-P600021.t113.w0" end="Artur-N-G5025-P600021.t113.w1">in</event>
			<event start="Artur-N-G5025-P600021.t113.w1" end="Artur-N-G5025-P600021.t113.w2">ju</event>
			<event start="Artur-N-G5025-P600021.t113.w2" end="Artur-N-G5025-P600021.t113.w3">jəz</event>
			<event start="Artur-N-G5025-P600021.t113.w3" end="Artur-N-G5025-P600021.t113.w4">potem</event>
			<event start="Artur-N-G5025-P600021.t113.w4" end="Artur-N-G5025-P600021.t114">pokličem</event>
			<event start="Artur-N-G5025-P600021.t114.w0" end="Artur-N-G5025-P600021.t114.w1">pa</event>
			<event start="Artur-N-G5025-P600021.t114.w1" end="Artur-N-G5025-P600021.t114.w2">Joža</event>
			<event start="Artur-N-G5025-P600021.t114.w2" end="Artur-N-G5025-P600021.t114.w3">pa</event>
			<event start="Artur-N-G5025-P600021.t114.w3" end="Artur-N-G5025-P600021.t114.w4">če</event>
			<event start="Artur-N-G5025-P600021.t114.w4" end="Artur-N-G5025-P600021.t114.w5">bi</event>
			<event start="Artur-N-G5025-P600021.t114.w5" end="Artur-N-G5025-P600021.t114.w6">zaj</event>
			<event start="Artur-N-G5025-P600021.t114.w6" end="Artur-N-G5025-P600021.t114.w7">tvoj</event>
			<event start="Artur-N-G5025-P600021.t114.w7" end="Artur-N-G5025-P600021.t114.w8">mož</event>
			<event start="Artur-N-G5025-P600021.t114.w8" end="Artur-N-G5025-P600021.t114.w9">z</event>
			<event start="Artur-N-G5025-P600021.t114.w9" end="Artur-N-G5025-P600021.t114.w10">neko</event>
			<event start="Artur-N-G5025-P600021.t114.w10" end="Artur-N-G5025-P600021.t114.w11">tu</event>
			<event start="Artur-N-G5025-P600021.t114.w11" end="Artur-N-G5025-P600021.t114.w12">drugo</event>
			<event start="Artur-N-G5025-P600021.t114.w12" end="Artur-N-G5025-P600021.t114.w13">žensko</event>
			<event start="Artur-N-G5025-P600021.t114.w13" end="Artur-N-G5025-P600021.t114.w14">hodo</event>
			<event start="Artur-N-G5025-P600021.t114.w14" end="Artur-N-G5025-P600021.t114.w15">pa</event>
			<event start="Artur-N-G5025-P600021.t114.w15" end="Artur-N-G5025-P600021.t114.w16">ti</event>
			<event start="Artur-N-G5025-P600021.t114.w16" end="Artur-N-G5025-P600021.t114.w17">bi</event>
			<event start="Artur-N-G5025-P600021.t114.w17" end="Artur-N-G5025-P600021.t114.w18">samo</event>
			<event start="Artur-N-G5025-P600021.t114.w18" end="Artur-N-G5025-P600021.t114.w19">šla</event>
			<event start="Artur-N-G5025-P600021.t114.w19" end="Artur-N-G5025-P600021.t115">mimo</event>
			<event start="Artur-N-G5025-P600021.t115.w0" end="Artur-N-G5025-P600021.t115.w1">in</event>
			<event start="Artur-N-G5025-P600021.t115.w1" end="Artur-N-G5025-P600021.t115.w2">potem</event>
			<event start="Artur-N-G5025-P600021.t115.w2" end="Artur-N-G5025-P600021.t115.w3">smo</event>
			<event start="Artur-N-G5025-P600021.t115.w3" end="Artur-N-G5025-P600021.t115.w4">se</event>
			<event start="Artur-N-G5025-P600021.t115.w4" end="Artur-N-G5025-P600021.t115.w5">s</event>
			<event start="Artur-N-G5025-P600021.t115.w5" end="Artur-N-G5025-P600021.t115.w6">tistega</event>
			<event start="Artur-N-G5025-P600021.t115.w6" end="Artur-N-G5025-P600021.t115.w7">tolko</event>
			<event start="Artur-N-G5025-P600021.t115.w7" end="Artur-N-G5025-P600021.t116">smejali</event>
			<event start="Artur-N-G5025-P600021.t116.w0" end="Artur-N-G5025-P600021.t116.w1">mmm</event>
			<event start="Artur-N-G5025-P600021.t116.w1" end="Artur-N-G5025-P600021.t117">da</event>
			<event start="Artur-N-G5025-P600021.t117.w0" end="Artur-N-G5025-P600021.t117.w1">je</event>
			<event start="Artur-N-G5025-P600021.t117.w1" end="Artur-N-G5025-P600021.t117.w2">takšna</event>
			<event start="Artur-N-G5025-P600021.t117.w2" end="Artur-N-G5025-P600021.t117.w3">hecna</event>
			<event start="Artur-N-G5025-P600021.t117.w3" end="Artur-N-G5025-P600021.t117.w4">situacija</event>
			<event start="Artur-N-G5025-P600021.t117.w4" end="Artur-N-G5025-P600021.t117.w5">to</event>
			<event start="Artur-N-G5025-P600021.t117.w5" end="Artur-N-G5025-P600021.t118">bila</event>
			<event start="Artur-N-G5025-P600021.t118.w0" end="Artur-N-G5025-P600021.t119">nej</event>
			<event start="Artur-N-G5025-P600021.t119.w0" end="Artur-N-G5025-P600021.t121">ja</event>
		</tier>
		<tier id="1" category="v" speaker="Artur-N-G5025" type="t" display-name="Artur-N-G5025">
			<event start="Artur-N-G5025-P600021.t1.w0" end="Artur-N-G5025-P600021.t1.w1">jožica</event>
			<event start="Artur-N-G5025-P600021.t1.w1" end="Artur-N-G5025-P600021.t1.w2">iz</event>
			<event start="Artur-N-G5025-P600021.t1.w2" end="Artur-N-G5025-P600021.t1.w3">katere</event>
			<event start="Artur-N-G5025-P600021.t1.w3" end="Artur-N-G5025-P600021.t1.w4">vasi</event>
			<event start="Artur-N-G5025-P600021.t1.w4" end="Artur-N-G5025-P600021.t1.w5">si</event>
			<event start="Artur-N-G5025-P600021.t1.w5" end="Artur-N-G5025-P600021.t1.w6">ti</event>
			<event start="Artur-N-G5025-P600021.t1.w6" end="Artur-N-G5025-P600021.t2">doma</event>
			<event start="Artur-N-G5025-P600021.t3.w0" end="Artur-N-G5025-P600021.t4">eee</event>
			<event start="Artur-N-G5025-P600021.t4.w0" end="Artur-N-G5025-P600021.t4.w1">kje</event>
			<event start="Artur-N-G5025-P600021.t4.w1" end="Artur-N-G5025-P600021.t4.w2">si</event>
			<event start="Artur-N-G5025-P600021.t4.w2" end="Artur-N-G5025-P600021.t4.w3">pa</event>
			<event start="Artur-N-G5025-P600021.t4.w3" end="Artur-N-G5025-P600021.t4.w4">hodila</event>
			<event start="Artur-N-G5025-P600021.t4.w4" end="Artur-N-G5025-P600021.t4.w5">v</event>
			<event start="Artur-N-G5025-P600021.t4.w5" end="Artur-N-G5025-P600021.t5">šolo</event>
			<event start="Artur-N-G5025-P600021.t6.w0" end="Artur-N-G5025-P600021.t6.w1">kakšno</event>
			<event start="Artur-N-G5025-P600021.t6.w1" end="Artur-N-G5025-P600021.t6.w2">šolo</event>
			<event start="Artur-N-G5025-P600021.t6.w2" end="Artur-N-G5025-P600021.t6.w3">ste</event>
			<event start="Artur-N-G5025-P600021.t6.w3" end="Artur-N-G5025-P600021.t6.w4">pa</event>
			<event start="Artur-N-G5025-P600021.t6.w4" end="Artur-N-G5025-P600021.t6.w5">vi</event>
			<event start="Artur-N-G5025-P600021.t6.w5" end="Artur-N-G5025-P600021.t7">imeli</event>
			<event start="Artur-N-G5025-P600021.t8.w0" end="Artur-N-G5025-P600021.t8.w1">nova</event>
			<event start="Artur-N-G5025-P600021.t8.w1" end="Artur-N-G5025-P600021.t8.w2">šola</event>
			<event start="Artur-N-G5025-P600021.t8.w2" end="Artur-N-G5025-P600021.t8.w3">je</event>
			<event start="Artur-N-G5025-P600021.t8.w3" end="Artur-N-G5025-P600021.t8.w4">pa</event>
			<event start="Artur-N-G5025-P600021.t8.w4" end="Artur-N-G5025-P600021.t9">zgraje…</event>
			<event start="Artur-N-G5025-P600021.t10.w0" end="Artur-N-G5025-P600021.t11">Mhm</event>
			<event start="Artur-N-G5025-P600021.t11.w0" end="Artur-N-G5025-P600021.t11.w1">eee</event>
			<event start="Artur-N-G5025-P600021.t11.w1" end="Artur-N-G5025-P600021.t11.w2">po</event>
			<event start="Artur-N-G5025-P600021.t11.w2" end="Artur-N-G5025-P600021.t11.w3">osnovni</event>
			<event start="Artur-N-G5025-P600021.t11.w3" end="Artur-N-G5025-P600021.t12">šoli</event>
			<event start="Artur-N-G5025-P600021.t13.w0" end="Artur-N-G5025-P600021.t13.w1">v</event>
			<event start="Artur-N-G5025-P600021.t13.w1" end="Artur-N-G5025-P600021.t13.w2">tovarni</event>
			<event start="Artur-N-G5025-P600021.t13.w2" end="Artur-N-G5025-P600021.t13.w3">si</event>
			<event start="Artur-N-G5025-P600021.t13.w3" end="Artur-N-G5025-P600021.t14">šivala</event>
			<event start="Artur-N-G5025-P600021.t14.w0" end="Artur-N-G5025-P600021.t14.w1">ali</event>
			<event start="Artur-N-G5025-P600021.t14.w1" end="Artur-N-G5025-P600021.t14.w2">si</event>
			<event start="Artur-N-G5025-P600021.t14.w2" end="Artur-N-G5025-P600021.t15">imela</event>
			<event start="Artur-N-G5025-P600021.t16.w0" end="Artur-N-G5025-P600021.t17">Aha</event>
			<event start="Artur-N-G5025-P600021.t17.w0" end="Artur-N-G5025-P600021.t18">eee</event>
			<event start="Artur-N-G5025-P600021.t18.w0" end="Artur-N-G5025-P600021.t18.w1">koliko</event>
			<event start="Artur-N-G5025-P600021.t18.w1" end="Artur-N-G5025-P600021.t18.w2">let</event>
			<event start="Artur-N-G5025-P600021.t18.w2" end="Artur-N-G5025-P600021.t18.w3">si</event>
			<event start="Artur-N-G5025-P600021.t18.w3" end="Artur-N-G5025-P600021.t18.w4">delala</event>
			<event start="Artur-N-G5025-P600021.t18.w4" end="Artur-N-G5025-P600021.t19">v</event>
			<event start="Artur-N-G5025-P600021.t18.w5" end="Artur-N-G5025-P600021.t20">Muri</event>
			<event start="Artur-N-G5025-P600021.t20.w0" end="Artur-N-G5025-P600021.t21">približno</event>
			<event start="Artur-N-G5025-P600021.t22.w0" end="Artur-N-G5025-P600021.t23">eee</event>
			<event start="Artur-N-G5025-P600021.t23.w0" end="Artur-N-G5025-P600021.t23.w1">m…</event>
			<event start="Artur-N-G5025-P600021.t23.w1" end="Artur-N-G5025-P600021.t24">v</event>
			<event start="Artur-N-G5025-P600021.t24.w0" end="Artur-N-G5025-P600021.t24.w1">določenem</event>
			<event start="Artur-N-G5025-P600021.t24.w1" end="Artur-N-G5025-P600021.t24.w2">času</event>
			<event start="Artur-N-G5025-P600021.t24.w2" end="Artur-N-G5025-P600021.t24.w3">si</event>
			<event start="Artur-N-G5025-P600021.t24.w3" end="Artur-N-G5025-P600021.t25">pa</event>
			<event start="Artur-N-G5025-P600021.t25.w0" end="Artur-N-G5025-P600021.t26">bila</event>
			<event start="Artur-N-G5025-P600021.t25.w1" end="Artur-N-G5025-P600021.t27">tudi</event>
			<event start="Artur-N-G5025-P600021.t27.w0" end="Artur-N-G5025-P600021.t27.w1">točno</event>
			<event start="Artur-N-G5025-P600021.t27.w1" end="Artur-N-G5025-P600021.t27.w2">v</event>
			<event start="Artur-N-G5025-P600021.t27.w2" end="Artur-N-G5025-P600021.t27.w3">Nemčiji</event>
			<event start="Artur-N-G5025-P600021.t27.w3" end="Artur-N-G5025-P600021.t27.w4">v</event>
			<event start="Artur-N-G5025-P600021.t27.w4" end="Artur-N-G5025-P600021.t27.w5">katerem</event>
			<event start="Artur-N-G5025-P600021.t27.w5" end="Artur-N-G5025-P600021.t28">mestu</event>
			<event start="Artur-N-G5025-P600021.t29.w0" end="Artur-N-G5025-P600021.t29.w1">ti</event>
			<event start="Artur-N-G5025-P600021.t29.w1" end="Artur-N-G5025-P600021.t29.w2">si</event>
			<event start="Artur-N-G5025-P600021.t29.w2" end="Artur-N-G5025-P600021.t29.w3">pa</event>
			<event start="Artur-N-G5025-P600021.t29.w3" end="Artur-N-G5025-P600021.t30">delala</event>
			<event start="Artur-N-G5025-P600021.t31.w0" end="Artur-N-G5025-P600021.t31.w1">in</event>
			<event start="Artur-N-G5025-P600021.t31.w1" end="Artur-N-G5025-P600021.t32">sicer</event>
			<event start="Artur-N-G5025-P600021.t32.w0" end="Artur-N-G5025-P600021.t32.w1">v</event>
			<event start="Artur-N-G5025-P600021.t32.w1" end="Artur-N-G5025-P600021.t32.w2">Nemčiji</event>
			<event start="Artur-N-G5025-P600021.t32.w2" end="Artur-N-G5025-P600021.t33">ali</event>
			<event start="Artur-N-G5025-P600021.t34.w0" end="Artur-N-G5025-P600021.t34.w1">kaj</event>
			<event start="Artur-N-G5025-P600021.t34.w1" end="Artur-N-G5025-P600021.t34.w2">pa</event>
			<event start="Artur-N-G5025-P600021.t34.w2" end="Artur-N-G5025-P600021.t35">pozneje</event>
			<event start="Artur-N-G5025-P600021.t36.w0" end="Artur-N-G5025-P600021.t36.w1">v</event>
			<event start="Artur-N-G5025-P600021.t36.w1" end="Artur-N-G5025-P600021.t38">Švici</event>
			<event start="Artur-N-G5025-P600021.t38.w0" end="Artur-N-G5025-P600021.t38.w1">no</event>
			<event start="Artur-N-G5025-P600021.t38.w1" end="Artur-N-G5025-P600021.t38.w2">kje</event>
			<event start="Artur-N-G5025-P600021.t38.w2" end="Artur-N-G5025-P600021.t38.w3">je</event>
			<event start="Artur-N-G5025-P600021.t38.w3" end="Artur-N-G5025-P600021.t38.w4">bilo</event>
			<event start="Artur-N-G5025-P600021.t38.w4" end="Artur-N-G5025-P600021.t39">boljše</event>
			<event start="Artur-N-G5025-P600021.t39.w0" end="Artur-N-G5025-P600021.t39.w1">v</event>
			<event start="Artur-N-G5025-P600021.t39.w1" end="Artur-N-G5025-P600021.t40">Švici</event>
			<event start="Artur-N-G5025-P600021.t40.w0" end="Artur-N-G5025-P600021.t41">ali</event>
			<event start="Artur-N-G5025-P600021.t41.w0" end="Artur-N-G5025-P600021.t42">vseeno</event>
			<event start="Artur-N-G5025-P600021.t43.w0" end="Artur-N-G5025-P600021.t45">vseeno</event>
			<event start="Artur-N-G5025-P600021.t45.w0" end="Artur-N-G5025-P600021.t45.w1">mož</event>
			<event start="Artur-N-G5025-P600021.t45.w1" end="Artur-N-G5025-P600021.t45.w2">je</event>
			<event start="Artur-N-G5025-P600021.t45.w2" end="Artur-N-G5025-P600021.t45.w3">bil</event>
			<event start="Artur-N-G5025-P600021.t45.w3" end="Artur-N-G5025-P600021.t46">tudi</event>
			<event start="Artur-N-G5025-P600021.t46.w0" end="Artur-N-G5025-P600021.t47">zraven</event>
			<event start="Artur-N-G5025-P600021.t48.w0" end="Artur-N-G5025-P600021.t48.w1">s</event>
			<event start="Artur-N-G5025-P600021.t48.w1" end="Artur-N-G5025-P600021.t48.w2">kim</event>
			<event start="Artur-N-G5025-P600021.t48.w2" end="Artur-N-G5025-P600021.t48.w3">eee</event>
			<event start="Artur-N-G5025-P600021.t48.w3" end="Artur-N-G5025-P600021.t48.w4">z</event>
			<event start="Artur-N-G5025-P600021.t48.w4" end="Artur-N-G5025-P600021.t48.w5">b…</event>
			<event start="Artur-N-G5025-P600021.t48.w5" end="Artur-N-G5025-P600021.t48.w6">eee</event>
			<event start="Artur-N-G5025-P600021.t48.w6" end="Artur-N-G5025-P600021.t48.w7">z</event>
			<event start="Artur-N-G5025-P600021.t48.w7" end="Artur-N-G5025-P600021.t49">bagrom</event>
			<event start="Artur-N-G5025-P600021.t50.w0" end="Artur-N-G5025-P600021.t50.w1">ja</event>
			<event start="Artur-N-G5025-P600021.t50.w1" end="Artur-N-G5025-P600021.t50.w2">z</event>
			<event start="Artur-N-G5025-P600021.t50.w2" end="Artur-N-G5025-P600021.t50.w3">bagrom</event>
			<event start="Artur-N-G5025-P600021.t50.w3" end="Artur-N-G5025-P600021.t50.w4">je</event>
			<event start="Artur-N-G5025-P600021.t50.w4" end="Artur-N-G5025-P600021.t51">delal</event>
			<event start="Artur-N-G5025-P600021.t51.w0" end="Artur-N-G5025-P600021.t51.w1">ja</event>
			<event start="Artur-N-G5025-P600021.t51.w1" end="Artur-N-G5025-P600021.t51.w2">njem</event>
			<event start="Artur-N-G5025-P600021.t51.w2" end="Artur-N-G5025-P600021.t51.w3">je</event>
			<event start="Artur-N-G5025-P600021.t51.w3" end="Artur-N-G5025-P600021.t51.w4">bilo</event>
			<event start="Artur-N-G5025-P600021.t51.w4" end="Artur-N-G5025-P600021.t52">lažje</event>
			<event start="Artur-N-G5025-P600021.t52.w0" end="Artur-N-G5025-P600021.t52.w1">ker</event>
			<event start="Artur-N-G5025-P600021.t52.w1" end="Artur-N-G5025-P600021.t52.w2">je</event>
			<event start="Artur-N-G5025-P600021.t52.w2" end="Artur-N-G5025-P600021.t52.w3">z</event>
			<event start="Artur-N-G5025-P600021.t52.w3" end="Artur-N-G5025-P600021.t52.w4">njim</event>
			<event start="Artur-N-G5025-P600021.t52.w4" end="Artur-N-G5025-P600021.t52.w5">bil</event>
			<event start="Artur-N-G5025-P600021.t52.w5" end="Artur-N-G5025-P600021.t52.w6">še</event>
			<event start="Artur-N-G5025-P600021.t52.w6" end="Artur-N-G5025-P600021.t52.w7">tudi</event>
			<event start="Artur-N-G5025-P600021.t52.w7" end="Artur-N-G5025-P600021.t53">brat</event>
			<event start="Artur-N-G5025-P600021.t54.w0" end="Artur-N-G5025-P600021.t55">oto</event>
			<event start="Artur-N-G5025-P600021.t56.w0" end="Artur-N-G5025-P600021.t56.w1">pa</event>
			<event start="Artur-N-G5025-P600021.t56.w1" end="Artur-N-G5025-P600021.t56.w2">še</event>
			<event start="Artur-N-G5025-P600021.t56.w2" end="Artur-N-G5025-P600021.t56.w3">en</event>
			<event start="Artur-N-G5025-P600021.t56.w3" end="Artur-N-G5025-P600021.t57">brat</event>
			<event start="Artur-N-G5025-P600021.t58.w0" end="Artur-N-G5025-P600021.t58.w1">feri</event>
			<event start="Artur-N-G5025-P600021.t58.w1" end="Artur-N-G5025-P600021.t58.w2">ne</event>
			<event start="Artur-N-G5025-P600021.t58.w2" end="Artur-N-G5025-P600021.t58.w3">pa</event>
			<event start="Artur-N-G5025-P600021.t58.w3" end="Artur-N-G5025-P600021.t58.w4">Fer…</event>
			<event start="Artur-N-G5025-P600021.t58.w4" end="Artur-N-G5025-P600021.t58.w5">brat</event>
			<event start="Artur-N-G5025-P600021.t58.w5" end="Artur-N-G5025-P600021.t58.w6">tako</event>
			<event start="Artur-N-G5025-P600021.t58.w6" end="Artur-N-G5025-P600021.t58.w7">so</event>
			<event start="Artur-N-G5025-P600021.t58.w7" end="Artur-N-G5025-P600021.t58.w8">trije</event>
			<event start="Artur-N-G5025-P600021.t58.w8" end="Artur-N-G5025-P600021.t59">bratje</event>
			<event start="Artur-N-G5025-P600021.t60.w0" end="Artur-N-G5025-P600021.t60.w1">skupaj</event>
			<event start="Artur-N-G5025-P600021.t60.w1" end="Artur-N-G5025-P600021.t60.w2">so</event>
			<event start="Artur-N-G5025-P600021.t60.w2" end="Artur-N-G5025-P600021.t60.w3">delali</event>
			<event start="Artur-N-G5025-P600021.t60.w3" end="Artur-N-G5025-P600021.t61">tam</event>
			<event start="Artur-N-G5025-P600021.t62.w0" end="Artur-N-G5025-P600021.t62.w1">no</event>
			<event start="Artur-N-G5025-P600021.t62.w1" end="Artur-N-G5025-P600021.t63">eee</event>
			<event start="Artur-N-G5025-P600021.t63.w0" end="Artur-N-G5025-P600021.t63.w1">enkrat</event>
			<event start="Artur-N-G5025-P600021.t63.w1" end="Artur-N-G5025-P600021.t63.w2">sem</event>
			<event start="Artur-N-G5025-P600021.t63.w2" end="Artur-N-G5025-P600021.t63.w3">prišla</event>
			<event start="Artur-N-G5025-P600021.t63.w3" end="Artur-N-G5025-P600021.t63.w4">jaz</event>
			<event start="Artur-N-G5025-P600021.t63.w4" end="Artur-N-G5025-P600021.t63.w5">tudi</event>
			<event start="Artur-N-G5025-P600021.t63.w5" end="Artur-N-G5025-P600021.t63.w6">v</event>
			<event start="Artur-N-G5025-P600021.t63.w6" end="Artur-N-G5025-P600021.t63.w7">Nemčijo</event>
			<event start="Artur-N-G5025-P600021.t63.w7" end="Artur-N-G5025-P600021.t63.w8">na</event>
			<event start="Artur-N-G5025-P600021.t63.w8" end="Artur-N-G5025-P600021.t64">obisk</event>
			<event start="Artur-N-G5025-P600021.t63.w9" end="Artur-N-G5025-P600021.t66">ne</event>
			<event start="Artur-N-G5025-P600021.t66.w0" end="Artur-N-G5025-P600021.t66.w1">takrat</event>
			<event start="Artur-N-G5025-P600021.t66.w1" end="Artur-N-G5025-P600021.t66.w2">sem</event>
			<event start="Artur-N-G5025-P600021.t66.w2" end="Artur-N-G5025-P600021.t66.w3">hodila</event>
			<event start="Artur-N-G5025-P600021.t66.w3" end="Artur-N-G5025-P600021.t66.w4">na</event>
			<event start="Artur-N-G5025-P600021.t66.w4" end="Artur-N-G5025-P600021.t67">učiteljišče</event>
			<event start="Artur-N-G5025-P600021.t67.w0" end="Artur-N-G5025-P600021.t68">in</event>
			<event start="Artur-N-G5025-P600021.t68.w0" end="Artur-N-G5025-P600021.t68.w1">konec</event>
			<event start="Artur-N-G5025-P600021.t68.w1" end="Artur-N-G5025-P600021.t68.w2">četrtega</event>
			<event start="Artur-N-G5025-P600021.t68.w2" end="Artur-N-G5025-P600021.t68.w3">razle…</event>
			<event start="Artur-N-G5025-P600021.t68.w3" end="Artur-N-G5025-P600021.t68.w4">eee</event>
			<event start="Artur-N-G5025-P600021.t68.w4" end="Artur-N-G5025-P600021.t69">letnika</event>
			<event start="Artur-N-G5025-P600021.t69.w0" end="Artur-N-G5025-P600021.t69.w1">sem</event>
			<event start="Artur-N-G5025-P600021.t69.w1" end="Artur-N-G5025-P600021.t69.w2">preko</event>
			<event start="Artur-N-G5025-P600021.t69.w2" end="Artur-N-G5025-P600021.t70">študentskega</event>
			<event start="Artur-N-G5025-P600021.t70.w0" end="Artur-N-G5025-P600021.t70.w1">nekega</event>
			<event start="Artur-N-G5025-P600021.t70.w1" end="Artur-N-G5025-P600021.t71">razpisa</event>
			<event start="Artur-N-G5025-P600021.t71.w0" end="Artur-N-G5025-P600021.t71.w1">se</event>
			<event start="Artur-N-G5025-P600021.t71.w1" end="Artur-N-G5025-P600021.t71.w2">javila</event>
			<event start="Artur-N-G5025-P600021.t71.w2" end="Artur-N-G5025-P600021.t71.w3">pa</event>
			<event start="Artur-N-G5025-P600021.t71.w3" end="Artur-N-G5025-P600021.t71.w4">sem</event>
			<event start="Artur-N-G5025-P600021.t71.w4" end="Artur-N-G5025-P600021.t71.w5">šla</event>
			<event start="Artur-N-G5025-P600021.t71.w5" end="Artur-N-G5025-P600021.t71.w6">v</event>
			<event start="Artur-N-G5025-P600021.t71.w6" end="Artur-N-G5025-P600021.t72">Anglijo</event>
			<event start="Artur-N-G5025-P600021.t72.w0" end="Artur-N-G5025-P600021.t73">delat</event>
			<event start="Artur-N-G5025-P600021.t73.w0" end="Artur-N-G5025-P600021.t73.w1">delala</event>
			<event start="Artur-N-G5025-P600021.t73.w1" end="Artur-N-G5025-P600021.t73.w2">sem</event>
			<event start="Artur-N-G5025-P600021.t73.w2" end="Artur-N-G5025-P600021.t73.w3">v</event>
			<event start="Artur-N-G5025-P600021.t73.w3" end="Artur-N-G5025-P600021.t74">neki</event>
			<event start="Artur-N-G5025-P600021.t74.w0" end="Artur-N-G5025-P600021.t74.w1">restavraciji</event>
			<event start="Artur-N-G5025-P600021.t74.w1" end="Artur-N-G5025-P600021.t74.w2">na</event>
			<event start="Artur-N-G5025-P600021.t74.w2" end="Artur-N-G5025-P600021.t75">železniški</event>
			<event start="Artur-N-G5025-P600021.t75.w0" end="Artur-N-G5025-P600021.t76">postaji</event>
			<event start="Artur-N-G5025-P600021.t76.w0" end="Artur-N-G5025-P600021.t76.w1">en</event>
			<event start="Artur-N-G5025-P600021.t76.w1" end="Artur-N-G5025-P600021.t76.w2">mesec</event>
			<event start="Artur-N-G5025-P600021.t76.w2" end="Artur-N-G5025-P600021.t76.w3">dva</event>
			<event start="Artur-N-G5025-P600021.t76.w3" end="Artur-N-G5025-P600021.t76.w4">meseca</event>
			<event start="Artur-N-G5025-P600021.t76.w4" end="Artur-N-G5025-P600021.t76.w5">bi</event>
			<event start="Artur-N-G5025-P600021.t76.w5" end="Artur-N-G5025-P600021.t76.w6">morala</event>
			<event start="Artur-N-G5025-P600021.t76.w6" end="Artur-N-G5025-P600021.t76.w7">ostati</event>
			<event start="Artur-N-G5025-P600021.t76.w7" end="Artur-N-G5025-P600021.t76.w8">pa</event>
			<event start="Artur-N-G5025-P600021.t76.w8" end="Artur-N-G5025-P600021.t76.w9">mi</event>
			<event start="Artur-N-G5025-P600021.t76.w9" end="Artur-N-G5025-P600021.t76.w10">ni</event>
			<event start="Artur-N-G5025-P600021.t76.w10" end="Artur-N-G5025-P600021.t76.w11">bilo</event>
			<event start="Artur-N-G5025-P600021.t76.w11" end="Artur-N-G5025-P600021.t77">všeč</event>
			<event start="Artur-N-G5025-P600021.t77.w0" end="Artur-N-G5025-P600021.t77.w1">takrat</event>
			<event start="Artur-N-G5025-P600021.t77.w1" end="Artur-N-G5025-P600021.t77.w2">se</event>
			<event start="Artur-N-G5025-P600021.t77.w2" end="Artur-N-G5025-P600021.t77.w3">je</event>
			<event start="Artur-N-G5025-P600021.t77.w3" end="Artur-N-G5025-P600021.t77.w4">nice</event>
			<event start="Artur-N-G5025-P600021.t77.w4" end="Artur-N-G5025-P600021.t78">eee</event>
			<event start="Artur-N-G5025-P600021.t78.w0" end="Artur-N-G5025-P600021.t78.w1">brat</event>
			<event start="Artur-N-G5025-P600021.t78.w1" end="Artur-N-G5025-P600021.t79">ponesrečil</event>
			<event start="Artur-N-G5025-P600021.t79.w0" end="Artur-N-G5025-P600021.t79.w1">zlomil</event>
			<event start="Artur-N-G5025-P600021.t79.w1" end="Artur-N-G5025-P600021.t79.w2">si</event>
			<event start="Artur-N-G5025-P600021.t79.w2" end="Artur-N-G5025-P600021.t79.w3">je</event>
			<event start="Artur-N-G5025-P600021.t79.w3" end="Artur-N-G5025-P600021.t79.w4">hrbtenico</event>
			<event start="Artur-N-G5025-P600021.t79.w4" end="Artur-N-G5025-P600021.t79.w5">in</event>
			<event start="Artur-N-G5025-P600021.t79.w5" end="Artur-N-G5025-P600021.t79.w6">potem</event>
			<event start="Artur-N-G5025-P600021.t79.w6" end="Artur-N-G5025-P600021.t79.w7">sem</event>
			<event start="Artur-N-G5025-P600021.t79.w7" end="Artur-N-G5025-P600021.t80">odpotovala</event>
			<event start="Artur-N-G5025-P600021.t80.w0" end="Artur-N-G5025-P600021.t80.w1">v</event>
			<event start="Artur-N-G5025-P600021.t80.w1" end="Artur-N-G5025-P600021.t80.w2">Konstanz</event>
			<event start="Artur-N-G5025-P600021.t80.w2" end="Artur-N-G5025-P600021.t80.w3">v</event>
			<event start="Artur-N-G5025-P600021.t80.w3" end="Artur-N-G5025-P600021.t81">Nemčijo</event>
			<event start="Artur-N-G5025-P600021.t82.w0" end="Artur-N-G5025-P600021.t83">praktično</event>
			<event start="Artur-N-G5025-P600021.t83.w0" end="Artur-N-G5025-P600021.t83.w1">ne</event>
			<event start="Artur-N-G5025-P600021.t83.w1" end="Artur-N-G5025-P600021.t83.w2">bi</event>
			<event start="Artur-N-G5025-P600021.t83.w2" end="Artur-N-G5025-P600021.t83.w3">smela</event>
			<event start="Artur-N-G5025-P600021.t83.w3" end="Artur-N-G5025-P600021.t83.w4">iti</event>
			<event start="Artur-N-G5025-P600021.t83.w4" end="Artur-N-G5025-P600021.t83.w5">ker</event>
			<event start="Artur-N-G5025-P600021.t83.w5" end="Artur-N-G5025-P600021.t83.w6">nisem</event>
			<event start="Artur-N-G5025-P600021.t83.w6" end="Artur-N-G5025-P600021.t84">imela</event>
			<event start="Artur-N-G5025-P600021.t84.w0" end="Artur-N-G5025-P600021.t84.w1">tiste</event>
			<event start="Artur-N-G5025-P600021.t84.w1" end="Artur-N-G5025-P600021.t84.w2">tranzitne</event>
			<event start="Artur-N-G5025-P600021.t84.w2" end="Artur-N-G5025-P600021.t85">vize</event>
			<event start="Artur-N-G5025-P600021.t85.w0" end="Artur-N-G5025-P600021.t85.w1">za</event>
			<event start="Artur-N-G5025-P600021.t85.w1" end="Artur-N-G5025-P600021.t86">Nemčijo</event>
			<event start="Artur-N-G5025-P600021.t86.w0" end="Artur-N-G5025-P600021.t86.w1">ampak</event>
			<event start="Artur-N-G5025-P600021.t86.w1" end="Artur-N-G5025-P600021.t86.w2">sem</event>
			<event start="Artur-N-G5025-P600021.t86.w2" end="Artur-N-G5025-P600021.t86.w3">si</event>
			<event start="Artur-N-G5025-P600021.t86.w3" end="Artur-N-G5025-P600021.t86.w4">mislila</event>
			<event start="Artur-N-G5025-P600021.t86.w4" end="Artur-N-G5025-P600021.t86.w5">Nekako</event>
			<event start="Artur-N-G5025-P600021.t86.w5" end="Artur-N-G5025-P600021.t86.w6">že</event>
			<event start="Artur-N-G5025-P600021.t86.w6" end="Artur-N-G5025-P600021.t87">bo</event>
			<event start="Artur-N-G5025-P600021.t87.w0" end="Artur-N-G5025-P600021.t87.w1">Povedali</event>
			<event start="Artur-N-G5025-P600021.t87.w1" end="Artur-N-G5025-P600021.t87.w2">so</event>
			<event start="Artur-N-G5025-P600021.t87.w2" end="Artur-N-G5025-P600021.t87.w3">mi</event>
			<event start="Artur-N-G5025-P600021.t87.w3" end="Artur-N-G5025-P600021.t87.w4">da</event>
			<event start="Artur-N-G5025-P600021.t87.w4" end="Artur-N-G5025-P600021.t87.w5">nič</event>
			<event start="Artur-N-G5025-P600021.t87.w5" end="Artur-N-G5025-P600021.t87.w6">strašnega</event>
			<event start="Artur-N-G5025-P600021.t87.w6" end="Artur-N-G5025-P600021.t87.w7">si</event>
			<event start="Artur-N-G5025-P600021.t87.w7" end="Artur-N-G5025-P600021.t87.w8">me</event>
			<event start="Artur-N-G5025-P600021.t87.w8" end="Artur-N-G5025-P600021.t87.w9">eee</event>
			<event start="Artur-N-G5025-P600021.t87.w9" end="Artur-N-G5025-P600021.t87.w10">se</event>
			<event start="Artur-N-G5025-P600021.t87.w10" end="Artur-N-G5025-P600021.t87.w11">mi</event>
			<event start="Artur-N-G5025-P600021.t87.w11" end="Artur-N-G5025-P600021.t87.w12">ne</event>
			<event start="Artur-N-G5025-P600021.t87.w12" end="Artur-N-G5025-P600021.t87.w13">more</event>
			<event start="Artur-N-G5025-P600021.t87.w13" end="Artur-N-G5025-P600021.t88">zgoditi</event>
			<event start="Artur-N-G5025-P600021.t88.w0" end="Artur-N-G5025-P600021.t88.w1">da</event>
			<event start="Artur-N-G5025-P600021.t88.w1" end="Artur-N-G5025-P600021.t88.w2">me</event>
			<event start="Artur-N-G5025-P600021.t88.w2" end="Artur-N-G5025-P600021.t88.w3">enostavno</event>
			<event start="Artur-N-G5025-P600021.t88.w3" end="Artur-N-G5025-P600021.t89">lahko</event>
			<event start="Artur-N-G5025-P600021.t89.w0" end="Artur-N-G5025-P600021.t89.w1">policija</event>
			<event start="Artur-N-G5025-P600021.t89.w1" end="Artur-N-G5025-P600021.t90">odžene</event>
			<event start="Artur-N-G5025-P600021.t90.w0" end="Artur-N-G5025-P600021.t90.w1">me</event>
			<event start="Artur-N-G5025-P600021.t90.w1" end="Artur-N-G5025-P600021.t91">dajo</event>
			<event start="Artur-N-G5025-P600021.t91.w0" end="Artur-N-G5025-P600021.t91.w1">v</event>
			<event start="Artur-N-G5025-P600021.t91.w1" end="Artur-N-G5025-P600021.t92">zapor</event>
			<event start="Artur-N-G5025-P600021.t92.w0" end="Artur-N-G5025-P600021.t92.w1">me</event>
			<event start="Artur-N-G5025-P600021.t92.w1" end="Artur-N-G5025-P600021.t92.w2">ambasada</event>
			<event start="Artur-N-G5025-P600021.t92.w2" end="Artur-N-G5025-P600021.t92.w3">zaščiti</event>
			<event start="Artur-N-G5025-P600021.t92.w3" end="Artur-N-G5025-P600021.t92.w4">in</event>
			<event start="Artur-N-G5025-P600021.t92.w4" end="Artur-N-G5025-P600021.t92.w5">me</event>
			<event start="Artur-N-G5025-P600021.t92.w5" end="Artur-N-G5025-P600021.t92.w6">pošljejo</event>
			<event start="Artur-N-G5025-P600021.t92.w6" end="Artur-N-G5025-P600021.t93">naprej</event>
			<event start="Artur-N-G5025-P600021.t93.w0" end="Artur-N-G5025-P600021.t93.w1">nič</event>
			<event start="Artur-N-G5025-P600021.t93.w1" end="Artur-N-G5025-P600021.t93.w2">od</event>
			<event start="Artur-N-G5025-P600021.t93.w2" end="Artur-N-G5025-P600021.t93.w3">tega</event>
			<event start="Artur-N-G5025-P600021.t93.w3" end="Artur-N-G5025-P600021.t93.w4">ni</event>
			<event start="Artur-N-G5025-P600021.t93.w4" end="Artur-N-G5025-P600021.t94">bilo</event>
			<event start="Artur-N-G5025-P600021.t94.w0" end="Artur-N-G5025-P600021.t94.w1">sem</event>
			<event start="Artur-N-G5025-P600021.t94.w1" end="Artur-N-G5025-P600021.t94.w2">prišla</event>
			<event start="Artur-N-G5025-P600021.t94.w2" end="Artur-N-G5025-P600021.t94.w3">v</event>
			<event start="Artur-N-G5025-P600021.t94.w3" end="Artur-N-G5025-P600021.t95">Nemčijo</event>
			<event start="Artur-N-G5025-P600021.t95.w0" end="Artur-N-G5025-P600021.t96">in</event>
			<event start="Artur-N-G5025-P600021.t96.w0" end="Artur-N-G5025-P600021.t96.w1">Joža</event>
			<event start="Artur-N-G5025-P600021.t96.w1" end="Artur-N-G5025-P600021.t96.w2">zdaj</event>
			<event start="Artur-N-G5025-P600021.t96.w2" end="Artur-N-G5025-P600021.t96.w3">boš</event>
			<event start="Artur-N-G5025-P600021.t96.w3" end="Artur-N-G5025-P600021.t96.w4">pa</event>
			<event start="Artur-N-G5025-P600021.t96.w4" end="Artur-N-G5025-P600021.t96.w5">ti</event>
			<event start="Artur-N-G5025-P600021.t96.w5" end="Artur-N-G5025-P600021.t96.w6">povedala</event>
			<event start="Artur-N-G5025-P600021.t96.w6" end="Artur-N-G5025-P600021.t97">anekdoto</event>
			<event start="Artur-N-G5025-P600021.t97.w0" end="Artur-N-G5025-P600021.t97.w1">kako</event>
			<event start="Artur-N-G5025-P600021.t97.w1" end="Artur-N-G5025-P600021.t97.w2">je</event>
			<event start="Artur-N-G5025-P600021.t97.w2" end="Artur-N-G5025-P600021.t98">bilo</event>
			<event start="Artur-N-G5025-P600021.t98.w0" end="Artur-N-G5025-P600021.t99">najino</event>
			<event start="Artur-N-G5025-P600021.t98.w1" end="Artur-N-G5025-P600021.t98.w2">prvo</event>
			<event start="Artur-N-G5025-P600021.t98.w2" end="Artur-N-G5025-P600021.t100">srečanje</event>
			<event start="Artur-N-G5025-P600021.t100.w0" end="Artur-N-G5025-P600021.t100.w1">kdo</event>
			<event start="Artur-N-G5025-P600021.t100.w1" end="Artur-N-G5025-P600021.t100.w2">je</event>
			<event start="Artur-N-G5025-P600021.t100.w2" end="Artur-N-G5025-P600021.t100.w3">bil</event>
			<event start="Artur-N-G5025-P600021.t100.w3" end="Artur-N-G5025-P600021.t100.w4">ta</event>
			<event start="Artur-N-G5025-P600021.t100.w4" end="Artur-N-G5025-P600021.t101">zraven</event>
			<event start="Artur-N-G5025-P600021.t100.w5" end="Artur-N-G5025-P600021.t102">nje</event>
			<event start="Artur-N-G5025-P600021.t102.w0" end="Artur-N-G5025-P600021.t103">aha</event>
			<event start="Artur-N-G5025-P600021.t102.w1" end="Artur-N-G5025-P600021.t102.w2">njen</event>
			<event start="Artur-N-G5025-P600021.t102.w2" end="Artur-N-G5025-P600021.t102.w3">mož</event>
			<event start="Artur-N-G5025-P600021.t102.w3" end="Artur-N-G5025-P600021.t102.w4">je</event>
			<event start="Artur-N-G5025-P600021.t102.w4" end="Artur-N-G5025-P600021.t104">bil</event>
			<event start="Artur-N-G5025-P600021.t104.w0" end="Artur-N-G5025-P600021.t105">no</event>
			<event start="Artur-N-G5025-P600021.t105.w0" end="Artur-N-G5025-P600021.t105.w1">eee</event>
			<event start="Artur-N-G5025-P600021.t105.w1" end="Artur-N-G5025-P600021.t105.w2">najbolj</event>
			<event start="Artur-N-G5025-P600021.t105.w2" end="Artur-N-G5025-P600021.t105.w3">je</event>
			<event start="Artur-N-G5025-P600021.t105.w3" end="Artur-N-G5025-P600021.t105.w4">bilo</event>
			<event start="Artur-N-G5025-P600021.t105.w4" end="Artur-N-G5025-P600021.t105.w5">v</event>
			<event start="Artur-N-G5025-P600021.t105.w5" end="Artur-N-G5025-P600021.t106">tem</event>
			<event start="Artur-N-G5025-P600021.t106.w0" end="Artur-N-G5025-P600021.t107">eee</event>
			<event start="Artur-N-G5025-P600021.t107.w0" end="Artur-N-G5025-P600021.t107.w1">Joža</event>
			<event start="Artur-N-G5025-P600021.t107.w1" end="Artur-N-G5025-P600021.t107.w2">ni</event>
			<event start="Artur-N-G5025-P600021.t107.w2" end="Artur-N-G5025-P600021.t107.w3">spoznala</event>
			<event start="Artur-N-G5025-P600021.t107.w3" end="Artur-N-G5025-P600021.t108">mene</event>
			<event start="Artur-N-G5025-P600021.t108.w0" end="Artur-N-G5025-P600021.t108.w1">videla</event>
			<event start="Artur-N-G5025-P600021.t108.w1" end="Artur-N-G5025-P600021.t108.w2">je</event>
			<event start="Artur-N-G5025-P600021.t108.w2" end="Artur-N-G5025-P600021.t108.w3">pa</event>
			<event start="Artur-N-G5025-P600021.t108.w3" end="Artur-N-G5025-P600021.t108.w4">ka</event>
			<event start="Artur-N-G5025-P600021.t108.w4" end="Artur-N-G5025-P600021.t108.w5">nekdo</event>
			<event start="Artur-N-G5025-P600021.t108.w5" end="Artur-N-G5025-P600021.t108.w6">z</event>
			<event start="Artur-N-G5025-P600021.t108.w6" end="Artur-N-G5025-P600021.t109">možem</event>
			<event start="Artur-N-G5025-P600021.t109.w0" end="Artur-N-G5025-P600021.t110">gre</event>
			<event start="Artur-N-G5025-P600021.t110.w0" end="Artur-N-G5025-P600021.t111">in</event>
			<event start="Artur-N-G5025-P600021.t111.w0" end="Artur-N-G5025-P600021.t111.w1">namesto</event>
			<event start="Artur-N-G5025-P600021.t111.w1" end="Artur-N-G5025-P600021.t111.w2">da</event>
			<event start="Artur-N-G5025-P600021.t111.w2" end="Artur-N-G5025-P600021.t111.w3">bi</event>
			<event start="Artur-N-G5025-P600021.t111.w3" end="Artur-N-G5025-P600021.t111.w4">se</event>
			<event start="Artur-N-G5025-P600021.t111.w4" end="Artur-N-G5025-P600021.t111.w5">ustavila</event>
			<event start="Artur-N-G5025-P600021.t111.w5" end="Artur-N-G5025-P600021.t111.w6">da</event>
			<event start="Artur-N-G5025-P600021.t111.w6" end="Artur-N-G5025-P600021.t111.w7">bi</event>
			<event start="Artur-N-G5025-P600021.t111.w7" end="Artur-N-G5025-P600021.t111.w8">vprašala</event>
			<event start="Artur-N-G5025-P600021.t111.w8" end="Artur-N-G5025-P600021.t111.w9">kdo</event>
			<event start="Artur-N-G5025-P600021.t111.w9" end="Artur-N-G5025-P600021.t111.w10">je</event>
			<event start="Artur-N-G5025-P600021.t111.w10" end="Artur-N-G5025-P600021.t111.w11">ka</event>
			<event start="Artur-N-G5025-P600021.t111.w11" end="Artur-N-G5025-P600021.t112">je</event>
			<event start="Artur-N-G5025-P600021.t112.w0" end="Artur-N-G5025-P600021.t112.w1">ona</event>
			<event start="Artur-N-G5025-P600021.t112.w1" end="Artur-N-G5025-P600021.t112.w2">kar</event>
			<event start="Artur-N-G5025-P600021.t112.w2" end="Artur-N-G5025-P600021.t112.w3">mimo</event>
			<event start="Artur-N-G5025-P600021.t112.w3" end="Artur-N-G5025-P600021.t113">mimo</event>
			<event start="Artur-N-G5025-P600021.t113.w0" end="Artur-N-G5025-P600021.t113.w1">in</event>
			<event start="Artur-N-G5025-P600021.t113.w1" end="Artur-N-G5025-P600021.t113.w2">ju</event>
			<event start="Artur-N-G5025-P600021.t113.w2" end="Artur-N-G5025-P600021.t113.w3">jaz</event>
			<event start="Artur-N-G5025-P600021.t113.w3" end="Artur-N-G5025-P600021.t113.w4">potem</event>
			<event start="Artur-N-G5025-P600021.t113.w4" end="Artur-N-G5025-P600021.t114">pokličem</event>
			<event start="Artur-N-G5025-P600021.t114.w0" end="Artur-N-G5025-P600021.t114.w1">pa</event>
			<event start="Artur-N-G5025-P600021.t114.w1" end="Artur-N-G5025-P600021.t114.w2">Joža</event>
			<event start="Artur-N-G5025-P600021.t114.w2" end="Artur-N-G5025-P600021.t114.w3">pa</event>
			<event start="Artur-N-G5025-P600021.t114.w3" end="Artur-N-G5025-P600021.t114.w4">če</event>
			<event start="Artur-N-G5025-P600021.t114.w4" end="Artur-N-G5025-P600021.t114.w5">bi</event>
			<event start="Artur-N-G5025-P600021.t114.w5" end="Artur-N-G5025-P600021.t114.w6">zdaj</event>
			<event start="Artur-N-G5025-P600021.t114.w6" end="Artur-N-G5025-P600021.t114.w7">tvoj</event>
			<event start="Artur-N-G5025-P600021.t114.w7" end="Artur-N-G5025-P600021.t114.w8">mož</event>
			<event start="Artur-N-G5025-P600021.t114.w8" end="Artur-N-G5025-P600021.t114.w9">z</event>
			<event start="Artur-N-G5025-P600021.t114.w9" end="Artur-N-G5025-P600021.t114.w10">neko</event>
			<event start="Artur-N-G5025-P600021.t114.w10" end="Artur-N-G5025-P600021.t114.w11">tu</event>
			<event start="Artur-N-G5025-P600021.t114.w11" end="Artur-N-G5025-P600021.t114.w12">drugo</event>
			<event start="Artur-N-G5025-P600021.t114.w12" end="Artur-N-G5025-P600021.t114.w13">žensko</event>
			<event start="Artur-N-G5025-P600021.t114.w13" end="Artur-N-G5025-P600021.t114.w14">hodil</event>
			<event start="Artur-N-G5025-P600021.t114.w14" end="Artur-N-G5025-P600021.t114.w15">pa</event>
			<event start="Artur-N-G5025-P600021.t114.w15" end="Artur-N-G5025-P600021.t114.w16">ti</event>
			<event start="Artur-N-G5025-P600021.t114.w16" end="Artur-N-G5025-P600021.t114.w17">bi</event>
			<event start="Artur-N-G5025-P600021.t114.w17" end="Artur-N-G5025-P600021.t114.w18">samo</event>
			<event start="Artur-N-G5025-P600021.t114.w18" end="Artur-N-G5025-P600021.t114.w19">šla</event>
			<event start="Artur-N-G5025-P600021.t114.w19" end="Artur-N-G5025-P600021.t115">mimo</event>
			<event start="Artur-N-G5025-P600021.t115.w0" end="Artur-N-G5025-P600021.t115.w1">in</event>
			<event start="Artur-N-G5025-P600021.t115.w1" end="Artur-N-G5025-P600021.t115.w2">potem</event>
			<event start="Artur-N-G5025-P600021.t115.w2" end="Artur-N-G5025-P600021.t115.w3">smo</event>
			<event start="Artur-N-G5025-P600021.t115.w3" end="Artur-N-G5025-P600021.t115.w4">se</event>
			<event start="Artur-N-G5025-P600021.t115.w4" end="Artur-N-G5025-P600021.t115.w5">s</event>
			<event start="Artur-N-G5025-P600021.t115.w5" end="Artur-N-G5025-P600021.t115.w6">tistega</event>
			<event start="Artur-N-G5025-P600021.t115.w6" end="Artur-N-G5025-P600021.t115.w7">toliko</event>
			<event start="Artur-N-G5025-P600021.t115.w7" end="Artur-N-G5025-P600021.t116">smejali</event>
			<event start="Artur-N-G5025-P600021.t116.w0" end="Artur-N-G5025-P600021.t116.w1">mmm</event>
			<event start="Artur-N-G5025-P600021.t116.w1" end="Artur-N-G5025-P600021.t117">da</event>
			<event start="Artur-N-G5025-P600021.t117.w0" end="Artur-N-G5025-P600021.t117.w1">je</event>
			<event start="Artur-N-G5025-P600021.t117.w1" end="Artur-N-G5025-P600021.t117.w2">takšna</event>
			<event start="Artur-N-G5025-P600021.t117.w2" end="Artur-N-G5025-P600021.t117.w3">hecna</event>
			<event start="Artur-N-G5025-P600021.t117.w3" end="Artur-N-G5025-P600021.t117.w4">situacija</event>
			<event start="Artur-N-G5025-P600021.t117.w4" end="Artur-N-G5025-P600021.t117.w5">to</event>
			<event start="Artur-N-G5025-P600021.t117.w5" end="Artur-N-G5025-P600021.t118">bila</event>
			<event start="Artur-N-G5025-P600021.t118.w0" end="Artur-N-G5025-P600021.t119">ne</event>
			<event start="Artur-N-G5025-P600021.t119.w0" end="Artur-N-G5025-P600021.t121">ja</event>
		</tier>
		<tier id="2" category="additional" speaker="Artur-N-G5025" type="t" display-name="Artur-N-G5025 [additional]"/>
		<tier id="3" category="disfluencyType" speaker="Artur-N-G5025" type="a" display-name="Artur-N-G5025 [disfluencyType]"/>
		<tier id="4" category="disfluencyStructure" speaker="Artur-N-G5025" type="a" display-name="Artur-N-G5025 [disfluencyStructure]"/>
	</basic-body>
</basic-transcription>
