<?xml version="1.0" encoding="UTF-8"?>
<basic-transcription>
  <head>
    <meta-information>
      <project-name/>
      <transcription-name/>
      <referenced-file url="Iriss-N-G5043-P600044-avd.wav"/>
      <ud-meta-information/>
      <comment>Compiled from Gos2.1 TEI version of IRISS on 2023-10-05 16:04:02.808511</comment>
      <transcription-convention/>
    </meta-information>
    <speakertable>
      <speaker id="Artur-N-G5043">
        <abbreviation>Artur-N-G5043</abbreviation>
      </speaker>
    </speakertable>
  </head>
  <basic-body>
    <common-timeline>
      <tli id="Artur-N-G5043-P600044.t1" time="2.346"/>
      <tli id="Artur-N-G5043-P600044.t1.w0" time="2.426"/>
      <tli id="Artur-N-G5043-P600044.t1.w1" time="3.056"/>
      <tli id="Artur-N-G5043-P600044.t2" time="4.598"/>
      <tli id="Artur-N-G5043-P600044.t2.w0" time="4.768"/>
      <tli id="Artur-N-G5043-P600044.t2.w1" time="5.238"/>
      <tli id="Artur-N-G5043-P600044.t2.w2" time="5.528"/>
      <tli id="Artur-N-G5043-P600044.t2.w3" time="6.078"/>
      <tli id="Artur-N-G5043-P600044.t2.w4" time="6.338"/>
      <tli id="Artur-N-G5043-P600044.t3" time="7.184"/>
      <tli id="Artur-N-G5043-P600044.t3.w0" time="7.374"/>
      <tli id="Artur-N-G5043-P600044.t3.w1" time="8.254"/>
      <tli id="Artur-N-G5043-P600044.t3.w2" time="8.374"/>
      <tli id="Artur-N-G5043-P600044.t3.w3" time="8.554"/>
      <tli id="Artur-N-G5043-P600044.t3.w4" time="8.734"/>
      <tli id="Artur-N-G5043-P600044.t3.w5" time="9.044"/>
      <tli id="Artur-N-G5043-P600044.t3.w6" time="9.534"/>
      <tli id="Artur-N-G5043-P600044.t3.w7" time="9.704"/>
      <tli id="Artur-N-G5043-P600044.t3.w8" time="9.884"/>
      <tli id="Artur-N-G5043-P600044.t4" time="10.583"/>
      <tli id="Artur-N-G5043-P600044.t4.w0" time="10.923"/>
      <tli id="Artur-N-G5043-P600044.t4.w1" time="11.623"/>
      <tli id="Artur-N-G5043-P600044.t4.w2" time="11.883"/>
      <tli id="Artur-N-G5043-P600044.t4.w3" time="12.013"/>
      <tli id="Artur-N-G5043-P600044.t4.w4" time="12.613"/>
      <tli id="Artur-N-G5043-P600044.t4.w5" time="13.013"/>
      <tli id="Artur-N-G5043-P600044.t4.w6" time="13.473"/>
      <tli id="Artur-N-G5043-P600044.t4.w7" time="14.273"/>
      <tli id="Artur-N-G5043-P600044.t4.w8" time="14.563"/>
      <tli id="Artur-N-G5043-P600044.t4.w9" time="14.673"/>
      <tli id="Artur-N-G5043-P600044.t4.w10" time="14.873"/>
      <tli id="Artur-N-G5043-P600044.t4.w11" time="15.033"/>
      <tli id="Artur-N-G5043-P600044.t4.w12" time="15.283"/>
      <tli id="Artur-N-G5043-P600044.t5" time="16.104"/>
      <tli id="Artur-N-G5043-P600044.t6.w0" time="19.604"/>
      <tli id="Artur-N-G5043-P600044.t6.w1" time="20.504"/>
      <tli id="Artur-N-G5043-P600044.t6.w2" time="20.684"/>
      <tli id="Artur-N-G5043-P600044.t6.w3" time="21.024"/>
      <tli id="Artur-N-G5043-P600044.t6.w4" time="21.164"/>
      <tli id="Artur-N-G5043-P600044.t6.w5" time="21.324"/>
      <tli id="Artur-N-G5043-P600044.t6.w6" time="21.964"/>
      <tli id="Artur-N-G5043-P600044.t6.w7" time="22.124"/>
      <tli id="Artur-N-G5043-P600044.t7" time="23.416"/>
      <tli id="Artur-N-G5043-P600044.t6.w8" time="24.894"/>
      <tli id="Artur-N-G5043-P600044.t6.w9" time="25.484"/>
      <tli id="Artur-N-G5043-P600044.t8" time="26.917"/>
      <tli id="Artur-N-G5043-P600044.t8.w0" time="27.197"/>
      <tli id="Artur-N-G5043-P600044.t8.w1" time="27.387"/>
      <tli id="Artur-N-G5043-P600044.t8.w2" time="28.087"/>
      <tli id="Artur-N-G5043-P600044.t8.w3" time="28.257"/>
      <tli id="Artur-N-G5043-P600044.t8.w4" time="28.477"/>
      <tli id="Artur-N-G5043-P600044.t8.w5" time="28.857"/>
      <tli id="Artur-N-G5043-P600044.t8.w6" time="28.997"/>
      <tli id="Artur-N-G5043-P600044.t8.w7" time="29.147"/>
      <tli id="Artur-N-G5043-P600044.t9" time="30.032"/>
      <tli id="Artur-N-G5043-P600044.t10.w0" time="33.053"/>
      <tli id="Artur-N-G5043-P600044.t11" time="33.147"/>
      <tli id="Artur-N-G5043-P600044.t12.w0" time="38.646"/>
      <tli id="Artur-N-G5043-P600044.t13" time="39.479"/>
      <tli id="Artur-N-G5043-P600044.t13.w0" time="39.789"/>
      <tli id="Artur-N-G5043-P600044.t13.w1" time="40.019"/>
      <tli id="Artur-N-G5043-P600044.t13.w2" time="40.149"/>
      <tli id="Artur-N-G5043-P600044.t13.w3" time="40.279"/>
      <tli id="Artur-N-G5043-P600044.t13.w4" time="40.409"/>
      <tli id="Artur-N-G5043-P600044.t13.w5" time="41.069"/>
      <tli id="Artur-N-G5043-P600044.t13.w6" time="41.539"/>
      <tli id="Artur-N-G5043-P600044.t13.w7" time="42.159"/>
      <tli id="Artur-N-G5043-P600044.t14" time="43.167"/>
      <tli id="Artur-N-G5043-P600044.t14.w0" time="43.317"/>
      <tli id="Artur-N-G5043-P600044.t15" time="44.660"/>
      <tli id="Artur-N-G5043-P600044.t15.w0" time="44.970"/>
      <tli id="Artur-N-G5043-P600044.t15.w1" time="45.260"/>
      <tli id="Artur-N-G5043-P600044.t15.w2" time="45.790"/>
      <tli id="Artur-N-G5043-P600044.t15.w3" time="46.070"/>
      <tli id="Artur-N-G5043-P600044.t15.w4" time="46.470"/>
      <tli id="Artur-N-G5043-P600044.t15.w5" time="46.740"/>
      <tli id="Artur-N-G5043-P600044.t16" time="48.106"/>
      <tli id="Artur-N-G5043-P600044.t16.w0" time="49.066"/>
      <tli id="Artur-N-G5043-P600044.t17" time="50.254"/>
      <tli id="Artur-N-G5043-P600044.t19.w0" time="53.369"/>
      <tli id="Artur-N-G5043-P600044.t19.w1" time="53.709"/>
      <tli id="Artur-N-G5043-P600044.t19.w2" time="54.079"/>
      <tli id="Artur-N-G5043-P600044.t19.w3" time="54.309"/>
      <tli id="Artur-N-G5043-P600044.t20" time="54.718"/>
      <tli id="Artur-N-G5043-P600044.t20.w0" time="54.748"/>
      <tli id="Artur-N-G5043-P600044.t20.w1" time="54.918"/>
      <tli id="Artur-N-G5043-P600044.t20.w2" time="55.088"/>
      <tli id="Artur-N-G5043-P600044.t20.w3" time="55.158"/>
      <tli id="Artur-N-G5043-P600044.t20.w4" time="55.288"/>
      <tli id="Artur-N-G5043-P600044.t20.w5" time="55.578"/>
      <tli id="Artur-N-G5043-P600044.t20.w6" time="55.668"/>
      <tli id="Artur-N-G5043-P600044.t20.w7" time="55.838"/>
      <tli id="Artur-N-G5043-P600044.t20.w8" time="56.318"/>
      <tli id="Artur-N-G5043-P600044.t20.w9" time="56.578"/>
      <tli id="Artur-N-G5043-P600044.t21" time="58.977"/>
      <tli id="Artur-N-G5043-P600044.t20.w10" time="59.828"/>
      <tli id="Artur-N-G5043-P600044.t20.w11" time="80.758"/>
      <tli id="Artur-N-G5043-P600044.t20.w12" time="83.168"/>
      <tli id="Artur-N-G5043-P600044.t22" time="88.686"/>
      <tli id="Artur-N-G5043-P600044.t22.w0" time="89.956"/>
      <tli id="Artur-N-G5043-P600044.t23" time="90.844"/>
      <tli id="Artur-N-G5043-P600044.t23.w0" time="91.074"/>
      <tli id="Artur-N-G5043-P600044.t24" time="91.735"/>
      <tli id="Artur-N-G5043-P600044.t24.w0" time="91.765"/>
      <tli id="Artur-N-G5043-P600044.t24.w1" time="91.895"/>
      <tli id="Artur-N-G5043-P600044.t24.w2" time="92.075"/>
      <tli id="Artur-N-G5043-P600044.t24.w3" time="92.285"/>
      <tli id="Artur-N-G5043-P600044.t24.w4" time="93.055"/>
      <tli id="Artur-N-G5043-P600044.t24.w5" time="93.455"/>
      <tli id="Artur-N-G5043-P600044.t25" time="95.380"/>
      <tli id="Artur-N-G5043-P600044.t26.w0" time="98.858"/>
      <tli id="Artur-N-G5043-P600044.t27" time="101.569"/>
      <tli id="Artur-N-G5043-P600044.t27.w0" time="122.279"/>
      <tli id="Artur-N-G5043-P600044.t27.w1" time="128.669"/>
      <tli id="Artur-N-G5043-P600044.t29" time="135.253"/>
      <tli id="Artur-N-G5043-P600044.t29.w0" time="135.773"/>
      <tli id="Artur-N-G5043-P600044.t29.w1" time="135.923"/>
      <tli id="Artur-N-G5043-P600044.t29.w2" time="136.193"/>
      <tli id="Artur-N-G5043-P600044.t29.w3" time="136.283"/>
      <tli id="Artur-N-G5043-P600044.t29.w4" time="136.473"/>
      <tli id="Artur-N-G5043-P600044.t30" time="137.316"/>
      <tli id="Artur-N-G5043-P600044.t30.w0" time="137.396"/>
      <tli id="Artur-N-G5043-P600044.t30.w1" time="137.566"/>
      <tli id="Artur-N-G5043-P600044.t30.w2" time="137.806"/>
      <tli id="Artur-N-G5043-P600044.t30.w3" time="137.966"/>
      <tli id="Artur-N-G5043-P600044.t31" time="139.087"/>
      <tli id="Artur-N-G5043-P600044.t31.w0" time="139.187"/>
      <tli id="Artur-N-G5043-P600044.t31.w1" time="139.417"/>
      <tli id="Artur-N-G5043-P600044.t31.w2" time="139.787"/>
      <tli id="Artur-N-G5043-P600044.t31.w3" time="140.057"/>
      <tli id="Artur-N-G5043-P600044.t31.w4" time="140.207"/>
      <tli id="Artur-N-G5043-P600044.t31.w5" time="140.937"/>
      <tli id="Artur-N-G5043-P600044.t32" time="141.599"/>
      <tli id="Artur-N-G5043-P600044.t32.w0" time="141.649"/>
      <tli id="Artur-N-G5043-P600044.t32.w1" time="142.209"/>
      <tli id="Artur-N-G5043-P600044.t32.w2" time="142.569"/>
      <tli id="Artur-N-G5043-P600044.t32.w3" time="142.719"/>
      <tli id="Artur-N-G5043-P600044.t32.w4" time="143.309"/>
      <tli id="Artur-N-G5043-P600044.t32.w5" time="143.839"/>
      <tli id="Artur-N-G5043-P600044.t33" time="145.024"/>
      <tli id="Artur-N-G5043-P600044.t33.w0" time="145.374"/>
      <tli id="Artur-N-G5043-P600044.t33.w1" time="145.664"/>
      <tli id="Artur-N-G5043-P600044.t33.w2" time="145.834"/>
      <tli id="Artur-N-G5043-P600044.t33.w3" time="146.204"/>
      <tli id="Artur-N-G5043-P600044.t34" time="147.445"/>
      <tli id="Artur-N-G5043-P600044.t34.w0" time="147.955"/>
      <tli id="Artur-N-G5043-P600044.t34.w1" time="148.395"/>
      <tli id="Artur-N-G5043-P600044.t34.w2" time="148.695"/>
      <tli id="Artur-N-G5043-P600044.t34.w3" time="148.845"/>
      <tli id="Artur-N-G5043-P600044.t35" time="150.145"/>
      <tli id="Artur-N-G5043-P600044.t35.w0" time="150.945"/>
      <tli id="Artur-N-G5043-P600044.t35.w1" time="151.115"/>
      <tli id="Artur-N-G5043-P600044.t35.w2" time="151.275"/>
      <tli id="Artur-N-G5043-P600044.t35.w3" time="151.585"/>
      <tli id="Artur-N-G5043-P600044.t35.w4" time="152.275"/>
      <tli id="Artur-N-G5043-P600044.t35.w5" time="152.515"/>
      <tli id="Artur-N-G5043-P600044.t36" time="153.865"/>
      <tli id="Artur-N-G5043-P600044.t36.w0" time="154.355"/>
      <tli id="Artur-N-G5043-P600044.t36.w1" time="154.655"/>
      <tli id="Artur-N-G5043-P600044.t36.w2" time="154.795"/>
      <tli id="Artur-N-G5043-P600044.t36.w3" time="155.115"/>
      <tli id="Artur-N-G5043-P600044.t36.w4" time="155.265"/>
      <tli id="Artur-N-G5043-P600044.t37" time="155.941"/>
      <tli id="Artur-N-G5043-P600044.t38.w0" time="157.645"/>
      <tli id="Artur-N-G5043-P600044.t38.w1" time="157.895"/>
      <tli id="Artur-N-G5043-P600044.t38.w2" time="158.035"/>
      <tli id="Artur-N-G5043-P600044.t38.w3" time="158.145"/>
      <tli id="Artur-N-G5043-P600044.t38.w4" time="158.265"/>
      <tli id="Artur-N-G5043-P600044.t38.w5" time="158.375"/>
      <tli id="Artur-N-G5043-P600044.t39" time="159.606"/>
      <tli id="Artur-N-G5043-P600044.t38.w6" time="160.785"/>
      <tli id="Artur-N-G5043-P600044.t40" time="176.396"/>
      <tli id="Artur-N-G5043-P600044.t40.w0" time="176.846"/>
      <tli id="Artur-N-G5043-P600044.t40.w1" time="176.966"/>
      <tli id="Artur-N-G5043-P600044.t40.w2" time="177.116"/>
      <tli id="Artur-N-G5043-P600044.t40.w3" time="177.316"/>
      <tli id="Artur-N-G5043-P600044.t40.w4" time="177.506"/>
      <tli id="Artur-N-G5043-P600044.t40.w5" time="177.686"/>
      <tli id="Artur-N-G5043-P600044.t40.w6" time="177.786"/>
      <tli id="Artur-N-G5043-P600044.t40.w7" time="178.006"/>
      <tli id="Artur-N-G5043-P600044.t40.w8" time="178.316"/>
      <tli id="Artur-N-G5043-P600044.t41" time="178.829"/>
      <tli id="Artur-N-G5043-P600044.t42.w0" time="179.970"/>
      <tli id="Artur-N-G5043-P600044.t42.w1" time="180.280"/>
      <tli id="Artur-N-G5043-P600044.t43" time="181.166"/>
      <tli id="Artur-N-G5043-P600044.t44.w0" time="181.984"/>
      <tli id="Artur-N-G5043-P600044.t44.w1" time="182.434"/>
      <tli id="Artur-N-G5043-P600044.t44.w2" time="182.554"/>
      <tli id="Artur-N-G5043-P600044.t44.w3" time="182.614"/>
      <tli id="Artur-N-G5043-P600044.t45" time="183.763"/>
      <tli id="Artur-N-G5043-P600044.t45.w0" time="183.833"/>
      <tli id="Artur-N-G5043-P600044.t46" time="184.775"/>
      <tli id="Artur-N-G5043-P600044.t45.w1" time="185.363"/>
      <tli id="Artur-N-G5043-P600044.t47" time="194.431"/>
      <tli id="Artur-N-G5043-P600044.t47.w0" time="194.661"/>
      <tli id="Artur-N-G5043-P600044.t47.w1" time="195.021"/>
      <tli id="Artur-N-G5043-P600044.t47.w2" time="195.231"/>
      <tli id="Artur-N-G5043-P600044.t47.w3" time="195.381"/>
      <tli id="Artur-N-G5043-P600044.t47.w4" time="195.571"/>
      <tli id="Artur-N-G5043-P600044.t47.w5" time="195.771"/>
      <tli id="Artur-N-G5043-P600044.t47.w6" time="196.141"/>
      <tli id="Artur-N-G5043-P600044.t47.w7" time="196.731"/>
      <tli id="Artur-N-G5043-P600044.t47.w8" time="197.081"/>
      <tli id="Artur-N-G5043-P600044.t47.w9" time="197.331"/>
      <tli id="Artur-N-G5043-P600044.t47.w10" time="197.411"/>
      <tli id="Artur-N-G5043-P600044.t47.w11" time="197.521"/>
      <tli id="Artur-N-G5043-P600044.t47.w12" time="197.811"/>
      <tli id="Artur-N-G5043-P600044.t48" time="198.552"/>
      <tli id="Artur-N-G5043-P600044.t48.w0" time="198.612"/>
      <tli id="Artur-N-G5043-P600044.t49" time="199.531"/>
      <tli id="Artur-N-G5043-P600044.t49.w0" time="199.581"/>
      <tli id="Artur-N-G5043-P600044.t49.w1" time="199.941"/>
      <tli id="Artur-N-G5043-P600044.t50" time="200.984"/>
      <tli id="Artur-N-G5043-P600044.t50.w0" time="201.094"/>
      <tli id="Artur-N-G5043-P600044.t50.w1" time="201.264"/>
      <tli id="Artur-N-G5043-P600044.t50.w2" time="201.874"/>
      <tli id="Artur-N-G5043-P600044.t51" time="203.508"/>
      <tli id="Artur-N-G5043-P600044.t51.w0" time="209.688"/>
      <tli id="Artur-N-G5043-P600044.t51.w1" time="210.488"/>
      <tli id="Artur-N-G5043-P600044.t51.w2" time="216.468"/>
      <tli id="Artur-N-G5043-P600044.t51.w3" time="234.518"/>
      <tli id="Artur-N-G5043-P600044.t51.w4" time="235.988"/>
      <tli id="Artur-N-G5043-P600044.t51.w5" time="237.888"/>
      <tli id="Artur-N-G5043-P600044.t53" time="240.120"/>
      <tli id="Artur-N-G5043-P600044.t53.w0" time="240.410"/>
      <tli id="Artur-N-G5043-P600044.t53.w1" time="240.740"/>
      <tli id="Artur-N-G5043-P600044.t53.w2" time="240.920"/>
      <tli id="Artur-N-G5043-P600044.t53.w3" time="241.380"/>
      <tli id="Artur-N-G5043-P600044.t53.w4" time="241.540"/>
      <tli id="Artur-N-G5043-P600044.t53.w5" time="241.680"/>
      <tli id="Artur-N-G5043-P600044.t53.w6" time="241.840"/>
      <tli id="Artur-N-G5043-P600044.t53.w7" time="242.260"/>
      <tli id="Artur-N-G5043-P600044.t53.w8" time="242.450"/>
      <tli id="Artur-N-G5043-P600044.t53.w9" time="243.090"/>
      <tli id="Artur-N-G5043-P600044.t53.w10" time="243.220"/>
      <tli id="Artur-N-G5043-P600044.t53.w11" time="243.290"/>
      <tli id="Artur-N-G5043-P600044.t53.w12" time="243.470"/>
      <tli id="Artur-N-G5043-P600044.t53.w13" time="244.160"/>
      <tli id="Artur-N-G5043-P600044.t53.w14" time="245.330"/>
      <tli id="Artur-N-G5043-P600044.t53.w15" time="245.790"/>
      <tli id="Artur-N-G5043-P600044.t53.w16" time="246.270"/>
      <tli id="Artur-N-G5043-P600044.t54" time="248.013"/>
      <tli id="Artur-N-G5043-P600044.t54.w0" time="248.153"/>
      <tli id="Artur-N-G5043-P600044.t54.w1" time="248.423"/>
      <tli id="Artur-N-G5043-P600044.t54.w2" time="248.753"/>
      <tli id="Artur-N-G5043-P600044.t54.w3" time="249.003"/>
      <tli id="Artur-N-G5043-P600044.t54.w4" time="249.643"/>
      <tli id="Artur-N-G5043-P600044.t54.w5" time="249.743"/>
      <tli id="Artur-N-G5043-P600044.t54.w6" time="250.093"/>
      <tli id="Artur-N-G5043-P600044.t55" time="252.019"/>
      <tli id="Artur-N-G5043-P600044.t55.w0" time="252.049"/>
      <tli id="Artur-N-G5043-P600044.t55.w1" time="252.239"/>
      <tli id="Artur-N-G5043-P600044.t55.w2" time="252.359"/>
      <tli id="Artur-N-G5043-P600044.t55.w3" time="252.589"/>
      <tli id="Artur-N-G5043-P600044.t55.w4" time="252.729"/>
      <tli id="Artur-N-G5043-P600044.t55.w5" time="253.069"/>
      <tli id="Artur-N-G5043-P600044.t55.w6" time="253.479"/>
      <tli id="Artur-N-G5043-P600044.t55.w7" time="253.689"/>
      <tli id="Artur-N-G5043-P600044.t55.w8" time="254.009"/>
      <tli id="Artur-N-G5043-P600044.t55.w9" time="254.429"/>
      <tli id="Artur-N-G5043-P600044.t55.w10" time="255.199"/>
      <tli id="Artur-N-G5043-P600044.t56" time="255.939"/>
      <tli id="Artur-N-G5043-P600044.t56.w0" time="256.229"/>
      <tli id="Artur-N-G5043-P600044.t56.w1" time="256.399"/>
      <tli id="Artur-N-G5043-P600044.t56.w2" time="256.499"/>
      <tli id="Artur-N-G5043-P600044.t56.w3" time="256.669"/>
      <tli id="Artur-N-G5043-P600044.t56.w4" time="256.799"/>
      <tli id="Artur-N-G5043-P600044.t56.w5" time="256.949"/>
      <tli id="Artur-N-G5043-P600044.t56.w6" time="257.379"/>
      <tli id="Artur-N-G5043-P600044.t56.w7" time="257.969"/>
      <tli id="Artur-N-G5043-P600044.t56.w8" time="258.189"/>
      <tli id="Artur-N-G5043-P600044.t56.w9" time="258.469"/>
      <tli id="Artur-N-G5043-P600044.t56.w10" time="258.649"/>
      <tli id="Artur-N-G5043-P600044.t56.w11" time="258.969"/>
      <tli id="Artur-N-G5043-P600044.t56.w12" time="259.399"/>
      <tli id="Artur-N-G5043-P600044.t57" time="260.662"/>
      <tli id="Artur-N-G5043-P600044.t57.w0" time="260.982"/>
      <tli id="Artur-N-G5043-P600044.t57.w1" time="261.182"/>
      <tli id="Artur-N-G5043-P600044.t57.w2" time="261.312"/>
      <tli id="Artur-N-G5043-P600044.t57.w3" time="261.552"/>
      <tli id="Artur-N-G5043-P600044.t57.w4" time="261.782"/>
      <tli id="Artur-N-G5043-P600044.t57.w5" time="262.062"/>
      <tli id="Artur-N-G5043-P600044.t57.w6" time="262.292"/>
      <tli id="Artur-N-G5043-P600044.t57.w7" time="262.432"/>
      <tli id="Artur-N-G5043-P600044.t58" time="263.095"/>
      <tli id="Artur-N-G5043-P600044.t58.w0" time="263.205"/>
      <tli id="Artur-N-G5043-P600044.t58.w1" time="263.555"/>
      <tli id="Artur-N-G5043-P600044.t58.w2" time="263.685"/>
      <tli id="Artur-N-G5043-P600044.t58.w3" time="264.015"/>
      <tli id="Artur-N-G5043-P600044.t59" time="264.454"/>
      <tli id="Artur-N-G5043-P600044.t59.w0" time="264.554"/>
      <tli id="Artur-N-G5043-P600044.t59.w1" time="264.724"/>
      <tli id="Artur-N-G5043-P600044.t60" time="266.012"/>
      <tli id="Artur-N-G5043-P600044.t59.w2" time="266.394"/>
      <tli id="Artur-N-G5043-P600044.t61" time="267.060"/>
      <tli id="Artur-N-G5043-P600044.t61.w0" time="267.110"/>
      <tli id="Artur-N-G5043-P600044.t62" time="267.930"/>
      <tli id="Artur-N-G5043-P600044.t63.w0" time="286.534"/>
      <tli id="Artur-N-G5043-P600044.t63.w1" time="286.704"/>
      <tli id="Artur-N-G5043-P600044.t63.w2" time="286.914"/>
      <tli id="Artur-N-G5043-P600044.t63.w3" time="287.104"/>
      <tli id="Artur-N-G5043-P600044.t63.w4" time="287.584"/>
      <tli id="Artur-N-G5043-P600044.t63.w5" time="287.714"/>
      <tli id="Artur-N-G5043-P600044.t63.w6" time="287.934"/>
      <tli id="Artur-N-G5043-P600044.t63.w7" time="288.114"/>
      <tli id="Artur-N-G5043-P600044.t63.w8" time="288.204"/>
      <tli id="Artur-N-G5043-P600044.t63.w9" time="288.664"/>
      <tli id="Artur-N-G5043-P600044.t64" time="289.746"/>
      <tli id="Artur-N-G5043-P600044.t64.w0" time="289.746"/>
      <tli id="Artur-N-G5043-P600044.t64.w1" time="289.946"/>
      <tli id="Artur-N-G5043-P600044.t64.w2" time="290.656"/>
      <tli id="Artur-N-G5043-P600044.t64.w3" time="291.146"/>
      <tli id="Artur-N-G5043-P600044.t64.w4" time="291.436"/>
      <tli id="Artur-N-G5043-P600044.t64.w5" time="291.556"/>
      <tli id="Artur-N-G5043-P600044.t64.w6" time="291.656"/>
      <tli id="Artur-N-G5043-P600044.t64.w7" time="291.716"/>
      <tli id="Artur-N-G5043-P600044.t64.w8" time="292.316"/>
      <tli id="Artur-N-G5043-P600044.t64.w9" time="292.686"/>
      <tli id="Artur-N-G5043-P600044.t64.w10" time="292.856"/>
      <tli id="Artur-N-G5043-P600044.t64.w11" time="292.986"/>
      <tli id="Artur-N-G5043-P600044.t65" time="293.785"/>
      <tli id="Artur-N-G5043-P600044.t65.w0" time="293.995"/>
      <tli id="Artur-N-G5043-P600044.t66" time="295.431"/>
      <tli id="Artur-N-G5043-P600044.t65.w1" time="296.615"/>
      <tli id="Artur-N-G5043-P600044.t67" time="304.653"/>
      <tli id="Artur-N-G5043-P600044.t67.w0" time="304.913"/>
      <tli id="Artur-N-G5043-P600044.t67.w1" time="305.133"/>
      <tli id="Artur-N-G5043-P600044.t67.w2" time="305.213"/>
      <tli id="Artur-N-G5043-P600044.t67.w3" time="305.243"/>
      <tli id="Artur-N-G5043-P600044.t67.w4" time="305.903"/>
      <tli id="Artur-N-G5043-P600044.t67.w5" time="306.013"/>
      <tli id="Artur-N-G5043-P600044.t67.w6" time="306.213"/>
      <tli id="Artur-N-G5043-P600044.t67.w7" time="306.583"/>
      <tli id="Artur-N-G5043-P600044.t67.w8" time="306.823"/>
      <tli id="Artur-N-G5043-P600044.t68" time="308.466"/>
      <tli id="Artur-N-G5043-P600044.t68.w0" time="308.686"/>
      <tli id="Artur-N-G5043-P600044.t68.w1" time="309.036"/>
      <tli id="Artur-N-G5043-P600044.t69" time="309.713"/>
      <tli id="Artur-N-G5043-P600044.t69.w0" time="309.793"/>
      <tli id="Artur-N-G5043-P600044.t69.w1" time="309.943"/>
      <tli id="Artur-N-G5043-P600044.t69.w2" time="310.203"/>
      <tli id="Artur-N-G5043-P600044.t69.w3" time="311.113"/>
      <tli id="Artur-N-G5043-P600044.t70" time="311.743"/>
      <tli id="Artur-N-G5043-P600044.t70.w0" time="311.943"/>
      <tli id="Artur-N-G5043-P600044.t70.w1" time="312.083"/>
      <tli id="Artur-N-G5043-P600044.t70.w2" time="312.353"/>
      <tli id="Artur-N-G5043-P600044.t70.w3" time="312.583"/>
      <tli id="Artur-N-G5043-P600044.t70.w4" time="312.793"/>
      <tli id="Artur-N-G5043-P600044.t70.w5" time="313.173"/>
      <tli id="Artur-N-G5043-P600044.t71" time="314.631"/>
      <tli id="Artur-N-G5043-P600044.t70.w6" time="319.673"/>
      <tli id="Artur-N-G5043-P600044.t72" time="338.024"/>
    </common-timeline>
    <tier id="0" category="v" speaker="Artur-N-G5043" type="t" display-name="Artur-N-G5043">
      <event start="Artur-N-G5043-P600044.t1.w0" end="Artur-N-G5043-P600044.t1.w1">pozdravlən</event>
      <event start="Artur-N-G5043-P600044.t1.w1" end="Artur-N-G5043-P600044.t2">Drago</event>
      <event start="Artur-N-G5043-P600044.t2.w0" end="Artur-N-G5043-P600044.t2.w1">kufeja</event>
      <event start="Artur-N-G5043-P600044.t2.w1" end="Artur-N-G5043-P600044.t2.w2">nama</event>
      <event start="Artur-N-G5043-P600044.t2.w2" end="Artur-N-G5043-P600044.t2.w3">kuhava</event>
      <event start="Artur-N-G5043-P600044.t2.w3" end="Artur-N-G5043-P600044.t2.w4">zaj</event>
      <event start="Artur-N-G5043-P600044.t2.w4" end="Artur-N-G5043-P600044.t3">al</event>
      <event start="Artur-N-G5043-P600044.t3.w0" end="Artur-N-G5043-P600044.t3.w1">e</event>
      <event start="Artur-N-G5043-P600044.t3.w1" end="Artur-N-G5043-P600044.t3.w2">a</event>
      <event start="Artur-N-G5043-P600044.t3.w2" end="Artur-N-G5043-P600044.t3.w3">veš</event>
      <event start="Artur-N-G5043-P600044.t3.w3" end="Artur-N-G5043-P600044.t3.w4">kaj</event>
      <event start="Artur-N-G5043-P600044.t3.w4" end="Artur-N-G5043-P600044.t3.w5">səm</event>
      <event start="Artur-N-G5043-P600044.t3.w5" end="Artur-N-G5043-P600044.t3.w6">študiru</event>
      <event start="Artur-N-G5043-P600044.t3.w6" end="Artur-N-G5043-P600044.t3.w7">da</event>
      <event start="Artur-N-G5043-P600044.t3.w7" end="Artur-N-G5043-P600044.t3.w8">se</event>
      <event start="Artur-N-G5043-P600044.t3.w8" end="Artur-N-G5043-P600044.t4">mal</event>
      <event start="Artur-N-G5043-P600044.t4.w0" end="Artur-N-G5043-P600044.t4.w1">zmenima</event>
      <event start="Artur-N-G5043-P600044.t4.w1" end="Artur-N-G5043-P600044.t4.w2">kək</event>
      <event start="Artur-N-G5043-P600044.t4.w2" end="Artur-N-G5043-P600044.t4.w3">je</event>
      <event start="Artur-N-G5043-P600044.t4.w3" end="Artur-N-G5043-P600044.t4.w4">blo</event>
      <event start="Artur-N-G5043-P600044.t4.w4" end="Artur-N-G5043-P600044.t4.w5">taužənt</event>
      <event start="Artur-N-G5043-P600044.t4.w5" end="Artur-N-G5043-P600044.t4.w6">devetsto</event>
      <event start="Artur-N-G5043-P600044.t4.w6" end="Artur-N-G5043-P600044.t4.w7">triinosəmdəsətəga</event>
      <event start="Artur-N-G5043-P600044.t4.w7" end="Artur-N-G5043-P600044.t4.w8">leta</event>
      <event start="Artur-N-G5043-P600044.t4.w8" end="Artur-N-G5043-P600044.t4.w9">ko</event>
      <event start="Artur-N-G5043-P600044.t4.w9" end="Artur-N-G5043-P600044.t4.w10">smo</event>
      <event start="Artur-N-G5043-P600044.t4.w10" end="Artur-N-G5043-P600044.t4.w11">šli</event>
      <event start="Artur-N-G5043-P600044.t4.w11" end="Artur-N-G5043-P600044.t4.w12">na</event>
      <event start="Artur-N-G5043-P600044.t4.w12" end="Artur-N-G5043-P600044.t5">Pokluko</event>
      <event start="Artur-N-G5043-P600044.t6.w0" end="Artur-N-G5043-P600044.t6.w1">triinosəmdəst</event>
      <event start="Artur-N-G5043-P600044.t6.w1" end="Artur-N-G5043-P600044.t6.w2">kə</event>
      <event start="Artur-N-G5043-P600044.t6.w2" end="Artur-N-G5043-P600044.t6.w3">takrət</event>
      <event start="Artur-N-G5043-P600044.t6.w3" end="Artur-N-G5043-P600044.t6.w4">səm</event>
      <event start="Artur-N-G5043-P600044.t6.w4" end="Artur-N-G5043-P600044.t6.w5">bil</event>
      <event start="Artur-N-G5043-P600044.t6.w5" end="Artur-N-G5043-P600044.t6.w6">zadnokrat</event>
      <event start="Artur-N-G5043-P600044.t6.w6" end="Artur-N-G5043-P600044.t6.w7">na</event>
      <event start="Artur-N-G5043-P600044.t6.w7" end="Artur-N-G5043-P600044.t7">Po…</event>
      <event start="Artur-N-G5043-P600044.t6.w8" end="Artur-N-G5043-P600044.t6.w9">e</event>
      <event start="Artur-N-G5043-P600044.t6.w9" end="Artur-N-G5043-P600044.t8">Triglavu</event>
      <event start="Artur-N-G5043-P600044.t8.w0" end="Artur-N-G5043-P600044.t8.w1">iz</event>
      <event start="Artur-N-G5043-P600044.t8.w1" end="Artur-N-G5043-P600044.t8.w2">buroja</event>
      <event start="Artur-N-G5043-P600044.t8.w2" end="Artur-N-G5043-P600044.t8.w3">səm</event>
      <event start="Artur-N-G5043-P600044.t8.w3" end="Artur-N-G5043-P600044.t8.w4">bil</event>
      <event start="Artur-N-G5043-P600044.t8.w4" end="Artur-N-G5043-P600044.t8.w5">samo</event>
      <event start="Artur-N-G5043-P600044.t8.w5" end="Artur-N-G5043-P600044.t8.w6">jəz</event>
      <event start="Artur-N-G5043-P600044.t8.w6" end="Artur-N-G5043-P600044.t8.w7">pa</event>
      <event start="Artur-N-G5043-P600044.t8.w7" end="Artur-N-G5043-P600044.t9">ti</event>
      <event start="Artur-N-G5043-P600044.t10.w0" end="Artur-N-G5043-P600044.t11">ne</event>
      <event start="Artur-N-G5043-P600044.t12.w0" end="Artur-N-G5043-P600044.t13">ne</event>
      <event start="Artur-N-G5043-P600044.t13.w0" end="Artur-N-G5043-P600044.t13.w1">jəz</event>
      <event start="Artur-N-G5043-P600044.t13.w1" end="Artur-N-G5043-P600044.t13.w2">se</event>
      <event start="Artur-N-G5043-P600044.t13.w2" end="Artur-N-G5043-P600044.t13.w3">ga</event>
      <event start="Artur-N-G5043-P600044.t13.w3" end="Artur-N-G5043-P600044.t13.w4">ne</event>
      <event start="Artur-N-G5043-P600044.t13.w4" end="Artur-N-G5043-P600044.t13.w5">spomnəm</event>
      <event start="Artur-N-G5043-P600044.t13.w5" end="Artur-N-G5043-P600044.t13.w6">spomnəm</event>
      <event start="Artur-N-G5043-P600044.t13.w6" end="Artur-N-G5043-P600044.t13.w7">se</event>
      <event start="Artur-N-G5043-P600044.t13.w7" end="Artur-N-G5043-P600044.t14">Ikovica</event>
      <event start="Artur-N-G5043-P600044.t14.w0" end="Artur-N-G5043-P600044.t15">Germana</event>
      <event start="Artur-N-G5043-P600044.t15.w0" end="Artur-N-G5043-P600044.t15.w1">pa</event>
      <event start="Artur-N-G5043-P600044.t15.w1" end="Artur-N-G5043-P600044.t15.w2">uniga</event>
      <event start="Artur-N-G5043-P600044.t15.w2" end="Artur-N-G5043-P600044.t15.w3">iz</event>
      <event start="Artur-N-G5043-P600044.t15.w3" end="Artur-N-G5043-P600044.t15.w4">e</event>
      <event start="Artur-N-G5043-P600044.t15.w4" end="Artur-N-G5043-P600044.t15.w5">Slovenj</event>
      <event start="Artur-N-G5043-P600044.t15.w5" end="Artur-N-G5043-P600044.t16">Gradca</event>
      <event start="Artur-N-G5043-P600044.t16.w0" end="Artur-N-G5043-P600044.t17">umetnika</event>
      <event start="Artur-N-G5043-P600044.t19.w0" end="Artur-N-G5043-P600044.t19.w1">pa</event>
      <event start="Artur-N-G5043-P600044.t19.w1" end="Artur-N-G5043-P600044.t19.w2">tebe</event>
      <event start="Artur-N-G5043-P600044.t19.w2" end="Artur-N-G5043-P600044.t19.w3">pa</event>
      <event start="Artur-N-G5043-P600044.t19.w3" end="Artur-N-G5043-P600044.t20">jəz</event>
      <event start="Artur-N-G5043-P600044.t20.w0" end="Artur-N-G5043-P600044.t20.w1">pa</event>
      <event start="Artur-N-G5043-P600044.t20.w1" end="Artur-N-G5043-P600044.t20.w2">tej</event>
      <event start="Artur-N-G5043-P600044.t20.w2" end="Artur-N-G5043-P600044.t20.w3">je</event>
      <event start="Artur-N-G5043-P600044.t20.w3" end="Artur-N-G5043-P600044.t20.w4">bil</event>
      <event start="Artur-N-G5043-P600044.t20.w4" end="Artur-N-G5043-P600044.t20.w5">še</event>
      <event start="Artur-N-G5043-P600044.t20.w5" end="Artur-N-G5043-P600044.t20.w6">mən</event>
      <event start="Artur-N-G5043-P600044.t20.w6" end="Artur-N-G5043-P600044.t20.w7">se</event>
      <event start="Artur-N-G5043-P600044.t20.w7" end="Artur-N-G5043-P600044.t20.w8">zdi</event>
      <event start="Artur-N-G5043-P600044.t20.w8" end="Artur-N-G5043-P600044.t20.w9">ne</event>
      <event start="Artur-N-G5043-P600044.t20.w9" end="Artur-N-G5043-P600044.t21">pa</event>
      <event start="Artur-N-G5043-P600044.t20.w10" end="Artur-N-G5043-P600044.t20.w11">ni</event>
      <event start="Artur-N-G5043-P600044.t20.w11" end="Artur-N-G5043-P600044.t20.w12">bil</event>
      <event start="Artur-N-G5043-P600044.t20.w12" end="Artur-N-G5043-P600044.t22">kos</event>
      <event start="Artur-N-G5043-P600044.t22.w0" end="Artur-N-G5043-P600044.t23">eee</event>
      <event start="Artur-N-G5043-P600044.t23.w0" end="Artur-N-G5043-P600044.t24">samo</event>
      <event start="Artur-N-G5043-P600044.t24.w0" end="Artur-N-G5043-P600044.t24.w1">a</event>
      <event start="Artur-N-G5043-P600044.t24.w1" end="Artur-N-G5043-P600044.t24.w2">ni</event>
      <event start="Artur-N-G5043-P600044.t24.w2" end="Artur-N-G5043-P600044.t24.w3">bil</event>
      <event start="Artur-N-G5043-P600044.t24.w3" end="Artur-N-G5043-P600044.t24.w4">pobudnik</event>
      <event start="Artur-N-G5043-P600044.t24.w4" end="Artur-N-G5043-P600044.t24.w5">tega</event>
      <event start="Artur-N-G5043-P600044.t24.w5" end="Artur-N-G5043-P600044.t25">pa</event>
      <event start="Artur-N-G5043-P600044.t26.w0" end="Artur-N-G5043-P600044.t27">začetək</event>
      <event start="Artur-N-G5043-P600044.t27.w0" end="Artur-N-G5043-P600044.t27.w1">ne</event>
      <event start="Artur-N-G5043-P600044.t27.w1" end="Artur-N-G5043-P600044.t29">vem</event>
      <event start="Artur-N-G5043-P600044.t29.w0" end="Artur-N-G5043-P600044.t29.w1">ja</event>
      <event start="Artur-N-G5043-P600044.t29.w1" end="Artur-N-G5043-P600044.t29.w2">ker</event>
      <event start="Artur-N-G5043-P600044.t29.w2" end="Artur-N-G5043-P600044.t29.w3">jəz</event>
      <event start="Artur-N-G5043-P600044.t29.w3" end="Artur-N-G5043-P600044.t29.w4">se</event>
      <event start="Artur-N-G5043-P600044.t29.w4" end="Artur-N-G5043-P600044.t30">spomnim</event>
      <event start="Artur-N-G5043-P600044.t30.w0" end="Artur-N-G5043-P600044.t30.w1">da</event>
      <event start="Artur-N-G5043-P600044.t30.w1" end="Artur-N-G5043-P600044.t30.w2">səm</event>
      <event start="Artur-N-G5043-P600044.t30.w2" end="Artur-N-G5043-P600044.t30.w3">pa</event>
      <event start="Artur-N-G5043-P600044.t30.w3" end="Artur-N-G5043-P600044.t31">šov</event>
      <event start="Artur-N-G5043-P600044.t31.w0" end="Artur-N-G5043-P600044.t31.w1">na</event>
      <event start="Artur-N-G5043-P600044.t31.w1" end="Artur-N-G5043-P600044.t31.w2">enem</event>
      <event start="Artur-N-G5043-P600044.t31.w2" end="Artur-N-G5043-P600044.t31.w3">izməd</event>
      <event start="Artur-N-G5043-P600044.t31.w3" end="Artur-N-G5043-P600044.t31.w4">teh</event>
      <event start="Artur-N-G5043-P600044.t31.w4" end="Artur-N-G5043-P600044.t31.w5">pohodov</event>
      <event start="Artur-N-G5043-P600044.t31.w5" end="Artur-N-G5043-P600044.t32">na</event>
      <event start="Artur-N-G5043-P600044.t32.w0" end="Artur-N-G5043-P600044.t32.w1">Kamniško</event>
      <event start="Artur-N-G5043-P600044.t32.w1" end="Artur-N-G5043-P600044.t32.w2">sedlo</event>
      <event start="Artur-N-G5043-P600044.t32.w2" end="Artur-N-G5043-P600044.t32.w3">iz</event>
      <event start="Artur-N-G5043-P600044.t32.w3" end="Artur-N-G5043-P600044.t32.w4">Kamniške</event>
      <event start="Artur-N-G5043-P600044.t32.w4" end="Artur-N-G5043-P600044.t32.w5">Bistərce</event>
      <event start="Artur-N-G5043-P600044.t32.w5" end="Artur-N-G5043-P600044.t33">gər</event>
      <event start="Artur-N-G5043-P600044.t33.w0" end="Artur-N-G5043-P600044.t33.w1">najbolj</event>
      <event start="Artur-N-G5043-P600044.t33.w1" end="Artur-N-G5043-P600044.t33.w2">se</event>
      <event start="Artur-N-G5043-P600044.t33.w2" end="Artur-N-G5043-P600044.t33.w3">spomnəm</event>
      <event start="Artur-N-G5043-P600044.t33.w3" end="Artur-N-G5043-P600044.t34">təste</event>
      <event start="Artur-N-G5043-P600044.t34.w0" end="Artur-N-G5043-P600044.t34.w1">stezde</event>
      <event start="Artur-N-G5043-P600044.t34.w1" end="Artur-N-G5043-P600044.t34.w2">gərta</event>
      <event start="Artur-N-G5043-P600044.t34.w2" end="Artur-N-G5043-P600044.t34.w3">do</event>
      <event start="Artur-N-G5043-P600044.t34.w3" end="Artur-N-G5043-P600044.t35">sedla</event>
      <event start="Artur-N-G5043-P600044.t35.w0" end="Artur-N-G5043-P600044.t35.w1">te</event>
      <event start="Artur-N-G5043-P600044.t35.w1" end="Artur-N-G5043-P600044.t35.w2">səm</event>
      <event start="Artur-N-G5043-P600044.t35.w2" end="Artur-N-G5043-P600044.t35.w3">bil</event>
      <event start="Artur-N-G5043-P600044.t35.w3" end="Artur-N-G5043-P600044.t35.w4">popolnoma</event>
      <event start="Artur-N-G5043-P600044.t35.w4" end="Artur-N-G5043-P600044.t35.w5">brez</event>
      <event start="Artur-N-G5043-P600044.t35.w5" end="Artur-N-G5043-P600044.t36">kondicije</event>
      <event start="Artur-N-G5043-P600044.t36.w0" end="Artur-N-G5043-P600044.t36.w1">ampak</event>
      <event start="Artur-N-G5043-P600044.t36.w1" end="Artur-N-G5043-P600044.t36.w2">səm</event>
      <event start="Artur-N-G5043-P600044.t36.w2" end="Artur-N-G5043-P600044.t36.w3">pəršu</event>
      <event start="Artur-N-G5043-P600044.t36.w3" end="Artur-N-G5043-P600044.t36.w4">na</event>
      <event start="Artur-N-G5043-P600044.t36.w4" end="Artur-N-G5043-P600044.t37">vrh</event>
      <event start="Artur-N-G5043-P600044.t38.w0" end="Artur-N-G5043-P600044.t38.w1">ja</event>
      <event start="Artur-N-G5043-P600044.t38.w1" end="Artur-N-G5043-P600044.t38.w2">če</event>
      <event start="Artur-N-G5043-P600044.t38.w2" end="Artur-N-G5043-P600044.t38.w3">ne</event>
      <event start="Artur-N-G5043-P600044.t38.w3" end="Artur-N-G5043-P600044.t38.w4">bi</event>
      <event start="Artur-N-G5043-P600044.t38.w4" end="Artur-N-G5043-P600044.t38.w5">pa</event>
      <event start="Artur-N-G5043-P600044.t38.w5" end="Artur-N-G5043-P600044.t39">spoda</event>
      <event start="Artur-N-G5043-P600044.t38.w6" end="Artur-N-G5043-P600044.t40">ostu</event>
      <event start="Artur-N-G5043-P600044.t40.w0" end="Artur-N-G5043-P600044.t40.w1">a</event>
      <event start="Artur-N-G5043-P600044.t40.w1" end="Artur-N-G5043-P600044.t40.w2">ni</event>
      <event start="Artur-N-G5043-P600044.t40.w2" end="Artur-N-G5043-P600044.t40.w3">smo</event>
      <event start="Artur-N-G5043-P600044.t40.w3" end="Artur-N-G5043-P600044.t40.w4">šli</event>
      <event start="Artur-N-G5043-P600044.t40.w4" end="Artur-N-G5043-P600044.t40.w5">pol</event>
      <event start="Artur-N-G5043-P600044.t40.w5" end="Artur-N-G5043-P600044.t40.w6">na</event>
      <event start="Artur-N-G5043-P600044.t40.w6" end="Artur-N-G5043-P600044.t40.w7">uno</event>
      <event start="Artur-N-G5043-P600044.t40.w7" end="Artur-N-G5043-P600044.t40.w8">stran</event>
      <event start="Artur-N-G5043-P600044.t40.w8" end="Artur-N-G5043-P600044.t41">dov</event>
      <event start="Artur-N-G5043-P600044.t42.w0" end="Artur-N-G5043-P600044.t42.w1">douta</event>
      <event start="Artur-N-G5043-P600044.t42.w1" end="Artur-N-G5043-P600044.t43">və</event>
      <event start="Artur-N-G5043-P600044.t44.w0" end="Artur-N-G5043-P600044.t44.w1">Pa</event>
      <event start="Artur-N-G5043-P600044.t44.w1" end="Artur-N-G5043-P600044.t44.w2">dovta</event>
      <event start="Artur-N-G5043-P600044.t44.w2" end="Artur-N-G5043-P600044.t44.w3">v</event>
      <event start="Artur-N-G5043-P600044.t44.w3" end="Artur-N-G5043-P600044.t45">Logarsko</event>
      <event start="Artur-N-G5043-P600044.t45.w0" end="Artur-N-G5043-P600044.t46">ja</event>
      <event start="Artur-N-G5043-P600044.t45.w1" end="Artur-N-G5043-P600044.t47">ja</event>
      <event start="Artur-N-G5043-P600044.t47.w0" end="Artur-N-G5043-P600044.t47.w1">ja</event>
      <event start="Artur-N-G5043-P600044.t47.w1" end="Artur-N-G5043-P600044.t47.w2">no</event>
      <event start="Artur-N-G5043-P600044.t47.w2" end="Artur-N-G5043-P600044.t47.w3">in</event>
      <event start="Artur-N-G5043-P600044.t47.w3" end="Artur-N-G5043-P600044.t47.w4">pol</event>
      <event start="Artur-N-G5043-P600044.t47.w4" end="Artur-N-G5043-P600044.t47.w5">smo</event>
      <event start="Artur-N-G5043-P600044.t47.w5" end="Artur-N-G5043-P600044.t47.w6">se</event>
      <event start="Artur-N-G5043-P600044.t47.w6" end="Artur-N-G5043-P600044.t47.w7">zbrali</event>
      <event start="Artur-N-G5043-P600044.t47.w7" end="Artur-N-G5043-P600044.t47.w8">zutra</event>
      <event start="Artur-N-G5043-P600044.t47.w8" end="Artur-N-G5043-P600044.t47.w9">kejk</event>
      <event start="Artur-N-G5043-P600044.t47.w9" end="Artur-N-G5043-P600044.t47.w10">je</event>
      <event start="Artur-N-G5043-P600044.t47.w10" end="Artur-N-G5043-P600044.t47.w11">bla</event>
      <event start="Artur-N-G5043-P600044.t47.w11" end="Artur-N-G5043-P600044.t47.w12">ura</event>
      <event start="Artur-N-G5043-P600044.t47.w12" end="Artur-N-G5043-P600044.t48">pet</event>
      <event start="Artur-N-G5043-P600044.t48.w0" end="Artur-N-G5043-P600044.t49">al</event>
      <event start="Artur-N-G5043-P600044.t49.w0" end="Artur-N-G5043-P600044.t49.w1">okrog</event>
      <event start="Artur-N-G5043-P600044.t49.w1" end="Artur-N-G5043-P600044.t50">petih</event>
      <event start="Artur-N-G5043-P600044.t50.w0" end="Artur-N-G5043-P600044.t50.w1">na</event>
      <event start="Artur-N-G5043-P600044.t50.w1" end="Artur-N-G5043-P600044.t50.w2">avtobusni</event>
      <event start="Artur-N-G5043-P600044.t50.w2" end="Artur-N-G5043-P600044.t51">postaji</event>
      <event start="Artur-N-G5043-P600044.t51.w0" end="Artur-N-G5043-P600044.t51.w1">nas</event>
      <event start="Artur-N-G5043-P600044.t51.w1" end="Artur-N-G5043-P600044.t51.w2">je</event>
      <event start="Artur-N-G5043-P600044.t51.w2" end="Artur-N-G5043-P600044.t51.w3">bov</event>
      <event start="Artur-N-G5043-P600044.t51.w3" end="Artur-N-G5043-P600044.t51.w4">za</event>
      <event start="Artur-N-G5043-P600044.t51.w4" end="Artur-N-G5043-P600044.t51.w5">en</event>
      <event start="Artur-N-G5043-P600044.t51.w5" end="Artur-N-G5043-P600044.t53">avtobus</event>
      <event start="Artur-N-G5043-P600044.t53.w0" end="Artur-N-G5043-P600044.t53.w1">jes</event>
      <event start="Artur-N-G5043-P600044.t53.w1" end="Artur-N-G5043-P600044.t53.w2">se</event>
      <event start="Artur-N-G5043-P600044.t53.w2" end="Artur-N-G5043-P600044.t53.w3">spomnəm</event>
      <event start="Artur-N-G5043-P600044.t53.w3" end="Artur-N-G5043-P600044.t53.w4">ko</event>
      <event start="Artur-N-G5043-P600044.t53.w4" end="Artur-N-G5043-P600044.t53.w5">səm</event>
      <event start="Artur-N-G5043-P600044.t53.w5" end="Artur-N-G5043-P600044.t53.w6">bil</event>
      <event start="Artur-N-G5043-P600044.t53.w6" end="Artur-N-G5043-P600044.t53.w7">prvič</event>
      <event start="Artur-N-G5043-P600044.t53.w7" end="Artur-N-G5043-P600044.t53.w8">na</event>
      <event start="Artur-N-G5043-P600044.t53.w8" end="Artur-N-G5043-P600044.t53.w9">Triglavu</event>
      <event start="Artur-N-G5043-P600044.t53.w9" end="Artur-N-G5043-P600044.t53.w10">to</event>
      <event start="Artur-N-G5043-P600044.t53.w10" end="Artur-N-G5043-P600044.t53.w11">je</event>
      <event start="Artur-N-G5043-P600044.t53.w11" end="Artur-N-G5043-P600044.t53.w12">blo</event>
      <event start="Artur-N-G5043-P600044.t53.w12" end="Artur-N-G5043-P600044.t53.w13">pətnajstəga</event>
      <event start="Artur-N-G5043-P600044.t53.w13" end="Artur-N-G5043-P600044.t53.w14">avgusta</event>
      <event start="Artur-N-G5043-P600044.t53.w14" end="Artur-N-G5043-P600044.t53.w15">tisoč</event>
      <event start="Artur-N-G5043-P600044.t53.w15" end="Artur-N-G5043-P600044.t53.w16">devetsto</event>
      <event start="Artur-N-G5043-P600044.t53.w16" end="Artur-N-G5043-P600044.t54">štərinšestdəsət</event>
      <event start="Artur-N-G5043-P600044.t54.w0" end="Artur-N-G5043-P600044.t54.w1">səm</event>
      <event start="Artur-N-G5043-P600044.t54.w1" end="Artur-N-G5043-P600044.t54.w2">spal</event>
      <event start="Artur-N-G5043-P600044.t54.w2" end="Artur-N-G5043-P600044.t54.w3">na</event>
      <event start="Artur-N-G5043-P600044.t54.w3" end="Artur-N-G5043-P600044.t54.w4">Kredarici</event>
      <event start="Artur-N-G5043-P600044.t54.w4" end="Artur-N-G5043-P600044.t54.w5">v</event>
      <event start="Artur-N-G5043-P600044.t54.w5" end="Artur-N-G5043-P600044.t54.w6">stari</event>
      <event start="Artur-N-G5043-P600044.t54.w6" end="Artur-N-G5043-P600044.t55">koči</event>
      <event start="Artur-N-G5043-P600044.t55.w0" end="Artur-N-G5043-P600044.t55.w1">ko</event>
      <event start="Artur-N-G5043-P600044.t55.w1" end="Artur-N-G5043-P600044.t55.w2">səm</event>
      <event start="Artur-N-G5043-P600044.t55.w2" end="Artur-N-G5043-P600044.t55.w3">šov</event>
      <event start="Artur-N-G5043-P600044.t55.w3" end="Artur-N-G5043-P600044.t55.w4">na</event>
      <event start="Artur-N-G5043-P600044.t55.w4" end="Artur-N-G5043-P600044.t55.w5">drugi</event>
      <event start="Artur-N-G5043-P600044.t55.w5" end="Artur-N-G5043-P600044.t55.w6">pohod</event>
      <event start="Artur-N-G5043-P600044.t55.w6" end="Artur-N-G5043-P600044.t55.w7">səm</event>
      <event start="Artur-N-G5043-P600044.t55.w7" end="Artur-N-G5043-P600044.t55.w8">spal</event>
      <event start="Artur-N-G5043-P600044.t55.w8" end="Artur-N-G5043-P600044.t55.w9">na</event>
      <event start="Artur-N-G5043-P600044.t55.w9" end="Artur-N-G5043-P600044.t55.w10">Staničəvi</event>
      <event start="Artur-N-G5043-P600044.t55.w10" end="Artur-N-G5043-P600044.t56">koči</event>
      <event start="Artur-N-G5043-P600044.t56.w0" end="Artur-N-G5043-P600044.t56.w1">ko</event>
      <event start="Artur-N-G5043-P600044.t56.w1" end="Artur-N-G5043-P600044.t56.w2">səm</event>
      <event start="Artur-N-G5043-P600044.t56.w2" end="Artur-N-G5043-P600044.t56.w3">šəl</event>
      <event start="Artur-N-G5043-P600044.t56.w3" end="Artur-N-G5043-P600044.t56.w4">pa</event>
      <event start="Artur-N-G5043-P600044.t56.w4" end="Artur-N-G5043-P600044.t56.w5">na</event>
      <event start="Artur-N-G5043-P600044.t56.w5" end="Artur-N-G5043-P600044.t56.w6">tretji</event>
      <event start="Artur-N-G5043-P600044.t56.w6" end="Artur-N-G5043-P600044.t56.w7">pohod</event>
      <event start="Artur-N-G5043-P600044.t56.w7" end="Artur-N-G5043-P600044.t56.w8">səm</event>
      <event start="Artur-N-G5043-P600044.t56.w8" end="Artur-N-G5043-P600044.t56.w9">spal</event>
      <event start="Artur-N-G5043-P600044.t56.w9" end="Artur-N-G5043-P600044.t56.w10">pa</event>
      <event start="Artur-N-G5043-P600044.t56.w10" end="Artur-N-G5043-P600044.t56.w11">na</event>
      <event start="Artur-N-G5043-P600044.t56.w11" end="Artur-N-G5043-P600044.t56.w12">e</event>
      <event start="Artur-N-G5043-P600044.t56.w12" end="Artur-N-G5043-P600044.t57">Planiki</event>
      <event start="Artur-N-G5043-P600044.t57.w0" end="Artur-N-G5043-P600044.t57.w1">in</event>
      <event start="Artur-N-G5043-P600044.t57.w1" end="Artur-N-G5043-P600044.t57.w2">od</event>
      <event start="Artur-N-G5043-P600044.t57.w2" end="Artur-N-G5043-P600044.t57.w3">tam</event>
      <event start="Artur-N-G5043-P600044.t57.w3" end="Artur-N-G5043-P600044.t57.w4">smo</event>
      <event start="Artur-N-G5043-P600044.t57.w4" end="Artur-N-G5043-P600044.t57.w5">tudi</event>
      <event start="Artur-N-G5043-P600044.t57.w5" end="Artur-N-G5043-P600044.t57.w6">šli</event>
      <event start="Artur-N-G5043-P600044.t57.w6" end="Artur-N-G5043-P600044.t57.w7">na</event>
      <event start="Artur-N-G5043-P600044.t57.w7" end="Artur-N-G5043-P600044.t58">vrh</event>
      <event start="Artur-N-G5043-P600044.t58.w0" end="Artur-N-G5043-P600044.t58.w1">ampak</event>
      <event start="Artur-N-G5043-P600044.t58.w1" end="Artur-N-G5043-P600044.t58.w2">to</event>
      <event start="Artur-N-G5043-P600044.t58.w2" end="Artur-N-G5043-P600044.t58.w3">drugi</event>
      <event start="Artur-N-G5043-P600044.t58.w3" end="Artur-N-G5043-P600044.t59">dan</event>
      <event start="Artur-N-G5043-P600044.t59.w0" end="Artur-N-G5043-P600044.t59.w1">ne</event>
      <event start="Artur-N-G5043-P600044.t59.w1" end="Artur-N-G5043-P600044.t60">prvi</event>
      <event start="Artur-N-G5043-P600044.t59.w2" end="Artur-N-G5043-P600044.t61">dan</event>
      <event start="Artur-N-G5043-P600044.t61.w0" end="Artur-N-G5043-P600044.t62">zutra</event>
      <event start="Artur-N-G5043-P600044.t63.w0" end="Artur-N-G5043-P600044.t63.w1">jəz</event>
      <event start="Artur-N-G5043-P600044.t63.w1" end="Artur-N-G5043-P600044.t63.w2">se</event>
      <event start="Artur-N-G5043-P600044.t63.w2" end="Artur-N-G5043-P600044.t63.w3">bol</event>
      <event start="Artur-N-G5043-P600044.t63.w3" end="Artur-N-G5043-P600044.t63.w4">spomnəm</event>
      <event start="Artur-N-G5043-P600044.t63.w4" end="Artur-N-G5043-P600044.t63.w5">da</event>
      <event start="Artur-N-G5043-P600044.t63.w5" end="Artur-N-G5043-P600044.t63.w6">smo</event>
      <event start="Artur-N-G5043-P600044.t63.w6" end="Artur-N-G5043-P600044.t63.w7">šli</event>
      <event start="Artur-N-G5043-P600044.t63.w7" end="Artur-N-G5043-P600044.t63.w8">v</event>
      <event start="Artur-N-G5043-P600044.t63.w8" end="Artur-N-G5043-P600044.t63.w9">dolino</event>
      <event start="Artur-N-G5043-P600044.t63.w9" end="Artur-N-G5043-P600044.t64">Krme</event>
      <event start="Artur-N-G5043-P600044.t64.w0" end="Artur-N-G5043-P600044.t64.w1">v</event>
      <event start="Artur-N-G5043-P600044.t64.w1" end="Artur-N-G5043-P600044.t64.w2">Kovinarsko</event>
      <event start="Artur-N-G5043-P600044.t64.w2" end="Artur-N-G5043-P600044.t64.w3">kočo</event>
      <event start="Artur-N-G5043-P600044.t64.w3" end="Artur-N-G5043-P600044.t64.w4">iz</event>
      <event start="Artur-N-G5043-P600044.t64.w4" end="Artur-N-G5043-P600044.t64.w5">a</event>
      <event start="Artur-N-G5043-P600044.t64.w5" end="Artur-N-G5043-P600044.t64.w6">to</event>
      <event start="Artur-N-G5043-P600044.t64.w6" end="Artur-N-G5043-P600044.t64.w7">je</event>
      <event start="Artur-N-G5043-P600044.t64.w7" end="Artur-N-G5043-P600044.t64.w8">jeseniška</event>
      <event start="Artur-N-G5043-P600044.t64.w8" end="Artur-N-G5043-P600044.t64.w9">koča</event>
      <event start="Artur-N-G5043-P600044.t64.w9" end="Artur-N-G5043-P600044.t64.w10">gor</event>
      <event start="Artur-N-G5043-P600044.t64.w10" end="Artur-N-G5043-P600044.t64.w11">al</event>
      <event start="Artur-N-G5043-P600044.t64.w11" end="Artur-N-G5043-P600044.t65">čigava</event>
      <event start="Artur-N-G5043-P600044.t65.w0" end="Artur-N-G5043-P600044.t66">kovinarska</event>
      <event start="Artur-N-G5043-P600044.t65.w1" end="Artur-N-G5043-P600044.t67">koča</event>
      <event start="Artur-N-G5043-P600044.t67.w0" end="Artur-N-G5043-P600044.t67.w1">no</event>
      <event start="Artur-N-G5043-P600044.t67.w1" end="Artur-N-G5043-P600044.t67.w2">tə</event>
      <event start="Artur-N-G5043-P600044.t67.w2" end="Artur-N-G5043-P600044.t67.w3">sə</event>
      <event start="Artur-N-G5043-P600044.t67.w3" end="Artur-N-G5043-P600044.t67.w4">spomnim</event>
      <event start="Artur-N-G5043-P600044.t67.w4" end="Artur-N-G5043-P600044.t67.w5">da</event>
      <event start="Artur-N-G5043-P600044.t67.w5" end="Artur-N-G5043-P600044.t67.w6">smo</event>
      <event start="Artur-N-G5043-P600044.t67.w6" end="Artur-N-G5043-P600044.t67.w7">prəšli</event>
      <event start="Artur-N-G5043-P600044.t67.w7" end="Artur-N-G5043-P600044.t67.w8">tam</event>
      <event start="Artur-N-G5043-P600044.t67.w8" end="Artur-N-G5043-P600044.t68">dov</event>
      <event start="Artur-N-G5043-P600044.t68.w0" end="Artur-N-G5043-P600044.t68.w1">ampak</event>
      <event start="Artur-N-G5043-P600044.t68.w1" end="Artur-N-G5043-P600044.t69">vem</event>
      <event start="Artur-N-G5043-P600044.t69.w0" end="Artur-N-G5043-P600044.t69.w1">da</event>
      <event start="Artur-N-G5043-P600044.t69.w1" end="Artur-N-G5043-P600044.t69.w2">so</event>
      <event start="Artur-N-G5043-P600044.t69.w2" end="Artur-N-G5043-P600044.t69.w3">Gorenjci</event>
      <event start="Artur-N-G5043-P600044.t69.w3" end="Artur-N-G5043-P600044.t70">ne</event>
      <event start="Artur-N-G5043-P600044.t70.w0" end="Artur-N-G5043-P600044.t70.w1">da</event>
      <event start="Artur-N-G5043-P600044.t70.w1" end="Artur-N-G5043-P600044.t70.w2">niso</event>
      <event start="Artur-N-G5043-P600044.t70.w2" end="Artur-N-G5043-P600044.t70.w3">mel</event>
      <event start="Artur-N-G5043-P600044.t70.w3" end="Artur-N-G5043-P600044.t70.w4">niti</event>
      <event start="Artur-N-G5043-P600044.t70.w4" end="Artur-N-G5043-P600044.t70.w5">enga</event>
      <event start="Artur-N-G5043-P600044.t70.w5" end="Artur-N-G5043-P600044.t71">mrzlega</event>
      <event start="Artur-N-G5043-P600044.t70.w6" end="Artur-N-G5043-P600044.t72">piva</event>
    </tier>
    <tier id="1" category="v" speaker="Artur-N-G5043" type="t" display-name="Artur-N-G5043">
      <event start="Artur-N-G5043-P600044.t1.w0" end="Artur-N-G5043-P600044.t1.w1">pozdravljen</event>
      <event start="Artur-N-G5043-P600044.t1.w1" end="Artur-N-G5043-P600044.t2">Drago</event>
      <event start="Artur-N-G5043-P600044.t2.w0" end="Artur-N-G5043-P600044.t2.w1">kofeta</event>
      <event start="Artur-N-G5043-P600044.t2.w1" end="Artur-N-G5043-P600044.t2.w2">ne bova</event>
      <event start="Artur-N-G5043-P600044.t2.w2" end="Artur-N-G5043-P600044.t2.w3">kuhala</event>
      <event start="Artur-N-G5043-P600044.t2.w3" end="Artur-N-G5043-P600044.t2.w4">zdaj</event>
      <event start="Artur-N-G5043-P600044.t2.w4" end="Artur-N-G5043-P600044.t3">ali</event>
      <event start="Artur-N-G5043-P600044.t3.w0" end="Artur-N-G5043-P600044.t3.w1">e</event>
      <event start="Artur-N-G5043-P600044.t3.w1" end="Artur-N-G5043-P600044.t3.w2">a</event>
      <event start="Artur-N-G5043-P600044.t3.w2" end="Artur-N-G5043-P600044.t3.w3">veš</event>
      <event start="Artur-N-G5043-P600044.t3.w3" end="Artur-N-G5043-P600044.t3.w4">kaj</event>
      <event start="Artur-N-G5043-P600044.t3.w4" end="Artur-N-G5043-P600044.t3.w5">sem</event>
      <event start="Artur-N-G5043-P600044.t3.w5" end="Artur-N-G5043-P600044.t3.w6">študiral</event>
      <event start="Artur-N-G5043-P600044.t3.w6" end="Artur-N-G5043-P600044.t3.w7">da</event>
      <event start="Artur-N-G5043-P600044.t3.w7" end="Artur-N-G5043-P600044.t3.w8">se</event>
      <event start="Artur-N-G5043-P600044.t3.w8" end="Artur-N-G5043-P600044.t4">malo</event>
      <event start="Artur-N-G5043-P600044.t4.w0" end="Artur-N-G5043-P600044.t4.w1">zmeniva</event>
      <event start="Artur-N-G5043-P600044.t4.w1" end="Artur-N-G5043-P600044.t4.w2">kako</event>
      <event start="Artur-N-G5043-P600044.t4.w2" end="Artur-N-G5043-P600044.t4.w3">je</event>
      <event start="Artur-N-G5043-P600044.t4.w3" end="Artur-N-G5043-P600044.t4.w4">bilo</event>
      <event start="Artur-N-G5043-P600044.t4.w4" end="Artur-N-G5043-P600044.t4.w5">tavžent</event>
      <event start="Artur-N-G5043-P600044.t4.w5" end="Artur-N-G5043-P600044.t4.w6">devetsto</event>
      <event start="Artur-N-G5043-P600044.t4.w6" end="Artur-N-G5043-P600044.t4.w7">triinosemdesetega</event>
      <event start="Artur-N-G5043-P600044.t4.w7" end="Artur-N-G5043-P600044.t4.w8">leta</event>
      <event start="Artur-N-G5043-P600044.t4.w8" end="Artur-N-G5043-P600044.t4.w9">ko</event>
      <event start="Artur-N-G5043-P600044.t4.w9" end="Artur-N-G5043-P600044.t4.w10">smo</event>
      <event start="Artur-N-G5043-P600044.t4.w10" end="Artur-N-G5043-P600044.t4.w11">šli</event>
      <event start="Artur-N-G5043-P600044.t4.w11" end="Artur-N-G5043-P600044.t4.w12">na</event>
      <event start="Artur-N-G5043-P600044.t4.w12" end="Artur-N-G5043-P600044.t5">Pokljuko</event>
      <event start="Artur-N-G5043-P600044.t6.w0" end="Artur-N-G5043-P600044.t6.w1">triinosemdeset</event>
      <event start="Artur-N-G5043-P600044.t6.w1" end="Artur-N-G5043-P600044.t6.w2">ker</event>
      <event start="Artur-N-G5043-P600044.t6.w2" end="Artur-N-G5043-P600044.t6.w3">takrat</event>
      <event start="Artur-N-G5043-P600044.t6.w3" end="Artur-N-G5043-P600044.t6.w4">sem</event>
      <event start="Artur-N-G5043-P600044.t6.w4" end="Artur-N-G5043-P600044.t6.w5">bil</event>
      <event start="Artur-N-G5043-P600044.t6.w5" end="Artur-N-G5043-P600044.t6.w6">zadnjikrat</event>
      <event start="Artur-N-G5043-P600044.t6.w6" end="Artur-N-G5043-P600044.t6.w7">na</event>
      <event start="Artur-N-G5043-P600044.t6.w7" end="Artur-N-G5043-P600044.t7">Po…</event>
      <event start="Artur-N-G5043-P600044.t6.w8" end="Artur-N-G5043-P600044.t6.w9">e</event>
      <event start="Artur-N-G5043-P600044.t6.w9" end="Artur-N-G5043-P600044.t8">Triglavu</event>
      <event start="Artur-N-G5043-P600044.t8.w0" end="Artur-N-G5043-P600044.t8.w1">iz</event>
      <event start="Artur-N-G5043-P600044.t8.w1" end="Artur-N-G5043-P600044.t8.w2">biroja</event>
      <event start="Artur-N-G5043-P600044.t8.w2" end="Artur-N-G5043-P600044.t8.w3">sem</event>
      <event start="Artur-N-G5043-P600044.t8.w3" end="Artur-N-G5043-P600044.t8.w4">bil</event>
      <event start="Artur-N-G5043-P600044.t8.w4" end="Artur-N-G5043-P600044.t8.w5">samo</event>
      <event start="Artur-N-G5043-P600044.t8.w5" end="Artur-N-G5043-P600044.t8.w6">jaz</event>
      <event start="Artur-N-G5043-P600044.t8.w6" end="Artur-N-G5043-P600044.t8.w7">pa</event>
      <event start="Artur-N-G5043-P600044.t8.w7" end="Artur-N-G5043-P600044.t9">ti</event>
      <event start="Artur-N-G5043-P600044.t10.w0" end="Artur-N-G5043-P600044.t11">ne</event>
      <event start="Artur-N-G5043-P600044.t12.w0" end="Artur-N-G5043-P600044.t13">ne</event>
      <event start="Artur-N-G5043-P600044.t13.w0" end="Artur-N-G5043-P600044.t13.w1">jaz</event>
      <event start="Artur-N-G5043-P600044.t13.w1" end="Artur-N-G5043-P600044.t13.w2">se</event>
      <event start="Artur-N-G5043-P600044.t13.w2" end="Artur-N-G5043-P600044.t13.w3">ga</event>
      <event start="Artur-N-G5043-P600044.t13.w3" end="Artur-N-G5043-P600044.t13.w4">ne</event>
      <event start="Artur-N-G5043-P600044.t13.w4" end="Artur-N-G5043-P600044.t13.w5">spomnim</event>
      <event start="Artur-N-G5043-P600044.t13.w5" end="Artur-N-G5043-P600044.t13.w6">spomnim</event>
      <event start="Artur-N-G5043-P600044.t13.w6" end="Artur-N-G5043-P600044.t13.w7">se</event>
      <event start="Artur-N-G5043-P600044.t13.w7" end="Artur-N-G5043-P600044.t14">Ikovica</event>
      <event start="Artur-N-G5043-P600044.t14.w0" end="Artur-N-G5043-P600044.t15">Germana</event>
      <event start="Artur-N-G5043-P600044.t15.w0" end="Artur-N-G5043-P600044.t15.w1">pa</event>
      <event start="Artur-N-G5043-P600044.t15.w1" end="Artur-N-G5043-P600044.t15.w2">onega</event>
      <event start="Artur-N-G5043-P600044.t15.w2" end="Artur-N-G5043-P600044.t15.w3">iz</event>
      <event start="Artur-N-G5043-P600044.t15.w3" end="Artur-N-G5043-P600044.t15.w4">e</event>
      <event start="Artur-N-G5043-P600044.t15.w4" end="Artur-N-G5043-P600044.t15.w5">Slovenj</event>
      <event start="Artur-N-G5043-P600044.t15.w5" end="Artur-N-G5043-P600044.t16">Gradca</event>
      <event start="Artur-N-G5043-P600044.t16.w0" end="Artur-N-G5043-P600044.t17">umetnika</event>
      <event start="Artur-N-G5043-P600044.t19.w0" end="Artur-N-G5043-P600044.t19.w1">pa</event>
      <event start="Artur-N-G5043-P600044.t19.w1" end="Artur-N-G5043-P600044.t19.w2">tebe</event>
      <event start="Artur-N-G5043-P600044.t19.w2" end="Artur-N-G5043-P600044.t19.w3">pa</event>
      <event start="Artur-N-G5043-P600044.t19.w3" end="Artur-N-G5043-P600044.t20">jaz</event>
      <event start="Artur-N-G5043-P600044.t20.w0" end="Artur-N-G5043-P600044.t20.w1">pa</event>
      <event start="Artur-N-G5043-P600044.t20.w1" end="Artur-N-G5043-P600044.t20.w2">te</event>
      <event start="Artur-N-G5043-P600044.t20.w2" end="Artur-N-G5043-P600044.t20.w3">je</event>
      <event start="Artur-N-G5043-P600044.t20.w3" end="Artur-N-G5043-P600044.t20.w4">bil</event>
      <event start="Artur-N-G5043-P600044.t20.w4" end="Artur-N-G5043-P600044.t20.w5">še</event>
      <event start="Artur-N-G5043-P600044.t20.w5" end="Artur-N-G5043-P600044.t20.w6">meni</event>
      <event start="Artur-N-G5043-P600044.t20.w6" end="Artur-N-G5043-P600044.t20.w7">se</event>
      <event start="Artur-N-G5043-P600044.t20.w7" end="Artur-N-G5043-P600044.t20.w8">zdi</event>
      <event start="Artur-N-G5043-P600044.t20.w8" end="Artur-N-G5043-P600044.t20.w9">ne</event>
      <event start="Artur-N-G5043-P600044.t20.w9" end="Artur-N-G5043-P600044.t21">pa</event>
      <event start="Artur-N-G5043-P600044.t20.w10" end="Artur-N-G5043-P600044.t20.w11">ni</event>
      <event start="Artur-N-G5043-P600044.t20.w11" end="Artur-N-G5043-P600044.t20.w12">bil</event>
      <event start="Artur-N-G5043-P600044.t20.w12" end="Artur-N-G5043-P600044.t22">kos</event>
      <event start="Artur-N-G5043-P600044.t22.w0" end="Artur-N-G5043-P600044.t23">eee</event>
      <event start="Artur-N-G5043-P600044.t23.w0" end="Artur-N-G5043-P600044.t24">samo</event>
      <event start="Artur-N-G5043-P600044.t24.w0" end="Artur-N-G5043-P600044.t24.w1">a</event>
      <event start="Artur-N-G5043-P600044.t24.w1" end="Artur-N-G5043-P600044.t24.w2">ni</event>
      <event start="Artur-N-G5043-P600044.t24.w2" end="Artur-N-G5043-P600044.t24.w3">bil</event>
      <event start="Artur-N-G5043-P600044.t24.w3" end="Artur-N-G5043-P600044.t24.w4">pobudnik</event>
      <event start="Artur-N-G5043-P600044.t24.w4" end="Artur-N-G5043-P600044.t24.w5">tega</event>
      <event start="Artur-N-G5043-P600044.t24.w5" end="Artur-N-G5043-P600044.t25">pa</event>
      <event start="Artur-N-G5043-P600044.t26.w0" end="Artur-N-G5043-P600044.t27">začetek</event>
      <event start="Artur-N-G5043-P600044.t27.w0" end="Artur-N-G5043-P600044.t27.w1">ne</event>
      <event start="Artur-N-G5043-P600044.t27.w1" end="Artur-N-G5043-P600044.t29">vem</event>
      <event start="Artur-N-G5043-P600044.t29.w0" end="Artur-N-G5043-P600044.t29.w1">ja</event>
      <event start="Artur-N-G5043-P600044.t29.w1" end="Artur-N-G5043-P600044.t29.w2">ker</event>
      <event start="Artur-N-G5043-P600044.t29.w2" end="Artur-N-G5043-P600044.t29.w3">jaz</event>
      <event start="Artur-N-G5043-P600044.t29.w3" end="Artur-N-G5043-P600044.t29.w4">se</event>
      <event start="Artur-N-G5043-P600044.t29.w4" end="Artur-N-G5043-P600044.t30">spomnim</event>
      <event start="Artur-N-G5043-P600044.t30.w0" end="Artur-N-G5043-P600044.t30.w1">da</event>
      <event start="Artur-N-G5043-P600044.t30.w1" end="Artur-N-G5043-P600044.t30.w2">sem</event>
      <event start="Artur-N-G5043-P600044.t30.w2" end="Artur-N-G5043-P600044.t30.w3">pa</event>
      <event start="Artur-N-G5043-P600044.t30.w3" end="Artur-N-G5043-P600044.t31">šel</event>
      <event start="Artur-N-G5043-P600044.t31.w0" end="Artur-N-G5043-P600044.t31.w1">na</event>
      <event start="Artur-N-G5043-P600044.t31.w1" end="Artur-N-G5043-P600044.t31.w2">enem</event>
      <event start="Artur-N-G5043-P600044.t31.w2" end="Artur-N-G5043-P600044.t31.w3">izmed</event>
      <event start="Artur-N-G5043-P600044.t31.w3" end="Artur-N-G5043-P600044.t31.w4">teh</event>
      <event start="Artur-N-G5043-P600044.t31.w4" end="Artur-N-G5043-P600044.t31.w5">pohodov</event>
      <event start="Artur-N-G5043-P600044.t31.w5" end="Artur-N-G5043-P600044.t32">na</event>
      <event start="Artur-N-G5043-P600044.t32.w0" end="Artur-N-G5043-P600044.t32.w1">Kamniško</event>
      <event start="Artur-N-G5043-P600044.t32.w1" end="Artur-N-G5043-P600044.t32.w2">sedlo</event>
      <event start="Artur-N-G5043-P600044.t32.w2" end="Artur-N-G5043-P600044.t32.w3">iz</event>
      <event start="Artur-N-G5043-P600044.t32.w3" end="Artur-N-G5043-P600044.t32.w4">Kamniške</event>
      <event start="Artur-N-G5043-P600044.t32.w4" end="Artur-N-G5043-P600044.t32.w5">Bistrice</event>
      <event start="Artur-N-G5043-P600044.t32.w5" end="Artur-N-G5043-P600044.t33">gor</event>
      <event start="Artur-N-G5043-P600044.t33.w0" end="Artur-N-G5043-P600044.t33.w1">najbolj</event>
      <event start="Artur-N-G5043-P600044.t33.w1" end="Artur-N-G5043-P600044.t33.w2">se</event>
      <event start="Artur-N-G5043-P600044.t33.w2" end="Artur-N-G5043-P600044.t33.w3">spomnim</event>
      <event start="Artur-N-G5043-P600044.t33.w3" end="Artur-N-G5043-P600044.t34">tiste</event>
      <event start="Artur-N-G5043-P600044.t34.w0" end="Artur-N-G5043-P600044.t34.w1">steze</event>
      <event start="Artur-N-G5043-P600044.t34.w1" end="Artur-N-G5043-P600044.t34.w2">gorta</event>
      <event start="Artur-N-G5043-P600044.t34.w2" end="Artur-N-G5043-P600044.t34.w3">do</event>
      <event start="Artur-N-G5043-P600044.t34.w3" end="Artur-N-G5043-P600044.t35">sedla</event>
      <event start="Artur-N-G5043-P600044.t35.w0" end="Artur-N-G5043-P600044.t35.w1">te</event>
      <event start="Artur-N-G5043-P600044.t35.w1" end="Artur-N-G5043-P600044.t35.w2">sem</event>
      <event start="Artur-N-G5043-P600044.t35.w2" end="Artur-N-G5043-P600044.t35.w3">bil</event>
      <event start="Artur-N-G5043-P600044.t35.w3" end="Artur-N-G5043-P600044.t35.w4">popolnoma</event>
      <event start="Artur-N-G5043-P600044.t35.w4" end="Artur-N-G5043-P600044.t35.w5">brez</event>
      <event start="Artur-N-G5043-P600044.t35.w5" end="Artur-N-G5043-P600044.t36">kondicije</event>
      <event start="Artur-N-G5043-P600044.t36.w0" end="Artur-N-G5043-P600044.t36.w1">ampak</event>
      <event start="Artur-N-G5043-P600044.t36.w1" end="Artur-N-G5043-P600044.t36.w2">sem</event>
      <event start="Artur-N-G5043-P600044.t36.w2" end="Artur-N-G5043-P600044.t36.w3">prišel</event>
      <event start="Artur-N-G5043-P600044.t36.w3" end="Artur-N-G5043-P600044.t36.w4">na</event>
      <event start="Artur-N-G5043-P600044.t36.w4" end="Artur-N-G5043-P600044.t37">vrh</event>
      <event start="Artur-N-G5043-P600044.t38.w0" end="Artur-N-G5043-P600044.t38.w1">ja</event>
      <event start="Artur-N-G5043-P600044.t38.w1" end="Artur-N-G5043-P600044.t38.w2">če</event>
      <event start="Artur-N-G5043-P600044.t38.w2" end="Artur-N-G5043-P600044.t38.w3">ne</event>
      <event start="Artur-N-G5043-P600044.t38.w3" end="Artur-N-G5043-P600044.t38.w4">bi</event>
      <event start="Artur-N-G5043-P600044.t38.w4" end="Artur-N-G5043-P600044.t38.w5">pa</event>
      <event start="Artur-N-G5043-P600044.t38.w5" end="Artur-N-G5043-P600044.t39">spodaj</event>
      <event start="Artur-N-G5043-P600044.t38.w6" end="Artur-N-G5043-P600044.t40">ostal</event>
      <event start="Artur-N-G5043-P600044.t40.w0" end="Artur-N-G5043-P600044.t40.w1">a</event>
      <event start="Artur-N-G5043-P600044.t40.w1" end="Artur-N-G5043-P600044.t40.w2">ni</event>
      <event start="Artur-N-G5043-P600044.t40.w2" end="Artur-N-G5043-P600044.t40.w3">smo</event>
      <event start="Artur-N-G5043-P600044.t40.w3" end="Artur-N-G5043-P600044.t40.w4">šli</event>
      <event start="Artur-N-G5043-P600044.t40.w4" end="Artur-N-G5043-P600044.t40.w5">pol</event>
      <event start="Artur-N-G5043-P600044.t40.w5" end="Artur-N-G5043-P600044.t40.w6">na</event>
      <event start="Artur-N-G5043-P600044.t40.w6" end="Artur-N-G5043-P600044.t40.w7">ono</event>
      <event start="Artur-N-G5043-P600044.t40.w7" end="Artur-N-G5043-P600044.t40.w8">stran</event>
      <event start="Artur-N-G5043-P600044.t40.w8" end="Artur-N-G5043-P600044.t41">dol</event>
      <event start="Artur-N-G5043-P600044.t42.w0" end="Artur-N-G5043-P600044.t42.w1">dolta</event>
      <event start="Artur-N-G5043-P600044.t42.w1" end="Artur-N-G5043-P600044.t43">v</event>
      <event start="Artur-N-G5043-P600044.t44.w0" end="Artur-N-G5043-P600044.t44.w1">Pa</event>
      <event start="Artur-N-G5043-P600044.t44.w1" end="Artur-N-G5043-P600044.t44.w2">dolta</event>
      <event start="Artur-N-G5043-P600044.t44.w2" end="Artur-N-G5043-P600044.t44.w3">v</event>
      <event start="Artur-N-G5043-P600044.t44.w3" end="Artur-N-G5043-P600044.t45">Logarsko</event>
      <event start="Artur-N-G5043-P600044.t45.w0" end="Artur-N-G5043-P600044.t46">ja</event>
      <event start="Artur-N-G5043-P600044.t45.w1" end="Artur-N-G5043-P600044.t47">ja</event>
      <event start="Artur-N-G5043-P600044.t47.w0" end="Artur-N-G5043-P600044.t47.w1">ja</event>
      <event start="Artur-N-G5043-P600044.t47.w1" end="Artur-N-G5043-P600044.t47.w2">no</event>
      <event start="Artur-N-G5043-P600044.t47.w2" end="Artur-N-G5043-P600044.t47.w3">in</event>
      <event start="Artur-N-G5043-P600044.t47.w3" end="Artur-N-G5043-P600044.t47.w4">pol</event>
      <event start="Artur-N-G5043-P600044.t47.w4" end="Artur-N-G5043-P600044.t47.w5">smo</event>
      <event start="Artur-N-G5043-P600044.t47.w5" end="Artur-N-G5043-P600044.t47.w6">se</event>
      <event start="Artur-N-G5043-P600044.t47.w6" end="Artur-N-G5043-P600044.t47.w7">zbrali</event>
      <event start="Artur-N-G5043-P600044.t47.w7" end="Artur-N-G5043-P600044.t47.w8">zjutraj</event>
      <event start="Artur-N-G5043-P600044.t47.w8" end="Artur-N-G5043-P600044.t47.w9">koliko</event>
      <event start="Artur-N-G5043-P600044.t47.w9" end="Artur-N-G5043-P600044.t47.w10">je</event>
      <event start="Artur-N-G5043-P600044.t47.w10" end="Artur-N-G5043-P600044.t47.w11">bila</event>
      <event start="Artur-N-G5043-P600044.t47.w11" end="Artur-N-G5043-P600044.t47.w12">ura</event>
      <event start="Artur-N-G5043-P600044.t47.w12" end="Artur-N-G5043-P600044.t48">pet</event>
      <event start="Artur-N-G5043-P600044.t48.w0" end="Artur-N-G5043-P600044.t49">ali</event>
      <event start="Artur-N-G5043-P600044.t49.w0" end="Artur-N-G5043-P600044.t49.w1">okrog</event>
      <event start="Artur-N-G5043-P600044.t49.w1" end="Artur-N-G5043-P600044.t50">petih</event>
      <event start="Artur-N-G5043-P600044.t50.w0" end="Artur-N-G5043-P600044.t50.w1">na</event>
      <event start="Artur-N-G5043-P600044.t50.w1" end="Artur-N-G5043-P600044.t50.w2">avtobusni</event>
      <event start="Artur-N-G5043-P600044.t50.w2" end="Artur-N-G5043-P600044.t51">postaji</event>
      <event start="Artur-N-G5043-P600044.t51.w0" end="Artur-N-G5043-P600044.t51.w1">nas</event>
      <event start="Artur-N-G5043-P600044.t51.w1" end="Artur-N-G5043-P600044.t51.w2">je</event>
      <event start="Artur-N-G5043-P600044.t51.w2" end="Artur-N-G5043-P600044.t51.w3">bilo</event>
      <event start="Artur-N-G5043-P600044.t51.w3" end="Artur-N-G5043-P600044.t51.w4">za</event>
      <event start="Artur-N-G5043-P600044.t51.w4" end="Artur-N-G5043-P600044.t51.w5">en</event>
      <event start="Artur-N-G5043-P600044.t51.w5" end="Artur-N-G5043-P600044.t53">avtobus</event>
      <event start="Artur-N-G5043-P600044.t53.w0" end="Artur-N-G5043-P600044.t53.w1">jaz</event>
      <event start="Artur-N-G5043-P600044.t53.w1" end="Artur-N-G5043-P600044.t53.w2">se</event>
      <event start="Artur-N-G5043-P600044.t53.w2" end="Artur-N-G5043-P600044.t53.w3">spomnim</event>
      <event start="Artur-N-G5043-P600044.t53.w3" end="Artur-N-G5043-P600044.t53.w4">ko</event>
      <event start="Artur-N-G5043-P600044.t53.w4" end="Artur-N-G5043-P600044.t53.w5">sem</event>
      <event start="Artur-N-G5043-P600044.t53.w5" end="Artur-N-G5043-P600044.t53.w6">bil</event>
      <event start="Artur-N-G5043-P600044.t53.w6" end="Artur-N-G5043-P600044.t53.w7">prvič</event>
      <event start="Artur-N-G5043-P600044.t53.w7" end="Artur-N-G5043-P600044.t53.w8">na</event>
      <event start="Artur-N-G5043-P600044.t53.w8" end="Artur-N-G5043-P600044.t53.w9">Triglavu</event>
      <event start="Artur-N-G5043-P600044.t53.w9" end="Artur-N-G5043-P600044.t53.w10">to</event>
      <event start="Artur-N-G5043-P600044.t53.w10" end="Artur-N-G5043-P600044.t53.w11">je</event>
      <event start="Artur-N-G5043-P600044.t53.w11" end="Artur-N-G5043-P600044.t53.w12">bilo</event>
      <event start="Artur-N-G5043-P600044.t53.w12" end="Artur-N-G5043-P600044.t53.w13">petnajstega</event>
      <event start="Artur-N-G5043-P600044.t53.w13" end="Artur-N-G5043-P600044.t53.w14">avgusta</event>
      <event start="Artur-N-G5043-P600044.t53.w14" end="Artur-N-G5043-P600044.t53.w15">tisoč</event>
      <event start="Artur-N-G5043-P600044.t53.w15" end="Artur-N-G5043-P600044.t53.w16">devetsto</event>
      <event start="Artur-N-G5043-P600044.t53.w16" end="Artur-N-G5043-P600044.t54">štiriinšestdeset</event>
      <event start="Artur-N-G5043-P600044.t54.w0" end="Artur-N-G5043-P600044.t54.w1">sem</event>
      <event start="Artur-N-G5043-P600044.t54.w1" end="Artur-N-G5043-P600044.t54.w2">spal</event>
      <event start="Artur-N-G5043-P600044.t54.w2" end="Artur-N-G5043-P600044.t54.w3">na</event>
      <event start="Artur-N-G5043-P600044.t54.w3" end="Artur-N-G5043-P600044.t54.w4">Kredarici</event>
      <event start="Artur-N-G5043-P600044.t54.w4" end="Artur-N-G5043-P600044.t54.w5">v</event>
      <event start="Artur-N-G5043-P600044.t54.w5" end="Artur-N-G5043-P600044.t54.w6">stari</event>
      <event start="Artur-N-G5043-P600044.t54.w6" end="Artur-N-G5043-P600044.t55">koči</event>
      <event start="Artur-N-G5043-P600044.t55.w0" end="Artur-N-G5043-P600044.t55.w1">ko</event>
      <event start="Artur-N-G5043-P600044.t55.w1" end="Artur-N-G5043-P600044.t55.w2">sem</event>
      <event start="Artur-N-G5043-P600044.t55.w2" end="Artur-N-G5043-P600044.t55.w3">šel</event>
      <event start="Artur-N-G5043-P600044.t55.w3" end="Artur-N-G5043-P600044.t55.w4">na</event>
      <event start="Artur-N-G5043-P600044.t55.w4" end="Artur-N-G5043-P600044.t55.w5">drugi</event>
      <event start="Artur-N-G5043-P600044.t55.w5" end="Artur-N-G5043-P600044.t55.w6">pohod</event>
      <event start="Artur-N-G5043-P600044.t55.w6" end="Artur-N-G5043-P600044.t55.w7">sem</event>
      <event start="Artur-N-G5043-P600044.t55.w7" end="Artur-N-G5043-P600044.t55.w8">spal</event>
      <event start="Artur-N-G5043-P600044.t55.w8" end="Artur-N-G5043-P600044.t55.w9">na</event>
      <event start="Artur-N-G5043-P600044.t55.w9" end="Artur-N-G5043-P600044.t55.w10">Staničevi</event>
      <event start="Artur-N-G5043-P600044.t55.w10" end="Artur-N-G5043-P600044.t56">koči</event>
      <event start="Artur-N-G5043-P600044.t56.w0" end="Artur-N-G5043-P600044.t56.w1">ko</event>
      <event start="Artur-N-G5043-P600044.t56.w1" end="Artur-N-G5043-P600044.t56.w2">sem</event>
      <event start="Artur-N-G5043-P600044.t56.w2" end="Artur-N-G5043-P600044.t56.w3">šel</event>
      <event start="Artur-N-G5043-P600044.t56.w3" end="Artur-N-G5043-P600044.t56.w4">pa</event>
      <event start="Artur-N-G5043-P600044.t56.w4" end="Artur-N-G5043-P600044.t56.w5">na</event>
      <event start="Artur-N-G5043-P600044.t56.w5" end="Artur-N-G5043-P600044.t56.w6">tretji</event>
      <event start="Artur-N-G5043-P600044.t56.w6" end="Artur-N-G5043-P600044.t56.w7">pohod</event>
      <event start="Artur-N-G5043-P600044.t56.w7" end="Artur-N-G5043-P600044.t56.w8">sem</event>
      <event start="Artur-N-G5043-P600044.t56.w8" end="Artur-N-G5043-P600044.t56.w9">spal</event>
      <event start="Artur-N-G5043-P600044.t56.w9" end="Artur-N-G5043-P600044.t56.w10">pa</event>
      <event start="Artur-N-G5043-P600044.t56.w10" end="Artur-N-G5043-P600044.t56.w11">na</event>
      <event start="Artur-N-G5043-P600044.t56.w11" end="Artur-N-G5043-P600044.t56.w12">e</event>
      <event start="Artur-N-G5043-P600044.t56.w12" end="Artur-N-G5043-P600044.t57">Planiki</event>
      <event start="Artur-N-G5043-P600044.t57.w0" end="Artur-N-G5043-P600044.t57.w1">in</event>
      <event start="Artur-N-G5043-P600044.t57.w1" end="Artur-N-G5043-P600044.t57.w2">od</event>
      <event start="Artur-N-G5043-P600044.t57.w2" end="Artur-N-G5043-P600044.t57.w3">tam</event>
      <event start="Artur-N-G5043-P600044.t57.w3" end="Artur-N-G5043-P600044.t57.w4">smo</event>
      <event start="Artur-N-G5043-P600044.t57.w4" end="Artur-N-G5043-P600044.t57.w5">tudi</event>
      <event start="Artur-N-G5043-P600044.t57.w5" end="Artur-N-G5043-P600044.t57.w6">šli</event>
      <event start="Artur-N-G5043-P600044.t57.w6" end="Artur-N-G5043-P600044.t57.w7">na</event>
      <event start="Artur-N-G5043-P600044.t57.w7" end="Artur-N-G5043-P600044.t58">vrh</event>
      <event start="Artur-N-G5043-P600044.t58.w0" end="Artur-N-G5043-P600044.t58.w1">ampak</event>
      <event start="Artur-N-G5043-P600044.t58.w1" end="Artur-N-G5043-P600044.t58.w2">to</event>
      <event start="Artur-N-G5043-P600044.t58.w2" end="Artur-N-G5043-P600044.t58.w3">drugi</event>
      <event start="Artur-N-G5043-P600044.t58.w3" end="Artur-N-G5043-P600044.t59">dan</event>
      <event start="Artur-N-G5043-P600044.t59.w0" end="Artur-N-G5043-P600044.t59.w1">ne</event>
      <event start="Artur-N-G5043-P600044.t59.w1" end="Artur-N-G5043-P600044.t60">prvi</event>
      <event start="Artur-N-G5043-P600044.t59.w2" end="Artur-N-G5043-P600044.t61">dan</event>
      <event start="Artur-N-G5043-P600044.t61.w0" end="Artur-N-G5043-P600044.t62">zjutraj</event>
      <event start="Artur-N-G5043-P600044.t63.w0" end="Artur-N-G5043-P600044.t63.w1">jaz</event>
      <event start="Artur-N-G5043-P600044.t63.w1" end="Artur-N-G5043-P600044.t63.w2">se</event>
      <event start="Artur-N-G5043-P600044.t63.w2" end="Artur-N-G5043-P600044.t63.w3">bolj</event>
      <event start="Artur-N-G5043-P600044.t63.w3" end="Artur-N-G5043-P600044.t63.w4">spomnim</event>
      <event start="Artur-N-G5043-P600044.t63.w4" end="Artur-N-G5043-P600044.t63.w5">da</event>
      <event start="Artur-N-G5043-P600044.t63.w5" end="Artur-N-G5043-P600044.t63.w6">smo</event>
      <event start="Artur-N-G5043-P600044.t63.w6" end="Artur-N-G5043-P600044.t63.w7">šli</event>
      <event start="Artur-N-G5043-P600044.t63.w7" end="Artur-N-G5043-P600044.t63.w8">v</event>
      <event start="Artur-N-G5043-P600044.t63.w8" end="Artur-N-G5043-P600044.t63.w9">dolino</event>
      <event start="Artur-N-G5043-P600044.t63.w9" end="Artur-N-G5043-P600044.t64">Krme</event>
      <event start="Artur-N-G5043-P600044.t64.w0" end="Artur-N-G5043-P600044.t64.w1">v</event>
      <event start="Artur-N-G5043-P600044.t64.w1" end="Artur-N-G5043-P600044.t64.w2">Kovinarsko</event>
      <event start="Artur-N-G5043-P600044.t64.w2" end="Artur-N-G5043-P600044.t64.w3">kočo</event>
      <event start="Artur-N-G5043-P600044.t64.w3" end="Artur-N-G5043-P600044.t64.w4">iz</event>
      <event start="Artur-N-G5043-P600044.t64.w4" end="Artur-N-G5043-P600044.t64.w5">a</event>
      <event start="Artur-N-G5043-P600044.t64.w5" end="Artur-N-G5043-P600044.t64.w6">to</event>
      <event start="Artur-N-G5043-P600044.t64.w6" end="Artur-N-G5043-P600044.t64.w7">je</event>
      <event start="Artur-N-G5043-P600044.t64.w7" end="Artur-N-G5043-P600044.t64.w8">jeseniška</event>
      <event start="Artur-N-G5043-P600044.t64.w8" end="Artur-N-G5043-P600044.t64.w9">koča</event>
      <event start="Artur-N-G5043-P600044.t64.w9" end="Artur-N-G5043-P600044.t64.w10">gor</event>
      <event start="Artur-N-G5043-P600044.t64.w10" end="Artur-N-G5043-P600044.t64.w11">ali</event>
      <event start="Artur-N-G5043-P600044.t64.w11" end="Artur-N-G5043-P600044.t65">čigava</event>
      <event start="Artur-N-G5043-P600044.t65.w0" end="Artur-N-G5043-P600044.t66">kovinarska</event>
      <event start="Artur-N-G5043-P600044.t65.w1" end="Artur-N-G5043-P600044.t67">koča</event>
      <event start="Artur-N-G5043-P600044.t67.w0" end="Artur-N-G5043-P600044.t67.w1">no</event>
      <event start="Artur-N-G5043-P600044.t67.w1" end="Artur-N-G5043-P600044.t67.w2">te</event>
      <event start="Artur-N-G5043-P600044.t67.w2" end="Artur-N-G5043-P600044.t67.w3">se</event>
      <event start="Artur-N-G5043-P600044.t67.w3" end="Artur-N-G5043-P600044.t67.w4">spomnim</event>
      <event start="Artur-N-G5043-P600044.t67.w4" end="Artur-N-G5043-P600044.t67.w5">da</event>
      <event start="Artur-N-G5043-P600044.t67.w5" end="Artur-N-G5043-P600044.t67.w6">smo</event>
      <event start="Artur-N-G5043-P600044.t67.w6" end="Artur-N-G5043-P600044.t67.w7">prišli</event>
      <event start="Artur-N-G5043-P600044.t67.w7" end="Artur-N-G5043-P600044.t67.w8">tam</event>
      <event start="Artur-N-G5043-P600044.t67.w8" end="Artur-N-G5043-P600044.t68">dol</event>
      <event start="Artur-N-G5043-P600044.t68.w0" end="Artur-N-G5043-P600044.t68.w1">ampak</event>
      <event start="Artur-N-G5043-P600044.t68.w1" end="Artur-N-G5043-P600044.t69">vem</event>
      <event start="Artur-N-G5043-P600044.t69.w0" end="Artur-N-G5043-P600044.t69.w1">da</event>
      <event start="Artur-N-G5043-P600044.t69.w1" end="Artur-N-G5043-P600044.t69.w2">so</event>
      <event start="Artur-N-G5043-P600044.t69.w2" end="Artur-N-G5043-P600044.t69.w3">Gorenjci</event>
      <event start="Artur-N-G5043-P600044.t69.w3" end="Artur-N-G5043-P600044.t70">ne</event>
      <event start="Artur-N-G5043-P600044.t70.w0" end="Artur-N-G5043-P600044.t70.w1">da</event>
      <event start="Artur-N-G5043-P600044.t70.w1" end="Artur-N-G5043-P600044.t70.w2">niso</event>
      <event start="Artur-N-G5043-P600044.t70.w2" end="Artur-N-G5043-P600044.t70.w3">imeli</event>
      <event start="Artur-N-G5043-P600044.t70.w3" end="Artur-N-G5043-P600044.t70.w4">niti</event>
      <event start="Artur-N-G5043-P600044.t70.w4" end="Artur-N-G5043-P600044.t70.w5">enega</event>
      <event start="Artur-N-G5043-P600044.t70.w5" end="Artur-N-G5043-P600044.t71">mrzlega</event>
      <event start="Artur-N-G5043-P600044.t70.w6" end="Artur-N-G5043-P600044.t72">piva</event>
    </tier>
    <tier id="2" category="additional" speaker="Artur-N-G5043" type="t" display-name="Artur-N-G5043 [additional]"/>
    <tier id="3" category="disfluencyType" speaker="Artur-N-G5043" type="a" display-name="Artur-N-G5043 [disfluencyType]"/>
    <tier id="4" category="disfluencyStructure" speaker="Artur-N-G5043" type="a" display-name="Artur-N-G5043 [disfluencyStructure]"/>
  </basic-body>
</basic-transcription>
