<?xml version="1.0" encoding="UTF-8"?>
<basic-transcription>
  <head>
    <meta-information>
      <project-name/>
      <transcription-name/>
      <referenced-file url="Iriss-N-G5019-P600012-avd.wav"/>
      <ud-meta-information/>
      <comment>Compiled from Gos2.1 TEI version of IRISS on 2023-10-05 16:05:09.934442</comment>
      <transcription-convention/>
    </meta-information>
    <speakertable>
      <speaker id="Artur-N-G5019">
        <abbreviation>Artur-N-G5019</abbreviation>
      </speaker>
    </speakertable>
  </head>
  <basic-body>
    <common-timeline>
      <tli id="Artur-N-G5019-P600012.t2" time="28.425"/>
      <tli id="Artur-N-G5019-P600012.t2.w0" time="29.265"/>
      <tli id="Artur-N-G5019-P600012.t3" time="29.568"/>
      <tli id="Artur-N-G5019-P600012.t2.w1" time="29.815"/>
      <tli id="Artur-N-G5019-P600012.t2.w2" time="31.425"/>
      <tli id="Artur-N-G5019-P600012.t2.w3" time="36.075"/>
      <tli id="Artur-N-G5019-P600012.t4" time="41.014"/>
      <tli id="Artur-N-G5019-P600012.t4.w0" time="41.144"/>
      <tli id="Artur-N-G5019-P600012.t4.w1" time="41.384"/>
      <tli id="Artur-N-G5019-P600012.t4.w2" time="41.634"/>
      <tli id="Artur-N-G5019-P600012.t5" time="42.211"/>
      <tli id="Artur-N-G5019-P600012.t6.w0" time="44.728"/>
      <tli id="Artur-N-G5019-P600012.t6.w1" time="45.048"/>
      <tli id="Artur-N-G5019-P600012.t6.w2" time="45.658"/>
      <tli id="Artur-N-G5019-P600012.t6.w3" time="45.808"/>
      <tli id="Artur-N-G5019-P600012.t7" time="46.642"/>
      <tli id="Artur-N-G5019-P600012.t7.w0" time="48.342"/>
      <tli id="Artur-N-G5019-P600012.t9" time="49.261"/>
      <tli id="Artur-N-G5019-P600012.t7.w1" time="53.932"/>
      <tli id="Artur-N-G5019-P600012.t7.w2" time="60.412"/>
      <tli id="Artur-N-G5019-P600012.t7.w3" time="65.162"/>
      <tli id="Artur-N-G5019-P600012.t10" time="66.423"/>
      <tli id="Artur-N-G5019-P600012.t10.w0" time="74.603"/>
      <tli id="Artur-N-G5019-P600012.t12" time="85.025"/>
      <tli id="Artur-N-G5019-P600012.t12.w0" time="85.025"/>
      <tli id="Artur-N-G5019-P600012.t12.w1" time="85.155"/>
      <tli id="Artur-N-G5019-P600012.t12.w2" time="85.285"/>
      <tli id="Artur-N-G5019-P600012.t12.w3" time="85.505"/>
      <tli id="Artur-N-G5019-P600012.t12.w4" time="85.985"/>
      <tli id="Artur-N-G5019-P600012.t13" time="87.165"/>
      <tli id="Artur-N-G5019-P600012.t13.w0" time="87.165"/>
      <tli id="Artur-N-G5019-P600012.t13.w1" time="87.345"/>
      <tli id="Artur-N-G5019-P600012.t13.w2" time="87.455"/>
      <tli id="Artur-N-G5019-P600012.t13.w3" time="87.735"/>
      <tli id="Artur-N-G5019-P600012.t13.w4" time="87.845"/>
      <tli id="Artur-N-G5019-P600012.t13.w5" time="88.005"/>
      <tli id="Artur-N-G5019-P600012.t13.w6" time="88.175"/>
      <tli id="Artur-N-G5019-P600012.t13.w7" time="88.415"/>
      <tli id="Artur-N-G5019-P600012.t13.w8" time="88.875"/>
      <tli id="Artur-N-G5019-P600012.t13.w9" time="89.185"/>
      <tli id="Artur-N-G5019-P600012.t13.w10" time="89.915"/>
      <tli id="Artur-N-G5019-P600012.t13.w11" time="90.145"/>
      <tli id="Artur-N-G5019-P600012.t14" time="92.195"/>
      <tli id="Artur-N-G5019-P600012.t13.w12" time="92.965"/>
      <tli id="Artur-N-G5019-P600012.t13.w13" time="96.125"/>
      <tli id="Artur-N-G5019-P600012.t13.w14" time="99.265"/>
      <tli id="Artur-N-G5019-P600012.t13.w15" time="101.225"/>
      <tli id="Artur-N-G5019-P600012.t13.w16" time="102.535"/>
      <tli id="Artur-N-G5019-P600012.t13.w17" time="106.585"/>
      <tli id="Artur-N-G5019-P600012.t15" time="107.031"/>
      <tli id="Artur-N-G5019-P600012.t15.w0" time="107.031"/>
      <tli id="Artur-N-G5019-P600012.t15.w1" time="107.121"/>
      <tli id="Artur-N-G5019-P600012.t15.w2" time="107.301"/>
      <tli id="Artur-N-G5019-P600012.t15.w3" time="107.451"/>
      <tli id="Artur-N-G5019-P600012.t15.w4" time="107.711"/>
      <tli id="Artur-N-G5019-P600012.t15.w5" time="108.131"/>
      <tli id="Artur-N-G5019-P600012.t15.w6" time="108.651"/>
      <tli id="Artur-N-G5019-P600012.t15.w7" time="108.881"/>
      <tli id="Artur-N-G5019-P600012.t15.w8" time="109.101"/>
      <tli id="Artur-N-G5019-P600012.t15.w9" time="109.231"/>
      <tli id="Artur-N-G5019-P600012.t16" time="109.756"/>
      <tli id="Artur-N-G5019-P600012.t17.w0" time="128.221"/>
      <tli id="Artur-N-G5019-P600012.t17.w1" time="128.641"/>
      <tli id="Artur-N-G5019-P600012.t17.w2" time="128.731"/>
      <tli id="Artur-N-G5019-P600012.t17.w3" time="128.861"/>
      <tli id="Artur-N-G5019-P600012.t17.w4" time="128.991"/>
      <tli id="Artur-N-G5019-P600012.t18" time="129.961"/>
      <tli id="Artur-N-G5019-P600012.t17.w5" time="130.861"/>
      <tli id="Artur-N-G5019-P600012.t19" time="132.709"/>
      <tli id="Artur-N-G5019-P600012.t19.w0" time="132.709"/>
      <tli id="Artur-N-G5019-P600012.t19.w1" time="132.999"/>
      <tli id="Artur-N-G5019-P600012.t19.w2" time="133.319"/>
      <tli id="Artur-N-G5019-P600012.t19.w3" time="133.449"/>
      <tli id="Artur-N-G5019-P600012.t19.w4" time="133.579"/>
      <tli id="Artur-N-G5019-P600012.t20" time="134.295"/>
      <tli id="Artur-N-G5019-P600012.t21.w0" time="149.827"/>
      <tli id="Artur-N-G5019-P600012.t21.w1" time="149.917"/>
      <tli id="Artur-N-G5019-P600012.t21.w2" time="149.997"/>
      <tli id="Artur-N-G5019-P600012.t21.w3" time="150.187"/>
      <tli id="Artur-N-G5019-P600012.t21.w4" time="150.387"/>
      <tli id="Artur-N-G5019-P600012.t21.w5" time="150.497"/>
      <tli id="Artur-N-G5019-P600012.t21.w6" time="150.717"/>
      <tli id="Artur-N-G5019-P600012.t21.w7" time="151.387"/>
      <tli id="Artur-N-G5019-P600012.t21.w8" time="151.667"/>
      <tli id="Artur-N-G5019-P600012.t22" time="152.499"/>
      <tli id="Artur-N-G5019-P600012.t21.w9" time="155.157"/>
      <tli id="Artur-N-G5019-P600012.t21.w10" time="159.077"/>
      <tli id="Artur-N-G5019-P600012.t23" time="161.916"/>
      <tli id="Artur-N-G5019-P600012.t23.w0" time="165.036"/>
      <tli id="Artur-N-G5019-P600012.t25" time="169.963"/>
      <tli id="Artur-N-G5019-P600012.t25.w0" time="169.963"/>
      <tli id="Artur-N-G5019-P600012.t25.w1" time="170.133"/>
      <tli id="Artur-N-G5019-P600012.t26" time="170.973"/>
      <tli id="Artur-N-G5019-P600012.t26.w0" time="170.973"/>
      <tli id="Artur-N-G5019-P600012.t26.w1" time="171.173"/>
      <tli id="Artur-N-G5019-P600012.t26.w2" time="171.283"/>
      <tli id="Artur-N-G5019-P600012.t26.w3" time="171.343"/>
      <tli id="Artur-N-G5019-P600012.t27" time="173.300"/>
      <tli id="Artur-N-G5019-P600012.t27.w0" time="175.950"/>
      <tli id="Artur-N-G5019-P600012.t27.w1" time="192.500"/>
      <tli id="Artur-N-G5019-P600012.t29" time="193.955"/>
      <tli id="Artur-N-G5019-P600012.t29.w0" time="194.025"/>
      <tli id="Artur-N-G5019-P600012.t29.w1" time="194.145"/>
      <tli id="Artur-N-G5019-P600012.t30" time="194.921"/>
      <tli id="Artur-N-G5019-P600012.t29.w2" time="195.795"/>
      <tli id="Artur-N-G5019-P600012.t31" time="196.738"/>
      <tli id="Artur-N-G5019-P600012.t31.w0" time="196.778"/>
      <tli id="Artur-N-G5019-P600012.t31.w1" time="196.938"/>
      <tli id="Artur-N-G5019-P600012.t31.w2" time="197.108"/>
      <tli id="Artur-N-G5019-P600012.t31.w3" time="197.228"/>
      <tli id="Artur-N-G5019-P600012.t31.w4" time="197.468"/>
      <tli id="Artur-N-G5019-P600012.t31.w5" time="197.558"/>
      <tli id="Artur-N-G5019-P600012.t31.w6" time="197.758"/>
      <tli id="Artur-N-G5019-P600012.t31.w7" time="198.398"/>
      <tli id="Artur-N-G5019-P600012.t31.w8" time="198.888"/>
      <tli id="Artur-N-G5019-P600012.t31.w9" time="198.978"/>
      <tli id="Artur-N-G5019-P600012.t31.w10" time="199.278"/>
      <tli id="Artur-N-G5019-P600012.t31.w11" time="199.698"/>
      <tli id="Artur-N-G5019-P600012.t31.w12" time="199.908"/>
      <tli id="Artur-N-G5019-P600012.t32" time="200.607"/>
      <tli id="Artur-N-G5019-P600012.t31.w13" time="201.498"/>
      <tli id="Artur-N-G5019-P600012.t31.w14" time="211.918"/>
      <tli id="Artur-N-G5019-P600012.t33" time="213.555"/>
      <tli id="Artur-N-G5019-P600012.t33.w0" time="213.615"/>
      <tli id="Artur-N-G5019-P600012.t33.w1" time="213.755"/>
      <tli id="Artur-N-G5019-P600012.t33.w2" time="213.855"/>
      <tli id="Artur-N-G5019-P600012.t33.w3" time="214.155"/>
      <tli id="Artur-N-G5019-P600012.t33.w4" time="214.465"/>
      <tli id="Artur-N-G5019-P600012.t33.w5" time="214.525"/>
      <tli id="Artur-N-G5019-P600012.t33.w6" time="214.845"/>
      <tli id="Artur-N-G5019-P600012.t33.w7" time="214.975"/>
      <tli id="Artur-N-G5019-P600012.t33.w8" time="215.135"/>
      <tli id="Artur-N-G5019-P600012.t33.w9" time="215.465"/>
      <tli id="Artur-N-G5019-P600012.t33.w10" time="215.565"/>
      <tli id="Artur-N-G5019-P600012.t33.w11" time="215.795"/>
      <tli id="Artur-N-G5019-P600012.t33.w12" time="216.325"/>
      <tli id="Artur-N-G5019-P600012.t33.w13" time="216.555"/>
      <tli id="Artur-N-G5019-P600012.t33.w14" time="216.765"/>
      <tli id="Artur-N-G5019-P600012.t33.w15" time="217.415"/>
      <tli id="Artur-N-G5019-P600012.t33.w16" time="217.565"/>
      <tli id="Artur-N-G5019-P600012.t33.w17" time="217.775"/>
      <tli id="Artur-N-G5019-P600012.t33.w18" time="217.925"/>
      <tli id="Artur-N-G5019-P600012.t33.w19" time="218.135"/>
      <tli id="Artur-N-G5019-P600012.t34" time="219.174"/>
      <tli id="Artur-N-G5019-P600012.t34.w0" time="219.174"/>
      <tli id="Artur-N-G5019-P600012.t35" time="220.051"/>
      <tli id="Artur-N-G5019-P600012.t35.w0" time="238.391"/>
      <tli id="Artur-N-G5019-P600012.t37" time="240.958"/>
      <tli id="Artur-N-G5019-P600012.t37.w0" time="241.088"/>
      <tli id="Artur-N-G5019-P600012.t37.w1" time="241.518"/>
      <tli id="Artur-N-G5019-P600012.t37.w2" time="241.738"/>
      <tli id="Artur-N-G5019-P600012.t38" time="242.589"/>
      <tli id="Artur-N-G5019-P600012.t38.w0" time="242.589"/>
      <tli id="Artur-N-G5019-P600012.t38.w1" time="243.099"/>
      <tli id="Artur-N-G5019-P600012.t38.w2" time="243.399"/>
      <tli id="Artur-N-G5019-P600012.t39" time="244.308"/>
      <tli id="Artur-N-G5019-P600012.t39.w0" time="244.338"/>
      <tli id="Artur-N-G5019-P600012.t39.w1" time="244.798"/>
      <tli id="Artur-N-G5019-P600012.t39.w2" time="244.868"/>
      <tli id="Artur-N-G5019-P600012.t39.w3" time="245.258"/>
      <tli id="Artur-N-G5019-P600012.t40" time="245.970"/>
      <tli id="Artur-N-G5019-P600012.t41.w0" time="249.642"/>
      <tli id="Artur-N-G5019-P600012.t41.w1" time="249.962"/>
      <tli id="Artur-N-G5019-P600012.t41.w2" time="250.222"/>
      <tli id="Artur-N-G5019-P600012.t41.w3" time="250.772"/>
      <tli id="Artur-N-G5019-P600012.t41.w4" time="250.922"/>
      <tli id="Artur-N-G5019-P600012.t41.w5" time="251.052"/>
      <tli id="Artur-N-G5019-P600012.t41.w6" time="251.172"/>
      <tli id="Artur-N-G5019-P600012.t41.w7" time="251.512"/>
      <tli id="Artur-N-G5019-P600012.t41.w8" time="251.862"/>
      <tli id="Artur-N-G5019-P600012.t41.w9" time="252.292"/>
      <tli id="Artur-N-G5019-P600012.t41.w10" time="252.592"/>
      <tli id="Artur-N-G5019-P600012.t41.w11" time="253.132"/>
      <tli id="Artur-N-G5019-P600012.t41.w12" time="253.252"/>
      <tli id="Artur-N-G5019-P600012.t42" time="255.187"/>
      <tli id="Artur-N-G5019-P600012.t42.w0" time="259.077"/>
      <tli id="Artur-N-G5019-P600012.t42.w1" time="269.147"/>
      <tli id="Artur-N-G5019-P600012.t42.w2" time="271.577"/>
      <tli id="Artur-N-G5019-P600012.t42.w3" time="277.187"/>
      <tli id="Artur-N-G5019-P600012.t45" time="283.292"/>
      <tli id="Artur-N-G5019-P600012.t45.w0" time="283.292"/>
      <tli id="Artur-N-G5019-P600012.t45.w1" time="283.432"/>
      <tli id="Artur-N-G5019-P600012.t45.w2" time="283.592"/>
      <tli id="Artur-N-G5019-P600012.t45.w3" time="283.652"/>
      <tli id="Artur-N-G5019-P600012.t45.w4" time="283.812"/>
      <tli id="Artur-N-G5019-P600012.t46" time="284.666"/>
      <tli id="Artur-N-G5019-P600012.t45.w5" time="285.872"/>
      <tli id="Artur-N-G5019-P600012.t45.w6" time="289.062"/>
      <tli id="Artur-N-G5019-P600012.t47" time="290.861"/>
      <tli id="Artur-N-G5019-P600012.t47.w0" time="290.911"/>
      <tli id="Artur-N-G5019-P600012.t47.w1" time="291.151"/>
      <tli id="Artur-N-G5019-P600012.t47.w2" time="291.371"/>
      <tli id="Artur-N-G5019-P600012.t47.w3" time="291.651"/>
      <tli id="Artur-N-G5019-P600012.t48" time="292.248"/>
      <tli id="Artur-N-G5019-P600012.t47.w4" time="293.981"/>
      <tli id="Artur-N-G5019-P600012.t49" time="296.436"/>
      <tli id="Artur-N-G5019-P600012.t49.w0" time="296.436"/>
      <tli id="Artur-N-G5019-P600012.t49.w1" time="296.556"/>
      <tli id="Artur-N-G5019-P600012.t49.w2" time="296.716"/>
      <tli id="Artur-N-G5019-P600012.t49.w3" time="296.876"/>
      <tli id="Artur-N-G5019-P600012.t49.w4" time="297.106"/>
      <tli id="Artur-N-G5019-P600012.t49.w5" time="297.236"/>
      <tli id="Artur-N-G5019-P600012.t49.w6" time="297.376"/>
      <tli id="Artur-N-G5019-P600012.t50" time="298.576"/>
      <tli id="Artur-N-G5019-P600012.t49.w7" time="298.746"/>
      <tli id="Artur-N-G5019-P600012.t49.w8" time="303.686"/>
      <tli id="Artur-N-G5019-P600012.t49.w9" time="310.336"/>
      <tli id="Artur-N-G5019-P600012.t49.w10" time="312.726"/>
      <tli id="Artur-N-G5019-P600012.t49.w11" time="318.336"/>
      <tli id="Artur-N-G5019-P600012.t51" time="321.469"/>
      <tli id="Artur-N-G5019-P600012.t51.w0" time="321.469"/>
      <tli id="Artur-N-G5019-P600012.t51.w1" time="321.689"/>
      <tli id="Artur-N-G5019-P600012.t51.w2" time="321.899"/>
      <tli id="Artur-N-G5019-P600012.t51.w3" time="322.019"/>
      <tli id="Artur-N-G5019-P600012.t51.w4" time="322.329"/>
      <tli id="Artur-N-G5019-P600012.t52" time="323.242"/>
      <tli id="Artur-N-G5019-P600012.t52.w0" time="323.542"/>
      <tli id="Artur-N-G5019-P600012.t52.w1" time="323.872"/>
      <tli id="Artur-N-G5019-P600012.t52.w2" time="324.102"/>
      <tli id="Artur-N-G5019-P600012.t52.w3" time="324.322"/>
      <tli id="Artur-N-G5019-P600012.t52.w4" time="324.482"/>
      <tli id="Artur-N-G5019-P600012.t53" time="325.360"/>
      <tli id="Artur-N-G5019-P600012.t54.w0" time="331.603"/>
      <tli id="Artur-N-G5019-P600012.t54.w1" time="331.763"/>
      <tli id="Artur-N-G5019-P600012.t54.w2" time="331.843"/>
      <tli id="Artur-N-G5019-P600012.t55" time="333.270"/>
      <tli id="Artur-N-G5019-P600012.t54.w3" time="334.913"/>
      <tli id="Artur-N-G5019-P600012.t54.w4" time="342.723"/>
      <tli id="Artur-N-G5019-P600012.t56" time="354.465"/>
      <tli id="Artur-N-G5019-P600012.t56.w0" time="354.465"/>
      <tli id="Artur-N-G5019-P600012.t56.w1" time="354.615"/>
      <tli id="Artur-N-G5019-P600012.t56.w2" time="354.865"/>
      <tli id="Artur-N-G5019-P600012.t56.w3" time="355.075"/>
      <tli id="Artur-N-G5019-P600012.t56.w4" time="355.735"/>
      <tli id="Artur-N-G5019-P600012.t56.w5" time="356.335"/>
      <tli id="Artur-N-G5019-P600012.t56.w6" time="356.595"/>
      <tli id="Artur-N-G5019-P600012.t56.w7" time="356.695"/>
      <tli id="Artur-N-G5019-P600012.t56.w8" time="356.815"/>
      <tli id="Artur-N-G5019-P600012.t56.w9" time="357.015"/>
      <tli id="Artur-N-G5019-P600012.t56.w10" time="357.295"/>
      <tli id="Artur-N-G5019-P600012.t56.w11" time="357.915"/>
      <tli id="Artur-N-G5019-P600012.t56.w12" time="358.345"/>
      <tli id="Artur-N-G5019-P600012.t57" time="359.663"/>
    </common-timeline>
    <tier id="0" category="v" speaker="Artur-N-G5019" type="t" display-name="Artur-N-G5019">
      <event start="Artur-N-G5019-P600012.t2.w0" end="Artur-N-G5019-P600012.t3">kaj</event>
      <event start="Artur-N-G5019-P600012.t2.w1" end="Artur-N-G5019-P600012.t2.w2">pa</event>
      <event start="Artur-N-G5019-P600012.t2.w2" end="Artur-N-G5019-P600012.t2.w3">sama</event>
      <event start="Artur-N-G5019-P600012.t2.w3" end="Artur-N-G5019-P600012.t4">pravi</event>
      <event start="Artur-N-G5019-P600012.t4.w0" end="Artur-N-G5019-P600012.t4.w1">zaj</event>
      <event start="Artur-N-G5019-P600012.t4.w1" end="Artur-N-G5019-P600012.t4.w2">še</event>
      <event start="Artur-N-G5019-P600012.t4.w2" end="Artur-N-G5019-P600012.t5">fprašanje</event>
      <event start="Artur-N-G5019-P600012.t6.w0" end="Artur-N-G5019-P600012.t6.w1">Še</event>
      <event start="Artur-N-G5019-P600012.t6.w1" end="Artur-N-G5019-P600012.t6.w2">fprašanje</event>
      <event start="Artur-N-G5019-P600012.t6.w2" end="Artur-N-G5019-P600012.t6.w3">kolk</event>
      <event start="Artur-N-G5019-P600012.t6.w3" end="Artur-N-G5019-P600012.t7">bo</event>
      <event start="Artur-N-G5019-P600012.t7.w0" end="Artur-N-G5019-P600012.t9">on</event>
      <event start="Artur-N-G5019-P600012.t7.w1" end="Artur-N-G5019-P600012.t7.w2">mel</event>
      <event start="Artur-N-G5019-P600012.t7.w2" end="Artur-N-G5019-P600012.t7.w3">ne</event>
      <event start="Artur-N-G5019-P600012.t7.w3" end="Artur-N-G5019-P600012.t10">tudi</event>
      <event start="Artur-N-G5019-P600012.t10.w0" end="Artur-N-G5019-P600012.t12">ja</event>
      <event start="Artur-N-G5019-P600012.t12.w0" end="Artur-N-G5019-P600012.t12.w1">ja</event>
      <event start="Artur-N-G5019-P600012.t12.w1" end="Artur-N-G5019-P600012.t12.w2">pa</event>
      <event start="Artur-N-G5019-P600012.t12.w2" end="Artur-N-G5019-P600012.t12.w3">ni</event>
      <event start="Artur-N-G5019-P600012.t12.w3" end="Artur-N-G5019-P600012.t12.w4">mus</event>
      <event start="Artur-N-G5019-P600012.t12.w4" end="Artur-N-G5019-P600012.t13">ni</event>
      <event start="Artur-N-G5019-P600012.t13.w0" end="Artur-N-G5019-P600012.t13.w1">Ja</event>
      <event start="Artur-N-G5019-P600012.t13.w1" end="Artur-N-G5019-P600012.t13.w2">pa</event>
      <event start="Artur-N-G5019-P600012.t13.w2" end="Artur-N-G5019-P600012.t13.w3">dobro</event>
      <event start="Artur-N-G5019-P600012.t13.w3" end="Artur-N-G5019-P600012.t13.w4">zaj</event>
      <event start="Artur-N-G5019-P600012.t13.w4" end="Artur-N-G5019-P600012.t13.w5">če</event>
      <event start="Artur-N-G5019-P600012.t13.w5" end="Artur-N-G5019-P600012.t13.w6">bojo</event>
      <event start="Artur-N-G5019-P600012.t13.w6" end="Artur-N-G5019-P600012.t13.w7">prej</event>
      <event start="Artur-N-G5019-P600012.t13.w7" end="Artur-N-G5019-P600012.t13.w8">korona</event>
      <event start="Artur-N-G5019-P600012.t13.w8" end="Artur-N-G5019-P600012.t13.w9">kaj</event>
      <event start="Artur-N-G5019-P600012.t13.w9" end="Artur-N-G5019-P600012.t13.w10">eee</event>
      <event start="Artur-N-G5019-P600012.t13.w10" end="Artur-N-G5019-P600012.t13.w11">se</event>
      <event start="Artur-N-G5019-P600012.t13.w11" end="Artur-N-G5019-P600012.t14">zmanjšala</event>
      <event start="Artur-N-G5019-P600012.t13.w12" end="Artur-N-G5019-P600012.t13.w13">bojo</event>
      <event start="Artur-N-G5019-P600012.t13.w13" end="Artur-N-G5019-P600012.t13.w14">sigurno</event>
      <event start="Artur-N-G5019-P600012.t13.w14" end="Artur-N-G5019-P600012.t13.w15">meli</event>
      <event start="Artur-N-G5019-P600012.t13.w15" end="Artur-N-G5019-P600012.t13.w16">kaj</event>
      <event start="Artur-N-G5019-P600012.t13.w16" end="Artur-N-G5019-P600012.t13.w17">prej</event>
      <event start="Artur-N-G5019-P600012.t13.w17" end="Artur-N-G5019-P600012.t15">ne</event>
      <event start="Artur-N-G5019-P600012.t15.w0" end="Artur-N-G5019-P600012.t15.w1">pa</event>
      <event start="Artur-N-G5019-P600012.t15.w1" end="Artur-N-G5019-P600012.t15.w2">kaj</event>
      <event start="Artur-N-G5019-P600012.t15.w2" end="Artur-N-G5019-P600012.t15.w3">zaj</event>
      <event start="Artur-N-G5019-P600012.t15.w3" end="Artur-N-G5019-P600012.t15.w4">majo</event>
      <event start="Artur-N-G5019-P600012.t15.w4" end="Artur-N-G5019-P600012.t15.w5">vaje</event>
      <event start="Artur-N-G5019-P600012.t15.w5" end="Artur-N-G5019-P600012.t15.w6">normalno</event>
      <event start="Artur-N-G5019-P600012.t15.w6" end="Artur-N-G5019-P600012.t15.w7">fsak</event>
      <event start="Artur-N-G5019-P600012.t15.w7" end="Artur-N-G5019-P600012.t15.w8">dan</event>
      <event start="Artur-N-G5019-P600012.t15.w8" end="Artur-N-G5019-P600012.t15.w9">al</event>
      <event start="Artur-N-G5019-P600012.t15.w9" end="Artur-N-G5019-P600012.t16">kak</event>
      <event start="Artur-N-G5019-P600012.t17.w0" end="Artur-N-G5019-P600012.t17.w1">ka</event>
      <event start="Artur-N-G5019-P600012.t17.w1" end="Artur-N-G5019-P600012.t17.w2">pa</event>
      <event start="Artur-N-G5019-P600012.t17.w2" end="Artur-N-G5019-P600012.t17.w3">ka</event>
      <event start="Artur-N-G5019-P600012.t17.w3" end="Artur-N-G5019-P600012.t17.w4">pa</event>
      <event start="Artur-N-G5019-P600012.t17.w4" end="Artur-N-G5019-P600012.t18">pravi</event>
      <event start="Artur-N-G5019-P600012.t17.w5" end="Artur-N-G5019-P600012.t19">Nina</event>
      <event start="Artur-N-G5019-P600012.t19.w0" end="Artur-N-G5019-P600012.t19.w1">mislim</event>
      <event start="Artur-N-G5019-P600012.t19.w1" end="Artur-N-G5019-P600012.t19.w2">danəs</event>
      <event start="Artur-N-G5019-P600012.t19.w2" end="Artur-N-G5019-P600012.t19.w3">je</event>
      <event start="Artur-N-G5019-P600012.t19.w3" end="Artur-N-G5019-P600012.t19.w4">te</event>
      <event start="Artur-N-G5019-P600012.t19.w4" end="Artur-N-G5019-P600012.t20">klicala</event>
      <event start="Artur-N-G5019-P600012.t21.w0" end="Artur-N-G5019-P600012.t21.w1">kaj</event>
      <event start="Artur-N-G5019-P600012.t21.w1" end="Artur-N-G5019-P600012.t21.w2">bo</event>
      <event start="Artur-N-G5019-P600012.t21.w2" end="Artur-N-G5019-P600012.t21.w3">tak</event>
      <event start="Artur-N-G5019-P600012.t21.w3" end="Artur-N-G5019-P600012.t21.w4">te</event>
      <event start="Artur-N-G5019-P600012.t21.w4" end="Artur-N-G5019-P600012.t21.w5">pol</event>
      <event start="Artur-N-G5019-P600012.t21.w5" end="Artur-N-G5019-P600012.t21.w6">čez</event>
      <event start="Artur-N-G5019-P600012.t21.w6" end="Artur-N-G5019-P600012.t21.w7">celo</event>
      <event start="Artur-N-G5019-P600012.t21.w7" end="Artur-N-G5019-P600012.t21.w8">novo</event>
      <event start="Artur-N-G5019-P600012.t21.w8" end="Artur-N-G5019-P600012.t22">leto</event>
      <event start="Artur-N-G5019-P600012.t21.w9" end="Artur-N-G5019-P600012.t21.w10">tu</event>
      <event start="Artur-N-G5019-P600012.t21.w10" end="Artur-N-G5019-P600012.t23">ne</event>
      <event start="Artur-N-G5019-P600012.t23.w0" end="Artur-N-G5019-P600012.t25">aja</event>
      <event start="Artur-N-G5019-P600012.t25.w0" end="Artur-N-G5019-P600012.t25.w1">ka</event>
      <event start="Artur-N-G5019-P600012.t25.w1" end="Artur-N-G5019-P600012.t26">pa</event>
      <event start="Artur-N-G5019-P600012.t26.w0" end="Artur-N-G5019-P600012.t26.w1">ka</event>
      <event start="Artur-N-G5019-P600012.t26.w1" end="Artur-N-G5019-P600012.t26.w2">pa</event>
      <event start="Artur-N-G5019-P600012.t26.w2" end="Artur-N-G5019-P600012.t26.w3">f</event>
      <event start="Artur-N-G5019-P600012.t26.w3" end="Artur-N-G5019-P600012.t27">službi</event>
      <event start="Artur-N-G5019-P600012.t27.w0" end="Artur-N-G5019-P600012.t27.w1">pri</event>
      <event start="Artur-N-G5019-P600012.t27.w1" end="Artur-N-G5019-P600012.t29">vas</event>
      <event start="Artur-N-G5019-P600012.t29.w0" end="Artur-N-G5019-P600012.t29.w1">če</event>
      <event start="Artur-N-G5019-P600012.t29.w1" end="Artur-N-G5019-P600012.t30">pa</event>
      <event start="Artur-N-G5019-P600012.t29.w2" end="Artur-N-G5019-P600012.t31">z</event>
      <event start="Artur-N-G5019-P600012.t31.w0" end="Artur-N-G5019-P600012.t31.w1">khm</event>
      <event start="Artur-N-G5019-P600012.t31.w1" end="Artur-N-G5019-P600012.t31.w2">Če</event>
      <event start="Artur-N-G5019-P600012.t31.w2" end="Artur-N-G5019-P600012.t31.w3">pa</event>
      <event start="Artur-N-G5019-P600012.t31.w3" end="Artur-N-G5019-P600012.t31.w4">so</event>
      <event start="Artur-N-G5019-P600012.t31.w4" end="Artur-N-G5019-P600012.t31.w5">vam</event>
      <event start="Artur-N-G5019-P600012.t31.w5" end="Artur-N-G5019-P600012.t31.w6">zaj</event>
      <event start="Artur-N-G5019-P600012.t31.w6" end="Artur-N-G5019-P600012.t31.w7">dopust</event>
      <event start="Artur-N-G5019-P600012.t31.w7" end="Artur-N-G5019-P600012.t31.w8">eee</event>
      <event start="Artur-N-G5019-P600012.t31.w8" end="Artur-N-G5019-P600012.t31.w9">ne</event>
      <event start="Artur-N-G5019-P600012.t31.w9" end="Artur-N-G5019-P600012.t31.w10">morte</event>
      <event start="Artur-N-G5019-P600012.t31.w10" end="Artur-N-G5019-P600012.t31.w11">dopusta</event>
      <event start="Artur-N-G5019-P600012.t31.w11" end="Artur-N-G5019-P600012.t31.w12">imet</event>
      <event start="Artur-N-G5019-P600012.t31.w12" end="Artur-N-G5019-P600012.t32">še</event>
      <event start="Artur-N-G5019-P600012.t31.w13" end="Artur-N-G5019-P600012.t31.w14">al</event>
      <event start="Artur-N-G5019-P600012.t31.w14" end="Artur-N-G5019-P600012.t33">kaj</event>
      <event start="Artur-N-G5019-P600012.t33.w0" end="Artur-N-G5019-P600012.t33.w1">kaj</event>
      <event start="Artur-N-G5019-P600012.t33.w1" end="Artur-N-G5019-P600012.t33.w2">pa</event>
      <event start="Artur-N-G5019-P600012.t33.w2" end="Artur-N-G5019-P600012.t33.w3">tisto</event>
      <event start="Artur-N-G5019-P600012.t33.w3" end="Artur-N-G5019-P600012.t33.w4">zaj</event>
      <event start="Artur-N-G5019-P600012.t33.w4" end="Artur-N-G5019-P600012.t33.w5">ko</event>
      <event start="Artur-N-G5019-P600012.t33.w5" end="Artur-N-G5019-P600012.t33.w6">so</event>
      <event start="Artur-N-G5019-P600012.t33.w6" end="Artur-N-G5019-P600012.t33.w7">ko</event>
      <event start="Artur-N-G5019-P600012.t33.w7" end="Artur-N-G5019-P600012.t33.w8">so</event>
      <event start="Artur-N-G5019-P600012.t33.w8" end="Artur-N-G5019-P600012.t33.w9">rekli</event>
      <event start="Artur-N-G5019-P600012.t33.w9" end="Artur-N-G5019-P600012.t33.w10">da</event>
      <event start="Artur-N-G5019-P600012.t33.w10" end="Artur-N-G5019-P600012.t33.w11">vam</event>
      <event start="Artur-N-G5019-P600012.t33.w11" end="Artur-N-G5019-P600012.t33.w12">bojo</event>
      <event start="Artur-N-G5019-P600012.t33.w12" end="Artur-N-G5019-P600012.t33.w13">tam</event>
      <event start="Artur-N-G5019-P600012.t33.w13" end="Artur-N-G5019-P600012.t33.w14">nekaj</event>
      <event start="Artur-N-G5019-P600012.t33.w14" end="Artur-N-G5019-P600012.t33.w15">pregradili</event>
      <event start="Artur-N-G5019-P600012.t33.w15" end="Artur-N-G5019-P600012.t33.w16">kaj</event>
      <event start="Artur-N-G5019-P600012.t33.w16" end="Artur-N-G5019-P600012.t33.w17">bote</event>
      <event start="Artur-N-G5019-P600012.t33.w17" end="Artur-N-G5019-P600012.t33.w18">zaj</event>
      <event start="Artur-N-G5019-P600012.t33.w18" end="Artur-N-G5019-P600012.t33.w19">meli</event>
      <event start="Artur-N-G5019-P600012.t33.w19" end="Artur-N-G5019-P600012.t34">oni</event>
      <event start="Artur-N-G5019-P600012.t34.w0" end="Artur-N-G5019-P600012.t35">kovid</event>
      <event start="Artur-N-G5019-P600012.t35.w0" end="Artur-N-G5019-P600012.t37">oddelek</event>
      <event start="Artur-N-G5019-P600012.t37.w0" end="Artur-N-G5019-P600012.t37.w1">eh</event>
      <event start="Artur-N-G5019-P600012.t37.w1" end="Artur-N-G5019-P600012.t37.w2">Nič</event>
      <event start="Artur-N-G5019-P600012.t37.w2" end="Artur-N-G5019-P600012.t38">kaj</event>
      <event start="Artur-N-G5019-P600012.t38.w0" end="Artur-N-G5019-P600012.t38.w1">pametnega</event>
      <event start="Artur-N-G5019-P600012.t38.w1" end="Artur-N-G5019-P600012.t38.w2">samo</event>
      <event start="Artur-N-G5019-P600012.t38.w2" end="Artur-N-G5019-P600012.t39">se</event>
      <event start="Artur-N-G5019-P600012.t39.w0" end="Artur-N-G5019-P600012.t39.w1">jezimo</event>
      <event start="Artur-N-G5019-P600012.t39.w1" end="Artur-N-G5019-P600012.t39.w2">s</event>
      <event start="Artur-N-G5019-P600012.t39.w2" end="Artur-N-G5019-P600012.t39.w3">totimi</event>
      <event start="Artur-N-G5019-P600012.t39.w3" end="Artur-N-G5019-P600012.t40">Avstrijci</event>
      <event start="Artur-N-G5019-P600012.t41.w0" end="Artur-N-G5019-P600012.t41.w1">niso</event>
      <event start="Artur-N-G5019-P600012.t41.w1" end="Artur-N-G5019-P600012.t41.w2">tote</event>
      <event start="Artur-N-G5019-P600012.t41.w2" end="Artur-N-G5019-P600012.t41.w3">dostave</event>
      <event start="Artur-N-G5019-P600012.t41.w3" end="Artur-N-G5019-P600012.t41.w4">tak</event>
      <event start="Artur-N-G5019-P600012.t41.w4" end="Artur-N-G5019-P600012.t41.w5">ko</event>
      <event start="Artur-N-G5019-P600012.t41.w5" end="Artur-N-G5019-P600012.t41.w6">bi</event>
      <event start="Artur-N-G5019-P600012.t41.w6" end="Artur-N-G5019-P600012.t41.w7">mogle</event>
      <event start="Artur-N-G5019-P600012.t41.w7" end="Artur-N-G5019-P600012.t41.w8">bit</event>
      <event start="Artur-N-G5019-P600012.t41.w8" end="Artur-N-G5019-P600012.t41.w9">pa</event>
      <event start="Artur-N-G5019-P600012.t41.w9" end="Artur-N-G5019-P600012.t41.w10">pa</event>
      <event start="Artur-N-G5019-P600012.t41.w10" end="Artur-N-G5019-P600012.t41.w11">elementof</event>
      <event start="Artur-N-G5019-P600012.t41.w11" end="Artur-N-G5019-P600012.t41.w12">ni</event>
      <event start="Artur-N-G5019-P600012.t41.w12" end="Artur-N-G5019-P600012.t42">fertik</event>
      <event start="Artur-N-G5019-P600012.t42.w0" end="Artur-N-G5019-P600012.t42.w1">pa</event>
      <event start="Artur-N-G5019-P600012.t42.w1" end="Artur-N-G5019-P600012.t42.w2">reklamacij</event>
      <event start="Artur-N-G5019-P600012.t42.w2" end="Artur-N-G5019-P600012.t42.w3">je</event>
      <event start="Artur-N-G5019-P600012.t42.w3" end="Artur-N-G5019-P600012.t45">puno</event>
      <event start="Artur-N-G5019-P600012.t45.w0" end="Artur-N-G5019-P600012.t45.w1">ki</event>
      <event start="Artur-N-G5019-P600012.t45.w1" end="Artur-N-G5019-P600012.t45.w2">sta</event>
      <event start="Artur-N-G5019-P600012.t45.w2" end="Artur-N-G5019-P600012.t45.w3">pa</event>
      <event start="Artur-N-G5019-P600012.t45.w3" end="Artur-N-G5019-P600012.t45.w4">te</event>
      <event start="Artur-N-G5019-P600012.t45.w4" end="Artur-N-G5019-P600012.t46">bla</event>
      <event start="Artur-N-G5019-P600012.t45.w5" end="Artur-N-G5019-P600012.t45.w6">danəs</event>
      <event start="Artur-N-G5019-P600012.t45.w6" end="Artur-N-G5019-P600012.t47">vidva</event>
      <event start="Artur-N-G5019-P600012.t47.w0" end="Artur-N-G5019-P600012.t47.w1">kak</event>
      <event start="Artur-N-G5019-P600012.t47.w1" end="Artur-N-G5019-P600012.t47.w2">to</event>
      <event start="Artur-N-G5019-P600012.t47.w2" end="Artur-N-G5019-P600012.t47.w3">Lidl</event>
      <event start="Artur-N-G5019-P600012.t47.w3" end="Artur-N-G5019-P600012.t48">al</event>
      <event start="Artur-N-G5019-P600012.t47.w4" end="Artur-N-G5019-P600012.t49">ke</event>
      <event start="Artur-N-G5019-P600012.t49.w0" end="Artur-N-G5019-P600012.t49.w1">tud</event>
      <event start="Artur-N-G5019-P600012.t49.w1" end="Artur-N-G5019-P600012.t49.w2">sta</event>
      <event start="Artur-N-G5019-P600012.t49.w2" end="Artur-N-G5019-P600012.t49.w3">bla</event>
      <event start="Artur-N-G5019-P600012.t49.w3" end="Artur-N-G5019-P600012.t49.w4">ne</event>
      <event start="Artur-N-G5019-P600012.t49.w4" end="Artur-N-G5019-P600012.t49.w5">če</event>
      <event start="Artur-N-G5019-P600012.t49.w5" end="Artur-N-G5019-P600012.t49.w6">sən</event>
      <event start="Artur-N-G5019-P600012.t49.w6" end="Artur-N-G5019-P600012.t50">vido</event>
      <event start="Artur-N-G5019-P600012.t49.w7" end="Artur-N-G5019-P600012.t49.w8">da</event>
      <event start="Artur-N-G5019-P600012.t49.w8" end="Artur-N-G5019-P600012.t49.w9">sta</event>
      <event start="Artur-N-G5019-P600012.t49.w9" end="Artur-N-G5019-P600012.t49.w10">tam</event>
      <event start="Artur-N-G5019-P600012.t49.w10" end="Artur-N-G5019-P600012.t49.w11">prek</event>
      <event start="Artur-N-G5019-P600012.t49.w11" end="Artur-N-G5019-P600012.t51">šla</event>
      <event start="Artur-N-G5019-P600012.t51.w0" end="Artur-N-G5019-P600012.t51.w1">ja</event>
      <event start="Artur-N-G5019-P600012.t51.w1" end="Artur-N-G5019-P600012.t51.w2">saj</event>
      <event start="Artur-N-G5019-P600012.t51.w2" end="Artur-N-G5019-P600012.t51.w3">boš</event>
      <event start="Artur-N-G5019-P600012.t51.w3" end="Artur-N-G5019-P600012.t51.w4">vidla</event>
      <event start="Artur-N-G5019-P600012.t51.w4" end="Artur-N-G5019-P600012.t52">ne</event>
      <event start="Artur-N-G5019-P600012.t52.w0" end="Artur-N-G5019-P600012.t52.w1">dosti</event>
      <event start="Artur-N-G5019-P600012.t52.w1" end="Artur-N-G5019-P600012.t52.w2">ka</event>
      <event start="Artur-N-G5019-P600012.t52.w2" end="Artur-N-G5019-P600012.t52.w3">nimaš</event>
      <event start="Artur-N-G5019-P600012.t52.w3" end="Artur-N-G5019-P600012.t52.w4">ka</event>
      <event start="Artur-N-G5019-P600012.t52.w4" end="Artur-N-G5019-P600012.t53">naret</event>
      <event start="Artur-N-G5019-P600012.t54.w0" end="Artur-N-G5019-P600012.t54.w1">ja</event>
      <event start="Artur-N-G5019-P600012.t54.w1" end="Artur-N-G5019-P600012.t54.w2">pa</event>
      <event start="Artur-N-G5019-P600012.t54.w2" end="Artur-N-G5019-P600012.t55">nimaš</event>
      <event start="Artur-N-G5019-P600012.t54.w3" end="Artur-N-G5019-P600012.t54.w4">placa</event>
      <event start="Artur-N-G5019-P600012.t54.w4" end="Artur-N-G5019-P600012.t56">veš</event>
      <event start="Artur-N-G5019-P600012.t56.w0" end="Artur-N-G5019-P600012.t56.w1">pa</event>
      <event start="Artur-N-G5019-P600012.t56.w1" end="Artur-N-G5019-P600012.t56.w2">ne</event>
      <event start="Artur-N-G5019-P600012.t56.w2" end="Artur-N-G5019-P600012.t56.w3">vem</event>
      <event start="Artur-N-G5019-P600012.t56.w3" end="Artur-N-G5019-P600012.t56.w4">premalo</event>
      <event start="Artur-N-G5019-P600012.t56.w4" end="Artur-N-G5019-P600012.t56.w5">premalo</event>
      <event start="Artur-N-G5019-P600012.t56.w5" end="Artur-N-G5019-P600012.t56.w6">je</event>
      <event start="Artur-N-G5019-P600012.t56.w6" end="Artur-N-G5019-P600012.t56.w7">da</event>
      <event start="Artur-N-G5019-P600012.t56.w7" end="Artur-N-G5019-P600012.t56.w8">bi</event>
      <event start="Artur-N-G5019-P600012.t56.w8" end="Artur-N-G5019-P600012.t56.w9">va</event>
      <event start="Artur-N-G5019-P600012.t56.w9" end="Artur-N-G5019-P600012.t56.w10">mela</event>
      <event start="Artur-N-G5019-P600012.t56.w10" end="Artur-N-G5019-P600012.t56.w11">fsega</event>
      <event start="Artur-N-G5019-P600012.t56.w11" end="Artur-N-G5019-P600012.t56.w12">fsega</event>
      <event start="Artur-N-G5019-P600012.t56.w12" end="Artur-N-G5019-P600012.t57">tolko</event>
    </tier>
    <tier id="1" category="v" speaker="Artur-N-G5019" type="t" display-name="Artur-N-G5019">
      <event start="Artur-N-G5019-P600012.t2.w0" end="Artur-N-G5019-P600012.t3">kaj</event>
      <event start="Artur-N-G5019-P600012.t2.w1" end="Artur-N-G5019-P600012.t2.w2">pa</event>
      <event start="Artur-N-G5019-P600012.t2.w2" end="Artur-N-G5019-P600012.t2.w3">sama</event>
      <event start="Artur-N-G5019-P600012.t2.w3" end="Artur-N-G5019-P600012.t4">pravi</event>
      <event start="Artur-N-G5019-P600012.t4.w0" end="Artur-N-G5019-P600012.t4.w1">zdaj</event>
      <event start="Artur-N-G5019-P600012.t4.w1" end="Artur-N-G5019-P600012.t4.w2">še</event>
      <event start="Artur-N-G5019-P600012.t4.w2" end="Artur-N-G5019-P600012.t5">vprašanje</event>
      <event start="Artur-N-G5019-P600012.t6.w0" end="Artur-N-G5019-P600012.t6.w1">Še</event>
      <event start="Artur-N-G5019-P600012.t6.w1" end="Artur-N-G5019-P600012.t6.w2">vprašanje</event>
      <event start="Artur-N-G5019-P600012.t6.w2" end="Artur-N-G5019-P600012.t6.w3">koliko</event>
      <event start="Artur-N-G5019-P600012.t6.w3" end="Artur-N-G5019-P600012.t7">bo</event>
      <event start="Artur-N-G5019-P600012.t7.w0" end="Artur-N-G5019-P600012.t9">on</event>
      <event start="Artur-N-G5019-P600012.t7.w1" end="Artur-N-G5019-P600012.t7.w2">imel</event>
      <event start="Artur-N-G5019-P600012.t7.w2" end="Artur-N-G5019-P600012.t7.w3">ne</event>
      <event start="Artur-N-G5019-P600012.t7.w3" end="Artur-N-G5019-P600012.t10">tudi</event>
      <event start="Artur-N-G5019-P600012.t10.w0" end="Artur-N-G5019-P600012.t12">ja</event>
      <event start="Artur-N-G5019-P600012.t12.w0" end="Artur-N-G5019-P600012.t12.w1">ja</event>
      <event start="Artur-N-G5019-P600012.t12.w1" end="Artur-N-G5019-P600012.t12.w2">pa</event>
      <event start="Artur-N-G5019-P600012.t12.w2" end="Artur-N-G5019-P600012.t12.w3">ni</event>
      <event start="Artur-N-G5019-P600012.t12.w3" end="Artur-N-G5019-P600012.t12.w4">mus</event>
      <event start="Artur-N-G5019-P600012.t12.w4" end="Artur-N-G5019-P600012.t13">ni</event>
      <event start="Artur-N-G5019-P600012.t13.w0" end="Artur-N-G5019-P600012.t13.w1">Ja</event>
      <event start="Artur-N-G5019-P600012.t13.w1" end="Artur-N-G5019-P600012.t13.w2">pa</event>
      <event start="Artur-N-G5019-P600012.t13.w2" end="Artur-N-G5019-P600012.t13.w3">dobro</event>
      <event start="Artur-N-G5019-P600012.t13.w3" end="Artur-N-G5019-P600012.t13.w4">zdaj</event>
      <event start="Artur-N-G5019-P600012.t13.w4" end="Artur-N-G5019-P600012.t13.w5">če</event>
      <event start="Artur-N-G5019-P600012.t13.w5" end="Artur-N-G5019-P600012.t13.w6">bojo</event>
      <event start="Artur-N-G5019-P600012.t13.w6" end="Artur-N-G5019-P600012.t13.w7">prej</event>
      <event start="Artur-N-G5019-P600012.t13.w7" end="Artur-N-G5019-P600012.t13.w8">korona</event>
      <event start="Artur-N-G5019-P600012.t13.w8" end="Artur-N-G5019-P600012.t13.w9">kaj</event>
      <event start="Artur-N-G5019-P600012.t13.w9" end="Artur-N-G5019-P600012.t13.w10">eee</event>
      <event start="Artur-N-G5019-P600012.t13.w10" end="Artur-N-G5019-P600012.t13.w11">se</event>
      <event start="Artur-N-G5019-P600012.t13.w11" end="Artur-N-G5019-P600012.t14">zmanjšala</event>
      <event start="Artur-N-G5019-P600012.t13.w12" end="Artur-N-G5019-P600012.t13.w13">bojo</event>
      <event start="Artur-N-G5019-P600012.t13.w13" end="Artur-N-G5019-P600012.t13.w14">sigurno</event>
      <event start="Artur-N-G5019-P600012.t13.w14" end="Artur-N-G5019-P600012.t13.w15">imeli</event>
      <event start="Artur-N-G5019-P600012.t13.w15" end="Artur-N-G5019-P600012.t13.w16">kaj</event>
      <event start="Artur-N-G5019-P600012.t13.w16" end="Artur-N-G5019-P600012.t13.w17">prej</event>
      <event start="Artur-N-G5019-P600012.t13.w17" end="Artur-N-G5019-P600012.t15">ne</event>
      <event start="Artur-N-G5019-P600012.t15.w0" end="Artur-N-G5019-P600012.t15.w1">pa</event>
      <event start="Artur-N-G5019-P600012.t15.w1" end="Artur-N-G5019-P600012.t15.w2">kaj</event>
      <event start="Artur-N-G5019-P600012.t15.w2" end="Artur-N-G5019-P600012.t15.w3">zdaj</event>
      <event start="Artur-N-G5019-P600012.t15.w3" end="Artur-N-G5019-P600012.t15.w4">imajo</event>
      <event start="Artur-N-G5019-P600012.t15.w4" end="Artur-N-G5019-P600012.t15.w5">vaje</event>
      <event start="Artur-N-G5019-P600012.t15.w5" end="Artur-N-G5019-P600012.t15.w6">normalno</event>
      <event start="Artur-N-G5019-P600012.t15.w6" end="Artur-N-G5019-P600012.t15.w7">vsak</event>
      <event start="Artur-N-G5019-P600012.t15.w7" end="Artur-N-G5019-P600012.t15.w8">dan</event>
      <event start="Artur-N-G5019-P600012.t15.w8" end="Artur-N-G5019-P600012.t15.w9">ali</event>
      <event start="Artur-N-G5019-P600012.t15.w9" end="Artur-N-G5019-P600012.t16">kako</event>
      <event start="Artur-N-G5019-P600012.t17.w0" end="Artur-N-G5019-P600012.t17.w1">kaj</event>
      <event start="Artur-N-G5019-P600012.t17.w1" end="Artur-N-G5019-P600012.t17.w2">pa</event>
      <event start="Artur-N-G5019-P600012.t17.w2" end="Artur-N-G5019-P600012.t17.w3">kaj</event>
      <event start="Artur-N-G5019-P600012.t17.w3" end="Artur-N-G5019-P600012.t17.w4">pa</event>
      <event start="Artur-N-G5019-P600012.t17.w4" end="Artur-N-G5019-P600012.t18">pravi</event>
      <event start="Artur-N-G5019-P600012.t17.w5" end="Artur-N-G5019-P600012.t19">Nina</event>
      <event start="Artur-N-G5019-P600012.t19.w0" end="Artur-N-G5019-P600012.t19.w1">mislim</event>
      <event start="Artur-N-G5019-P600012.t19.w1" end="Artur-N-G5019-P600012.t19.w2">danes</event>
      <event start="Artur-N-G5019-P600012.t19.w2" end="Artur-N-G5019-P600012.t19.w3">je</event>
      <event start="Artur-N-G5019-P600012.t19.w3" end="Artur-N-G5019-P600012.t19.w4">te</event>
      <event start="Artur-N-G5019-P600012.t19.w4" end="Artur-N-G5019-P600012.t20">klicala</event>
      <event start="Artur-N-G5019-P600012.t21.w0" end="Artur-N-G5019-P600012.t21.w1">kaj</event>
      <event start="Artur-N-G5019-P600012.t21.w1" end="Artur-N-G5019-P600012.t21.w2">bo</event>
      <event start="Artur-N-G5019-P600012.t21.w2" end="Artur-N-G5019-P600012.t21.w3">tako</event>
      <event start="Artur-N-G5019-P600012.t21.w3" end="Artur-N-G5019-P600012.t21.w4">te</event>
      <event start="Artur-N-G5019-P600012.t21.w4" end="Artur-N-G5019-P600012.t21.w5">pol</event>
      <event start="Artur-N-G5019-P600012.t21.w5" end="Artur-N-G5019-P600012.t21.w6">čez</event>
      <event start="Artur-N-G5019-P600012.t21.w6" end="Artur-N-G5019-P600012.t21.w7">celo</event>
      <event start="Artur-N-G5019-P600012.t21.w7" end="Artur-N-G5019-P600012.t21.w8">novo</event>
      <event start="Artur-N-G5019-P600012.t21.w8" end="Artur-N-G5019-P600012.t22">leto</event>
      <event start="Artur-N-G5019-P600012.t21.w9" end="Artur-N-G5019-P600012.t21.w10">tu</event>
      <event start="Artur-N-G5019-P600012.t21.w10" end="Artur-N-G5019-P600012.t23">ne</event>
      <event start="Artur-N-G5019-P600012.t23.w0" end="Artur-N-G5019-P600012.t25">aja</event>
      <event start="Artur-N-G5019-P600012.t25.w0" end="Artur-N-G5019-P600012.t25.w1">ka</event>
      <event start="Artur-N-G5019-P600012.t25.w1" end="Artur-N-G5019-P600012.t26">pa</event>
      <event start="Artur-N-G5019-P600012.t26.w0" end="Artur-N-G5019-P600012.t26.w1">ka</event>
      <event start="Artur-N-G5019-P600012.t26.w1" end="Artur-N-G5019-P600012.t26.w2">pa</event>
      <event start="Artur-N-G5019-P600012.t26.w2" end="Artur-N-G5019-P600012.t26.w3">v</event>
      <event start="Artur-N-G5019-P600012.t26.w3" end="Artur-N-G5019-P600012.t27">službi</event>
      <event start="Artur-N-G5019-P600012.t27.w0" end="Artur-N-G5019-P600012.t27.w1">pri</event>
      <event start="Artur-N-G5019-P600012.t27.w1" end="Artur-N-G5019-P600012.t29">vas</event>
      <event start="Artur-N-G5019-P600012.t29.w0" end="Artur-N-G5019-P600012.t29.w1">če</event>
      <event start="Artur-N-G5019-P600012.t29.w1" end="Artur-N-G5019-P600012.t30">pa</event>
      <event start="Artur-N-G5019-P600012.t29.w2" end="Artur-N-G5019-P600012.t31">z</event>
      <event start="Artur-N-G5019-P600012.t31.w0" end="Artur-N-G5019-P600012.t31.w1">khm</event>
      <event start="Artur-N-G5019-P600012.t31.w1" end="Artur-N-G5019-P600012.t31.w2">Če</event>
      <event start="Artur-N-G5019-P600012.t31.w2" end="Artur-N-G5019-P600012.t31.w3">pa</event>
      <event start="Artur-N-G5019-P600012.t31.w3" end="Artur-N-G5019-P600012.t31.w4">so</event>
      <event start="Artur-N-G5019-P600012.t31.w4" end="Artur-N-G5019-P600012.t31.w5">vam</event>
      <event start="Artur-N-G5019-P600012.t31.w5" end="Artur-N-G5019-P600012.t31.w6">zdaj</event>
      <event start="Artur-N-G5019-P600012.t31.w6" end="Artur-N-G5019-P600012.t31.w7">dopust</event>
      <event start="Artur-N-G5019-P600012.t31.w7" end="Artur-N-G5019-P600012.t31.w8">eee</event>
      <event start="Artur-N-G5019-P600012.t31.w8" end="Artur-N-G5019-P600012.t31.w9">ne</event>
      <event start="Artur-N-G5019-P600012.t31.w9" end="Artur-N-G5019-P600012.t31.w10">morete</event>
      <event start="Artur-N-G5019-P600012.t31.w10" end="Artur-N-G5019-P600012.t31.w11">dopusta</event>
      <event start="Artur-N-G5019-P600012.t31.w11" end="Artur-N-G5019-P600012.t31.w12">imeti</event>
      <event start="Artur-N-G5019-P600012.t31.w12" end="Artur-N-G5019-P600012.t32">še</event>
      <event start="Artur-N-G5019-P600012.t31.w13" end="Artur-N-G5019-P600012.t31.w14">ali</event>
      <event start="Artur-N-G5019-P600012.t31.w14" end="Artur-N-G5019-P600012.t33">kaj</event>
      <event start="Artur-N-G5019-P600012.t33.w0" end="Artur-N-G5019-P600012.t33.w1">kaj</event>
      <event start="Artur-N-G5019-P600012.t33.w1" end="Artur-N-G5019-P600012.t33.w2">pa</event>
      <event start="Artur-N-G5019-P600012.t33.w2" end="Artur-N-G5019-P600012.t33.w3">tisto</event>
      <event start="Artur-N-G5019-P600012.t33.w3" end="Artur-N-G5019-P600012.t33.w4">zdaj</event>
      <event start="Artur-N-G5019-P600012.t33.w4" end="Artur-N-G5019-P600012.t33.w5">ko</event>
      <event start="Artur-N-G5019-P600012.t33.w5" end="Artur-N-G5019-P600012.t33.w6">so</event>
      <event start="Artur-N-G5019-P600012.t33.w6" end="Artur-N-G5019-P600012.t33.w7">ko</event>
      <event start="Artur-N-G5019-P600012.t33.w7" end="Artur-N-G5019-P600012.t33.w8">so</event>
      <event start="Artur-N-G5019-P600012.t33.w8" end="Artur-N-G5019-P600012.t33.w9">rekli</event>
      <event start="Artur-N-G5019-P600012.t33.w9" end="Artur-N-G5019-P600012.t33.w10">da</event>
      <event start="Artur-N-G5019-P600012.t33.w10" end="Artur-N-G5019-P600012.t33.w11">vam</event>
      <event start="Artur-N-G5019-P600012.t33.w11" end="Artur-N-G5019-P600012.t33.w12">bojo</event>
      <event start="Artur-N-G5019-P600012.t33.w12" end="Artur-N-G5019-P600012.t33.w13">tam</event>
      <event start="Artur-N-G5019-P600012.t33.w13" end="Artur-N-G5019-P600012.t33.w14">nekaj</event>
      <event start="Artur-N-G5019-P600012.t33.w14" end="Artur-N-G5019-P600012.t33.w15">pregradili</event>
      <event start="Artur-N-G5019-P600012.t33.w15" end="Artur-N-G5019-P600012.t33.w16">kaj</event>
      <event start="Artur-N-G5019-P600012.t33.w16" end="Artur-N-G5019-P600012.t33.w17">boste</event>
      <event start="Artur-N-G5019-P600012.t33.w17" end="Artur-N-G5019-P600012.t33.w18">zdaj</event>
      <event start="Artur-N-G5019-P600012.t33.w18" end="Artur-N-G5019-P600012.t33.w19">imeli</event>
      <event start="Artur-N-G5019-P600012.t33.w19" end="Artur-N-G5019-P600012.t34">oni</event>
      <event start="Artur-N-G5019-P600012.t34.w0" end="Artur-N-G5019-P600012.t35">covid</event>
      <event start="Artur-N-G5019-P600012.t35.w0" end="Artur-N-G5019-P600012.t37">oddelek</event>
      <event start="Artur-N-G5019-P600012.t37.w0" end="Artur-N-G5019-P600012.t37.w1">eh</event>
      <event start="Artur-N-G5019-P600012.t37.w1" end="Artur-N-G5019-P600012.t37.w2">Nič</event>
      <event start="Artur-N-G5019-P600012.t37.w2" end="Artur-N-G5019-P600012.t38">kaj</event>
      <event start="Artur-N-G5019-P600012.t38.w0" end="Artur-N-G5019-P600012.t38.w1">pametnega</event>
      <event start="Artur-N-G5019-P600012.t38.w1" end="Artur-N-G5019-P600012.t38.w2">samo</event>
      <event start="Artur-N-G5019-P600012.t38.w2" end="Artur-N-G5019-P600012.t39">se</event>
      <event start="Artur-N-G5019-P600012.t39.w0" end="Artur-N-G5019-P600012.t39.w1">jezimo</event>
      <event start="Artur-N-G5019-P600012.t39.w1" end="Artur-N-G5019-P600012.t39.w2">s</event>
      <event start="Artur-N-G5019-P600012.t39.w2" end="Artur-N-G5019-P600012.t39.w3">totimi</event>
      <event start="Artur-N-G5019-P600012.t39.w3" end="Artur-N-G5019-P600012.t40">Avstrijci</event>
      <event start="Artur-N-G5019-P600012.t41.w0" end="Artur-N-G5019-P600012.t41.w1">niso</event>
      <event start="Artur-N-G5019-P600012.t41.w1" end="Artur-N-G5019-P600012.t41.w2">te</event>
      <event start="Artur-N-G5019-P600012.t41.w2" end="Artur-N-G5019-P600012.t41.w3">dostave</event>
      <event start="Artur-N-G5019-P600012.t41.w3" end="Artur-N-G5019-P600012.t41.w4">tako</event>
      <event start="Artur-N-G5019-P600012.t41.w4" end="Artur-N-G5019-P600012.t41.w5">kot</event>
      <event start="Artur-N-G5019-P600012.t41.w5" end="Artur-N-G5019-P600012.t41.w6">bi</event>
      <event start="Artur-N-G5019-P600012.t41.w6" end="Artur-N-G5019-P600012.t41.w7">morale</event>
      <event start="Artur-N-G5019-P600012.t41.w7" end="Artur-N-G5019-P600012.t41.w8">biti</event>
      <event start="Artur-N-G5019-P600012.t41.w8" end="Artur-N-G5019-P600012.t41.w9">pa</event>
      <event start="Artur-N-G5019-P600012.t41.w9" end="Artur-N-G5019-P600012.t41.w10">pa</event>
      <event start="Artur-N-G5019-P600012.t41.w10" end="Artur-N-G5019-P600012.t41.w11">elementov</event>
      <event start="Artur-N-G5019-P600012.t41.w11" end="Artur-N-G5019-P600012.t41.w12">ni</event>
      <event start="Artur-N-G5019-P600012.t41.w12" end="Artur-N-G5019-P600012.t42">fertik</event>
      <event start="Artur-N-G5019-P600012.t42.w0" end="Artur-N-G5019-P600012.t42.w1">pa</event>
      <event start="Artur-N-G5019-P600012.t42.w1" end="Artur-N-G5019-P600012.t42.w2">reklamacij</event>
      <event start="Artur-N-G5019-P600012.t42.w2" end="Artur-N-G5019-P600012.t42.w3">je</event>
      <event start="Artur-N-G5019-P600012.t42.w3" end="Artur-N-G5019-P600012.t45">polno</event>
      <event start="Artur-N-G5019-P600012.t45.w0" end="Artur-N-G5019-P600012.t45.w1">kje</event>
      <event start="Artur-N-G5019-P600012.t45.w1" end="Artur-N-G5019-P600012.t45.w2">sta</event>
      <event start="Artur-N-G5019-P600012.t45.w2" end="Artur-N-G5019-P600012.t45.w3">pa</event>
      <event start="Artur-N-G5019-P600012.t45.w3" end="Artur-N-G5019-P600012.t45.w4">te</event>
      <event start="Artur-N-G5019-P600012.t45.w4" end="Artur-N-G5019-P600012.t46">bila</event>
      <event start="Artur-N-G5019-P600012.t45.w5" end="Artur-N-G5019-P600012.t45.w6">danes</event>
      <event start="Artur-N-G5019-P600012.t45.w6" end="Artur-N-G5019-P600012.t47">vidva</event>
      <event start="Artur-N-G5019-P600012.t47.w0" end="Artur-N-G5019-P600012.t47.w1">kako</event>
      <event start="Artur-N-G5019-P600012.t47.w1" end="Artur-N-G5019-P600012.t47.w2">to</event>
      <event start="Artur-N-G5019-P600012.t47.w2" end="Artur-N-G5019-P600012.t47.w3">Lidl</event>
      <event start="Artur-N-G5019-P600012.t47.w3" end="Artur-N-G5019-P600012.t48">ali</event>
      <event start="Artur-N-G5019-P600012.t47.w4" end="Artur-N-G5019-P600012.t49">kaj</event>
      <event start="Artur-N-G5019-P600012.t49.w0" end="Artur-N-G5019-P600012.t49.w1">tudi</event>
      <event start="Artur-N-G5019-P600012.t49.w1" end="Artur-N-G5019-P600012.t49.w2">sta</event>
      <event start="Artur-N-G5019-P600012.t49.w2" end="Artur-N-G5019-P600012.t49.w3">bila</event>
      <event start="Artur-N-G5019-P600012.t49.w3" end="Artur-N-G5019-P600012.t49.w4">ne</event>
      <event start="Artur-N-G5019-P600012.t49.w4" end="Artur-N-G5019-P600012.t49.w5">če</event>
      <event start="Artur-N-G5019-P600012.t49.w5" end="Artur-N-G5019-P600012.t49.w6">sem</event>
      <event start="Artur-N-G5019-P600012.t49.w6" end="Artur-N-G5019-P600012.t50">videl</event>
      <event start="Artur-N-G5019-P600012.t49.w7" end="Artur-N-G5019-P600012.t49.w8">da</event>
      <event start="Artur-N-G5019-P600012.t49.w8" end="Artur-N-G5019-P600012.t49.w9">sta</event>
      <event start="Artur-N-G5019-P600012.t49.w9" end="Artur-N-G5019-P600012.t49.w10">tam</event>
      <event start="Artur-N-G5019-P600012.t49.w10" end="Artur-N-G5019-P600012.t49.w11">prek</event>
      <event start="Artur-N-G5019-P600012.t49.w11" end="Artur-N-G5019-P600012.t51">šla</event>
      <event start="Artur-N-G5019-P600012.t51.w0" end="Artur-N-G5019-P600012.t51.w1">ja</event>
      <event start="Artur-N-G5019-P600012.t51.w1" end="Artur-N-G5019-P600012.t51.w2">saj</event>
      <event start="Artur-N-G5019-P600012.t51.w2" end="Artur-N-G5019-P600012.t51.w3">boš</event>
      <event start="Artur-N-G5019-P600012.t51.w3" end="Artur-N-G5019-P600012.t51.w4">videla</event>
      <event start="Artur-N-G5019-P600012.t51.w4" end="Artur-N-G5019-P600012.t52">ne</event>
      <event start="Artur-N-G5019-P600012.t52.w0" end="Artur-N-G5019-P600012.t52.w1">dosti</event>
      <event start="Artur-N-G5019-P600012.t52.w1" end="Artur-N-G5019-P600012.t52.w2">ka</event>
      <event start="Artur-N-G5019-P600012.t52.w2" end="Artur-N-G5019-P600012.t52.w3">nimaš</event>
      <event start="Artur-N-G5019-P600012.t52.w3" end="Artur-N-G5019-P600012.t52.w4">ka</event>
      <event start="Artur-N-G5019-P600012.t52.w4" end="Artur-N-G5019-P600012.t53">narediti</event>
      <event start="Artur-N-G5019-P600012.t54.w0" end="Artur-N-G5019-P600012.t54.w1">ja</event>
      <event start="Artur-N-G5019-P600012.t54.w1" end="Artur-N-G5019-P600012.t54.w2">pa</event>
      <event start="Artur-N-G5019-P600012.t54.w2" end="Artur-N-G5019-P600012.t55">nimaš</event>
      <event start="Artur-N-G5019-P600012.t54.w3" end="Artur-N-G5019-P600012.t54.w4">placa</event>
      <event start="Artur-N-G5019-P600012.t54.w4" end="Artur-N-G5019-P600012.t56">veš</event>
      <event start="Artur-N-G5019-P600012.t56.w0" end="Artur-N-G5019-P600012.t56.w1">pa</event>
      <event start="Artur-N-G5019-P600012.t56.w1" end="Artur-N-G5019-P600012.t56.w2">ne</event>
      <event start="Artur-N-G5019-P600012.t56.w2" end="Artur-N-G5019-P600012.t56.w3">vem</event>
      <event start="Artur-N-G5019-P600012.t56.w3" end="Artur-N-G5019-P600012.t56.w4">premalo</event>
      <event start="Artur-N-G5019-P600012.t56.w4" end="Artur-N-G5019-P600012.t56.w5">premalo</event>
      <event start="Artur-N-G5019-P600012.t56.w5" end="Artur-N-G5019-P600012.t56.w6">je</event>
      <event start="Artur-N-G5019-P600012.t56.w6" end="Artur-N-G5019-P600012.t56.w7">da</event>
      <event start="Artur-N-G5019-P600012.t56.w7" end="Artur-N-G5019-P600012.t56.w8">bi</event>
      <event start="Artur-N-G5019-P600012.t56.w8" end="Artur-N-G5019-P600012.t56.w9">va</event>
      <event start="Artur-N-G5019-P600012.t56.w9" end="Artur-N-G5019-P600012.t56.w10">imela</event>
      <event start="Artur-N-G5019-P600012.t56.w10" end="Artur-N-G5019-P600012.t56.w11">vsega</event>
      <event start="Artur-N-G5019-P600012.t56.w11" end="Artur-N-G5019-P600012.t56.w12">vsega</event>
      <event start="Artur-N-G5019-P600012.t56.w12" end="Artur-N-G5019-P600012.t57">toliko</event>
    </tier>
    <tier id="2" category="additional" speaker="Artur-N-G5019" type="t" display-name="Artur-N-G5019 [additional]"/>
    <tier id="3" category="disfluencyType" speaker="Artur-N-G5019" type="a" display-name="Artur-N-G5019 [disfluencyType]"/>
    <tier id="4" category="disfluencyStructure" speaker="Artur-N-G5019" type="a" display-name="Artur-N-G5019 [disfluencyStructure]"/>
  </basic-body>
</basic-transcription>
