<?xml version='1.0' encoding='UTF-8'?>
<basic-transcription>
	<head>
		<meta-information>
			<project-name/>
			<transcription-name/>
			<referenced-file url="Iriss-N-G5026-P600021-avd.wav"/>
			<ud-meta-information/>
			<comment>Compiled from Gos2.1 TEI version of IRISS on 2023-10-05 16:04:52.407484</comment>
			<transcription-convention/>
		</meta-information>
		<speakertable>
			<speaker id="Artur-N-G5026">
				<abbreviation>Artur-N-G5026</abbreviation>
			</speaker>
		</speakertable>
	</head>
	<basic-body>
		<common-timeline>
			<tli id="Artur-N-G5026-P600021.t2" time="3.589"/>
			<tli id="Artur-N-G5026-P600021.t2.w0" time="3.589"/>
			<tli id="Artur-N-G5026-P600021.t3" time="4.055"/>
			<tli id="Artur-N-G5026-P600021.t4.w0" time="5.801"/>
			<tli id="Artur-N-G5026-P600021.t4.w1" time="6.121"/>
			<tli id="Artur-N-G5026-P600021.t5" time="7.015"/>
			<tli id="Artur-N-G5026-P600021.t6.w0" time="9.940"/>
			<tli id="Artur-N-G5026-P600021.t6.w1" time="10.000"/>
			<tli id="Artur-N-G5026-P600021.t6.w2" time="10.380"/>
			<tli id="Artur-N-G5026-P600021.t6.w3" time="10.590"/>
			<tli id="Artur-N-G5026-P600021.t6.w4" time="11.040"/>
			<tli id="Artur-N-G5026-P600021.t6.w5" time="11.200"/>
			<tli id="Artur-N-G5026-P600021.t7" time="12.767"/>
			<tli id="Artur-N-G5026-P600021.t7.w0" time="12.797"/>
			<tli id="Artur-N-G5026-P600021.t8" time="14.407"/>
			<tli id="Artur-N-G5026-P600021.t8.w0" time="14.407"/>
			<tli id="Artur-N-G5026-P600021.t8.w1" time="14.707"/>
			<tli id="Artur-N-G5026-P600021.t9" time="14.886"/>
			<tli id="Artur-N-G5026-P600021.t10.w0" time="15.914"/>
			<tli id="Artur-N-G5026-P600021.t10.w1" time="16.364"/>
			<tli id="Artur-N-G5026-P600021.t10.w2" time="16.664"/>
			<tli id="Artur-N-G5026-P600021.t10.w3" time="16.884"/>
			<tli id="Artur-N-G5026-P600021.t11" time="18.400"/>
			<tli id="Artur-N-G5026-P600021.t11.w0" time="18.460"/>
			<tli id="Artur-N-G5026-P600021.t11.w1" time="18.920"/>
			<tli id="Artur-N-G5026-P600021.t11.w2" time="19.270"/>
			<tli id="Artur-N-G5026-P600021.t11.w3" time="19.510"/>
			<tli id="Artur-N-G5026-P600021.t11.w4" time="20.040"/>
			<tli id="Artur-N-G5026-P600021.t11.w5" time="20.160"/>
			<tli id="Artur-N-G5026-P600021.t11.w6" time="20.260"/>
			<tli id="Artur-N-G5026-P600021.t11.w7" time="20.420"/>
			<tli id="Artur-N-G5026-P600021.t11.w8" time="21.020"/>
			<tli id="Artur-N-G5026-P600021.t12" time="21.626"/>
			<tli id="Artur-N-G5026-P600021.t12.w0" time="21.626"/>
			<tli id="Artur-N-G5026-P600021.t12.w1" time="22.386"/>
			<tli id="Artur-N-G5026-P600021.t13" time="22.853"/>
			<tli id="Artur-N-G5026-P600021.t14.w0" time="25.232"/>
			<tli id="Artur-N-G5026-P600021.t14.w1" time="25.632"/>
			<tli id="Artur-N-G5026-P600021.t14.w2" time="26.152"/>
			<tli id="Artur-N-G5026-P600021.t14.w3" time="26.502"/>
			<tli id="Artur-N-G5026-P600021.t14.w4" time="27.162"/>
			<tli id="Artur-N-G5026-P600021.t14.w5" time="27.582"/>
			<tli id="Artur-N-G5026-P600021.t15" time="28.428"/>
			<tli id="Artur-N-G5026-P600021.t16.w0" time="33.385"/>
			<tli id="Artur-N-G5026-P600021.t16.w1" time="33.515"/>
			<tli id="Artur-N-G5026-P600021.t16.w2" time="34.055"/>
			<tli id="Artur-N-G5026-P600021.t16.w3" time="34.375"/>
			<tli id="Artur-N-G5026-P600021.t16.w4" time="34.855"/>
			<tli id="Artur-N-G5026-P600021.t16.w5" time="35.095"/>
			<tli id="Artur-N-G5026-P600021.t17" time="36.165"/>
			<tli id="Artur-N-G5026-P600021.t17.w0" time="36.235"/>
			<tli id="Artur-N-G5026-P600021.t17.w1" time="36.425"/>
			<tli id="Artur-N-G5026-P600021.t17.w2" time="37.175"/>
			<tli id="Artur-N-G5026-P600021.t18" time="38.292"/>
			<tli id="Artur-N-G5026-P600021.t18.w0" time="38.292"/>
			<tli id="Artur-N-G5026-P600021.t18.w1" time="38.832"/>
			<tli id="Artur-N-G5026-P600021.t18.w2" time="39.472"/>
			<tli id="Artur-N-G5026-P600021.t19" time="40.973"/>
			<tli id="Artur-N-G5026-P600021.t19.w0" time="41.023"/>
			<tli id="Artur-N-G5026-P600021.t19.w1" time="41.323"/>
			<tli id="Artur-N-G5026-P600021.t20" time="41.970"/>
			<tli id="Artur-N-G5026-P600021.t20.w0" time="45.240"/>
			<tli id="Artur-N-G5026-P600021.t22" time="45.870"/>
			<tli id="Artur-N-G5026-P600021.t22.w0" time="45.870"/>
			<tli id="Artur-N-G5026-P600021.t22.w1" time="46.430"/>
			<tli id="Artur-N-G5026-P600021.t22.w2" time="46.690"/>
			<tli id="Artur-N-G5026-P600021.t22.w3" time="47.360"/>
			<tli id="Artur-N-G5026-P600021.t22.w4" time="47.780"/>
			<tli id="Artur-N-G5026-P600021.t22.w5" time="47.960"/>
			<tli id="Artur-N-G5026-P600021.t22.w6" time="48.420"/>
			<tli id="Artur-N-G5026-P600021.t22.w7" time="48.790"/>
			<tli id="Artur-N-G5026-P600021.t22.w8" time="49.080"/>
			<tli id="Artur-N-G5026-P600021.t23" time="50.093"/>
			<tli id="Artur-N-G5026-P600021.t23.w0" time="50.143"/>
			<tli id="Artur-N-G5026-P600021.t23.w1" time="50.633"/>
			<tli id="Artur-N-G5026-P600021.t24" time="52.898"/>
			<tli id="Artur-N-G5026-P600021.t24.w0" time="52.898"/>
			<tli id="Artur-N-G5026-P600021.t24.w1" time="53.148"/>
			<tli id="Artur-N-G5026-P600021.t25" time="54.205"/>
			<tli id="Artur-N-G5026-P600021.t25.w0" time="54.205"/>
			<tli id="Artur-N-G5026-P600021.t26" time="55.490"/>
			<tli id="Artur-N-G5026-P600021.t27.w0" time="57.525"/>
			<tli id="Artur-N-G5026-P600021.t27.w1" time="57.655"/>
			<tli id="Artur-N-G5026-P600021.t28" time="58.437"/>
			<tli id="Artur-N-G5026-P600021.t29.w0" time="63.429"/>
			<tli id="Artur-N-G5026-P600021.t29.w1" time="63.529"/>
			<tli id="Artur-N-G5026-P600021.t29.w2" time="63.719"/>
			<tli id="Artur-N-G5026-P600021.t29.w3" time="63.969"/>
			<tli id="Artur-N-G5026-P600021.t30" time="65.009"/>
			<tli id="Artur-N-G5026-P600021.t30.w0" time="65.009"/>
			<tli id="Artur-N-G5026-P600021.t30.w1" time="65.259"/>
			<tli id="Artur-N-G5026-P600021.t30.w2" time="65.559"/>
			<tli id="Artur-N-G5026-P600021.t30.w3" time="65.789"/>
			<tli id="Artur-N-G5026-P600021.t31" time="67.592"/>
			<tli id="Artur-N-G5026-P600021.t31.w0" time="67.592"/>
			<tli id="Artur-N-G5026-P600021.t31.w1" time="68.732"/>
			<tli id="Artur-N-G5026-P600021.t32" time="69.276"/>
			<tli id="Artur-N-G5026-P600021.t33.w0" time="75.206"/>
			<tli id="Artur-N-G5026-P600021.t33.w1" time="75.326"/>
			<tli id="Artur-N-G5026-P600021.t33.w2" time="75.966"/>
			<tli id="Artur-N-G5026-P600021.t34" time="77.023"/>
			<tli id="Artur-N-G5026-P600021.t34.w0" time="77.133"/>
			<tli id="Artur-N-G5026-P600021.t34.w1" time="77.503"/>
			<tli id="Artur-N-G5026-P600021.t34.w2" time="77.793"/>
			<tli id="Artur-N-G5026-P600021.t34.w3" time="78.263"/>
			<tli id="Artur-N-G5026-P600021.t34.w4" time="78.323"/>
			<tli id="Artur-N-G5026-P600021.t35" time="80.160"/>
			<tli id="Artur-N-G5026-P600021.t35.w0" time="80.710"/>
			<tli id="Artur-N-G5026-P600021.t36" time="81.645"/>
			<tli id="Artur-N-G5026-P600021.t36.w0" time="81.705"/>
			<tli id="Artur-N-G5026-P600021.t36.w1" time="81.965"/>
			<tli id="Artur-N-G5026-P600021.t36.w2" time="82.485"/>
			<tli id="Artur-N-G5026-P600021.t36.w3" time="82.705"/>
			<tli id="Artur-N-G5026-P600021.t36.w4" time="82.935"/>
			<tli id="Artur-N-G5026-P600021.t36.w5" time="83.465"/>
			<tli id="Artur-N-G5026-P600021.t36.w6" time="83.645"/>
			<tli id="Artur-N-G5026-P600021.t36.w7" time="83.975"/>
			<tli id="Artur-N-G5026-P600021.t37" time="84.561"/>
			<tli id="Artur-N-G5026-P600021.t38.w0" time="87.251"/>
			<tli id="Artur-N-G5026-P600021.t38.w1" time="87.311"/>
			<tli id="Artur-N-G5026-P600021.t39" time="88.111"/>
			<tli id="Artur-N-G5026-P600021.t40.w0" time="90.569"/>
			<tli id="Artur-N-G5026-P600021.t40.w1" time="90.779"/>
			<tli id="Artur-N-G5026-P600021.t40.w2" time="91.229"/>
			<tli id="Artur-N-G5026-P600021.t40.w3" time="91.339"/>
			<tli id="Artur-N-G5026-P600021.t40.w4" time="91.809"/>
			<tli id="Artur-N-G5026-P600021.t40.w5" time="91.869"/>
			<tli id="Artur-N-G5026-P600021.t40.w6" time="92.509"/>
			<tli id="Artur-N-G5026-P600021.t41" time="93.287"/>
			<tli id="Artur-N-G5026-P600021.t42.w0" time="96.045"/>
			<tli id="Artur-N-G5026-P600021.t42.w1" time="96.135"/>
			<tli id="Artur-N-G5026-P600021.t42.w2" time="96.715"/>
			<tli id="Artur-N-G5026-P600021.t43" time="97.368"/>
			<tli id="Artur-N-G5026-P600021.t43.w0" time="97.368"/>
			<tli id="Artur-N-G5026-P600021.t44" time="98.299"/>
			<tli id="Artur-N-G5026-P600021.t43.w1" time="99.558"/>
			<tli id="Artur-N-G5026-P600021.t45" time="100.227"/>
			<tli id="Artur-N-G5026-P600021.t45.w0" time="100.257"/>
			<tli id="Artur-N-G5026-P600021.t46" time="102.057"/>
			<tli id="Artur-N-G5026-P600021.t46.w0" time="102.057"/>
			<tli id="Artur-N-G5026-P600021.t47" time="103.143"/>
			<tli id="Artur-N-G5026-P600021.t47.w0" time="103.143"/>
			<tli id="Artur-N-G5026-P600021.t48" time="104.131"/>
			<tli id="Artur-N-G5026-P600021.t48.w0" time="104.171"/>
			<tli id="Artur-N-G5026-P600021.t48.w1" time="104.581"/>
			<tli id="Artur-N-G5026-P600021.t48.w2" time="104.781"/>
			<tli id="Artur-N-G5026-P600021.t48.w3" time="104.891"/>
			<tli id="Artur-N-G5026-P600021.t49" time="106.125"/>
			<tli id="Artur-N-G5026-P600021.t48.w4" time="108.151"/>
			<tli id="Artur-N-G5026-P600021.t48.w5" time="109.321"/>
			<tli id="Artur-N-G5026-P600021.t50" time="111.886"/>
			<tli id="Artur-N-G5026-P600021.t50.w0" time="111.936"/>
			<tli id="Artur-N-G5026-P600021.t50.w1" time="112.536"/>
			<tli id="Artur-N-G5026-P600021.t50.w2" time="112.696"/>
			<tli id="Artur-N-G5026-P600021.t51" time="113.783"/>
			<tli id="Artur-N-G5026-P600021.t51.w0" time="113.883"/>
			<tli id="Artur-N-G5026-P600021.t52" time="115.857"/>
			<tli id="Artur-N-G5026-P600021.t52.w0" time="117.957"/>
			<tli id="Artur-N-G5026-P600021.t54" time="118.941"/>
			<tli id="Artur-N-G5026-P600021.t54.w0" time="119.061"/>
			<tli id="Artur-N-G5026-P600021.t54.w1" time="119.391"/>
			<tli id="Artur-N-G5026-P600021.t54.w2" time="119.601"/>
			<tli id="Artur-N-G5026-P600021.t54.w3" time="119.881"/>
			<tli id="Artur-N-G5026-P600021.t54.w4" time="120.121"/>
			<tli id="Artur-N-G5026-P600021.t54.w5" time="120.401"/>
			<tli id="Artur-N-G5026-P600021.t54.w6" time="121.011"/>
			<tli id="Artur-N-G5026-P600021.t54.w7" time="121.171"/>
			<tli id="Artur-N-G5026-P600021.t54.w8" time="121.311"/>
			<tli id="Artur-N-G5026-P600021.t54.w9" time="121.441"/>
			<tli id="Artur-N-G5026-P600021.t54.w10" time="121.811"/>
			<tli id="Artur-N-G5026-P600021.t54.w11" time="121.871"/>
			<tli id="Artur-N-G5026-P600021.t54.w12" time="122.331"/>
			<tli id="Artur-N-G5026-P600021.t55" time="123.683"/>
			<tli id="Artur-N-G5026-P600021.t55.w0" time="123.783"/>
			<tli id="Artur-N-G5026-P600021.t56" time="125.447"/>
			<tli id="Artur-N-G5026-P600021.t56.w0" time="127.997"/>
			<tli id="Artur-N-G5026-P600021.t58" time="130.393"/>
			<tli id="Artur-N-G5026-P600021.t58.w0" time="130.393"/>
			<tli id="Artur-N-G5026-P600021.t58.w1" time="130.513"/>
			<tli id="Artur-N-G5026-P600021.t59" time="131.448"/>
			<tli id="Artur-N-G5026-P600021.t58.w2" time="133.843"/>
			<tli id="Artur-N-G5026-P600021.t60" time="137.421"/>
			<tli id="Artur-N-G5026-P600021.t60.w0" time="137.451"/>
			<tli id="Artur-N-G5026-P600021.t60.w1" time="138.371"/>
			<tli id="Artur-N-G5026-P600021.t60.w2" time="138.741"/>
			<tli id="Artur-N-G5026-P600021.t61" time="139.393"/>
			<tli id="Artur-N-G5026-P600021.t62.w0" time="140.751"/>
			<tli id="Artur-N-G5026-P600021.t62.w1" time="140.881"/>
			<tli id="Artur-N-G5026-P600021.t63" time="141.490"/>
			<tli id="Artur-N-G5026-P600021.t63.w0" time="141.520"/>
			<tli id="Artur-N-G5026-P600021.t64" time="141.969"/>
			<tli id="Artur-N-G5026-P600021.t64.w0" time="141.969"/>
			<tli id="Artur-N-G5026-P600021.t64.w1" time="142.539"/>
			<tli id="Artur-N-G5026-P600021.t65" time="143.422"/>
			<tli id="Artur-N-G5026-P600021.t65.w0" time="143.422"/>
			<tli id="Artur-N-G5026-P600021.t66" time="143.745"/>
			<tli id="Artur-N-G5026-P600021.t67.w0" time="144.322"/>
			<tli id="Artur-N-G5026-P600021.t67.w1" time="144.682"/>
			<tli id="Artur-N-G5026-P600021.t67.w2" time="145.142"/>
			<tli id="Artur-N-G5026-P600021.t67.w3" time="145.362"/>
			<tli id="Artur-N-G5026-P600021.t67.w4" time="145.632"/>
			<tli id="Artur-N-G5026-P600021.t68" time="146.462"/>
			<tli id="Artur-N-G5026-P600021.t67.w5" time="147.052"/>
			<tli id="Artur-N-G5026-P600021.t69" time="147.880"/>
			<tli id="Artur-N-G5026-P600021.t69.w0" time="150.460"/>
			<tli id="Artur-N-G5026-P600021.t71" time="155.258"/>
			<tli id="Artur-N-G5026-P600021.t71.w0" time="155.318"/>
			<tli id="Artur-N-G5026-P600021.t71.w1" time="155.678"/>
			<tli id="Artur-N-G5026-P600021.t71.w2" time="155.868"/>
			<tli id="Artur-N-G5026-P600021.t71.w3" time="156.638"/>
			<tli id="Artur-N-G5026-P600021.t72" time="157.097"/>
			<tli id="Artur-N-G5026-P600021.t73.w0" time="236.129"/>
			<tli id="Artur-N-G5026-P600021.t74" time="236.879"/>
			<tli id="Artur-N-G5026-P600021.t74.w0" time="236.879"/>
			<tli id="Artur-N-G5026-P600021.t74.w1" time="236.979"/>
			<tli id="Artur-N-G5026-P600021.t74.w2" time="237.249"/>
			<tli id="Artur-N-G5026-P600021.t74.w3" time="237.519"/>
			<tli id="Artur-N-G5026-P600021.t74.w4" time="237.969"/>
			<tli id="Artur-N-G5026-P600021.t74.w5" time="238.209"/>
			<tli id="Artur-N-G5026-P600021.t75" time="239.064"/>
			<tli id="Artur-N-G5026-P600021.t75.w0" time="239.064"/>
			<tli id="Artur-N-G5026-P600021.t75.w1" time="239.214"/>
			<tli id="Artur-N-G5026-P600021.t75.w2" time="239.404"/>
			<tli id="Artur-N-G5026-P600021.t75.w3" time="239.684"/>
			<tli id="Artur-N-G5026-P600021.t75.w4" time="239.744"/>
			<tli id="Artur-N-G5026-P600021.t75.w5" time="240.474"/>
			<tli id="Artur-N-G5026-P600021.t75.w6" time="240.724"/>
			<tli id="Artur-N-G5026-P600021.t76" time="242.135"/>
			<tli id="Artur-N-G5026-P600021.t76.w0" time="242.135"/>
			<tli id="Artur-N-G5026-P600021.t76.w1" time="242.215"/>
			<tli id="Artur-N-G5026-P600021.t76.w2" time="242.325"/>
			<tli id="Artur-N-G5026-P600021.t77" time="243.566"/>
			<tli id="Artur-N-G5026-P600021.t77.w0" time="243.566"/>
			<tli id="Artur-N-G5026-P600021.t77.w1" time="243.966"/>
			<tli id="Artur-N-G5026-P600021.t78" time="245.374"/>
			<tli id="Artur-N-G5026-P600021.t78.w0" time="245.514"/>
			<tli id="Artur-N-G5026-P600021.t78.w1" time="245.774"/>
			<tli id="Artur-N-G5026-P600021.t79" time="246.827"/>
			<tli id="Artur-N-G5026-P600021.t79.w0" time="246.827"/>
			<tli id="Artur-N-G5026-P600021.t79.w1" time="247.237"/>
			<tli id="Artur-N-G5026-P600021.t79.w2" time="247.397"/>
			<tli id="Artur-N-G5026-P600021.t79.w3" time="247.857"/>
			<tli id="Artur-N-G5026-P600021.t80" time="250.217"/>
			<tli id="Artur-N-G5026-P600021.t80.w0" time="250.407"/>
			<tli id="Artur-N-G5026-P600021.t80.w1" time="250.657"/>
			<tli id="Artur-N-G5026-P600021.t80.w2" time="250.857"/>
			<tli id="Artur-N-G5026-P600021.t80.w3" time="251.247"/>
			<tli id="Artur-N-G5026-P600021.t80.w4" time="251.417"/>
			<tli id="Artur-N-G5026-P600021.t80.w5" time="251.627"/>
			<tli id="Artur-N-G5026-P600021.t80.w6" time="252.077"/>
			<tli id="Artur-N-G5026-P600021.t80.w7" time="252.707"/>
			<tli id="Artur-N-G5026-P600021.t81" time="253.740"/>
			<tli id="Artur-N-G5026-P600021.t81.w0" time="253.820"/>
			<tli id="Artur-N-G5026-P600021.t82" time="255.313"/>
			<tli id="Artur-N-G5026-P600021.t82.w0" time="255.373"/>
			<tli id="Artur-N-G5026-P600021.t83" time="256.067"/>
			<tli id="Artur-N-G5026-P600021.t84.w0" time="257.122"/>
			<tli id="Artur-N-G5026-P600021.t84.w1" time="257.262"/>
			<tli id="Artur-N-G5026-P600021.t84.w2" time="258.242"/>
			<tli id="Artur-N-G5026-P600021.t84.w3" time="258.482"/>
			<tli id="Artur-N-G5026-P600021.t84.w4" time="258.622"/>
			<tli id="Artur-N-G5026-P600021.t84.w5" time="259.072"/>
			<tli id="Artur-N-G5026-P600021.t85" time="259.861"/>
			<tli id="Artur-N-G5026-P600021.t85.w0" time="259.911"/>
			<tli id="Artur-N-G5026-P600021.t85.w1" time="260.171"/>
			<tli id="Artur-N-G5026-P600021.t85.w2" time="260.591"/>
			<tli id="Artur-N-G5026-P600021.t85.w3" time="261.141"/>
			<tli id="Artur-N-G5026-P600021.t85.w4" time="261.541"/>
			<tli id="Artur-N-G5026-P600021.t86" time="263.796"/>
			<tli id="Artur-N-G5026-P600021.t86.w0" time="263.796"/>
			<tli id="Artur-N-G5026-P600021.t86.w1" time="264.116"/>
			<tli id="Artur-N-G5026-P600021.t86.w2" time="264.796"/>
			<tli id="Artur-N-G5026-P600021.t86.w3" time="265.226"/>
			<tli id="Artur-N-G5026-P600021.t86.w4" time="265.646"/>
			<tli id="Artur-N-G5026-P600021.t86.w5" time="266.176"/>
			<tli id="Artur-N-G5026-P600021.t86.w6" time="266.386"/>
			<tli id="Artur-N-G5026-P600021.t86.w7" time="266.776"/>
			<tli id="Artur-N-G5026-P600021.t86.w8" time="267.086"/>
			<tli id="Artur-N-G5026-P600021.t86.w9" time="267.736"/>
			<tli id="Artur-N-G5026-P600021.t86.w10" time="268.646"/>
			<tli id="Artur-N-G5026-P600021.t86.w11" time="269.306"/>
			<tli id="Artur-N-G5026-P600021.t86.w12" time="270.086"/>
			<tli id="Artur-N-G5026-P600021.t87" time="270.886"/>
			<tli id="Artur-N-G5026-P600021.t87.w0" time="271.356"/>
			<tli id="Artur-N-G5026-P600021.t88" time="271.750"/>
			<tli id="Artur-N-G5026-P600021.t88.w0" time="271.790"/>
			<tli id="Artur-N-G5026-P600021.t88.w1" time="272.070"/>
			<tli id="Artur-N-G5026-P600021.t88.w2" time="272.380"/>
			<tli id="Artur-N-G5026-P600021.t89" time="273.811"/>
			<tli id="Artur-N-G5026-P600021.t88.w3" time="274.150"/>
			<tli id="Artur-N-G5026-P600021.t88.w4" time="275.640"/>
			<tli id="Artur-N-G5026-P600021.t90" time="282.687"/>
			<tli id="Artur-N-G5026-P600021.t90.w0" time="304.897"/>
			<tli id="Artur-N-G5026-P600021.t92" time="311.245"/>
			<tli id="Artur-N-G5026-P600021.t92.w0" time="312.785"/>
			<tli id="Artur-N-G5026-P600021.t94" time="313.807"/>
			<tli id="Artur-N-G5026-P600021.t94.w0" time="313.847"/>
			<tli id="Artur-N-G5026-P600021.t94.w1" time="314.777"/>
			<tli id="Artur-N-G5026-P600021.t94.w2" time="314.977"/>
			<tli id="Artur-N-G5026-P600021.t94.w3" time="315.627"/>
			<tli id="Artur-N-G5026-P600021.t94.w4" time="315.857"/>
			<tli id="Artur-N-G5026-P600021.t94.w5" time="316.157"/>
			<tli id="Artur-N-G5026-P600021.t94.w6" time="316.647"/>
			<tli id="Artur-N-G5026-P600021.t95" time="317.941"/>
			<tli id="Artur-N-G5026-P600021.t95.w0" time="317.941"/>
			<tli id="Artur-N-G5026-P600021.t96" time="319.448"/>
			<tli id="Artur-N-G5026-P600021.t96.w0" time="319.448"/>
			<tli id="Artur-N-G5026-P600021.t97" time="320.445"/>
			<tli id="Artur-N-G5026-P600021.t97.w0" time="320.475"/>
			<tli id="Artur-N-G5026-P600021.t98" time="321.642"/>
		</common-timeline>
		<tier id="0" category="v" speaker="Artur-N-G5026" type="t" display-name="Artur-N-G5026">
			<event start="Artur-N-G5026-P600021.t2.w0" end="Artur-N-G5026-P600021.t3">prosim</event>
			<event start="Artur-N-G5026-P600021.t4.w0" end="Artur-N-G5026-P600021.t4.w1">vas</event>
			<event start="Artur-N-G5026-P600021.t4.w1" end="Artur-N-G5026-P600021.t5">Tropovec</event>
			<event start="Artur-N-G5026-P600021.t6.w0" end="Artur-N-G5026-P600021.t6.w1">v</event>
			<event start="Artur-N-G5026-P600021.t6.w1" end="Artur-N-G5026-P600021.t6.w2">šolo</event>
			<event start="Artur-N-G5026-P600021.t6.w2" end="Artur-N-G5026-P600021.t6.w3">səm</event>
			<event start="Artur-N-G5026-P600021.t6.w3" end="Artur-N-G5026-P600021.t6.w4">hodila</event>
			<event start="Artur-N-G5026-P600021.t6.w4" end="Artur-N-G5026-P600021.t6.w5">na</event>
			<event start="Artur-N-G5026-P600021.t6.w5" end="Artur-N-G5026-P600021.t7">Tišine</event>
			<event start="Artur-N-G5026-P600021.t7.w0" end="Artur-N-G5026-P600021.t8">eee</event>
			<event start="Artur-N-G5026-P600021.t8.w0" end="Artur-N-G5026-P600021.t8.w1">te</event>
			<event start="Artur-N-G5026-P600021.t8.w1" end="Artur-N-G5026-P600021.t9">s…</event>
			<event start="Artur-N-G5026-P600021.t10.w0" end="Artur-N-G5026-P600021.t10.w1">Šolo</event>
			<event start="Artur-N-G5026-P600021.t10.w1" end="Artur-N-G5026-P600021.t10.w2">smo</event>
			<event start="Artur-N-G5026-P600021.t10.w2" end="Artur-N-G5026-P600021.t10.w3">te</event>
			<event start="Artur-N-G5026-P600021.t10.w3" end="Artur-N-G5026-P600021.t11">meli</event>
			<event start="Artur-N-G5026-P600021.t11.w0" end="Artur-N-G5026-P600021.t11.w1">bogo</event>
			<event start="Artur-N-G5026-P600021.t11.w1" end="Artur-N-G5026-P600021.t11.w2">šolo</event>
			<event start="Artur-N-G5026-P600021.t11.w2" end="Artur-N-G5026-P600021.t11.w3">smo</event>
			<event start="Artur-N-G5026-P600021.t11.w3" end="Artur-N-G5026-P600021.t11.w4">meli</event>
			<event start="Artur-N-G5026-P600021.t11.w4" end="Artur-N-G5026-P600021.t11.w5">c…</event>
			<event start="Artur-N-G5026-P600021.t11.w5" end="Artur-N-G5026-P600021.t11.w6">kək</event>
			<event start="Artur-N-G5026-P600021.t11.w6" end="Artur-N-G5026-P600021.t11.w7">se</event>
			<event start="Artur-N-G5026-P600021.t11.w7" end="Artur-N-G5026-P600021.t11.w8">pravi</event>
			<event start="Artur-N-G5026-P600021.t11.w8" end="Artur-N-G5026-P600021.t12">və</event>
			<event start="Artur-N-G5026-P600021.t12.w0" end="Artur-N-G5026-P600021.t12.w1">zadružnem</event>
			<event start="Artur-N-G5026-P600021.t12.w1" end="Artur-N-G5026-P600021.t13">domu</event>
			<event start="Artur-N-G5026-P600021.t14.w0" end="Artur-N-G5026-P600021.t14.w1">nova</event>
			<event start="Artur-N-G5026-P600021.t14.w1" end="Artur-N-G5026-P600021.t14.w2">šola</event>
			<event start="Artur-N-G5026-P600021.t14.w2" end="Artur-N-G5026-P600021.t14.w3">je</event>
			<event start="Artur-N-G5026-P600021.t14.w3" end="Artur-N-G5026-P600021.t14.w4">zgrajena</event>
			<event start="Artur-N-G5026-P600021.t14.w4" end="Artur-N-G5026-P600021.t14.w5">bla</event>
			<event start="Artur-N-G5026-P600021.t14.w5" end="Artur-N-G5026-P600021.t15">pozneje</event>
			<event start="Artur-N-G5026-P600021.t16.w0" end="Artur-N-G5026-P600021.t16.w1">po</event>
			<event start="Artur-N-G5026-P600021.t16.w1" end="Artur-N-G5026-P600021.t16.w2">osnovni</event>
			<event start="Artur-N-G5026-P600021.t16.w2" end="Artur-N-G5026-P600021.t16.w3">šo…</event>
			<event start="Artur-N-G5026-P600021.t16.w3" end="Artur-N-G5026-P600021.t16.w4">šoli</event>
			<event start="Artur-N-G5026-P600021.t16.w4" end="Artur-N-G5026-P600021.t16.w5">səm</event>
			<event start="Artur-N-G5026-P600021.t16.w5" end="Artur-N-G5026-P600021.t17">šla</event>
			<event start="Artur-N-G5026-P600021.t17.w0" end="Artur-N-G5026-P600021.t17.w1">s</event>
			<event start="Artur-N-G5026-P600021.t17.w1" end="Artur-N-G5026-P600021.t17.w2">petnajstim</event>
			<event start="Artur-N-G5026-P600021.t17.w2" end="Artur-N-G5026-P600021.t18">letom</event>
			<event start="Artur-N-G5026-P600021.t18.w0" end="Artur-N-G5026-P600021.t18.w1">və</event>
			<event start="Artur-N-G5026-P600021.t18.w1" end="Artur-N-G5026-P600021.t18.w2">tovarno</event>
			<event start="Artur-N-G5026-P600021.t18.w2" end="Artur-N-G5026-P600021.t19">Muro</event>
			<event start="Artur-N-G5026-P600021.t19.w0" end="Artur-N-G5026-P600021.t19.w1">tam</event>
			<event start="Artur-N-G5026-P600021.t19.w1" end="Artur-N-G5026-P600021.t20">səm</event>
			<event start="Artur-N-G5026-P600021.t20.w0" end="Artur-N-G5026-P600021.t22">delala</event>
			<event start="Artur-N-G5026-P600021.t22.w0" end="Artur-N-G5026-P600021.t22.w1">ne</event>
			<event start="Artur-N-G5026-P600021.t22.w1" end="Artur-N-G5026-P600021.t22.w2">səm</event>
			<event start="Artur-N-G5026-P600021.t22.w2" end="Artur-N-G5026-P600021.t22.w3">šivala</event>
			<event start="Artur-N-G5026-P600021.t22.w3" end="Artur-N-G5026-P600021.t22.w4">ampak</event>
			<event start="Artur-N-G5026-P600021.t22.w4" end="Artur-N-G5026-P600021.t22.w5">na</event>
			<event start="Artur-N-G5026-P600021.t22.w5" end="Artur-N-G5026-P600021.t22.w6">ročno</event>
			<event start="Artur-N-G5026-P600021.t22.w6" end="Artur-N-G5026-P600021.t22.w7">delo</event>
			<event start="Artur-N-G5026-P600021.t22.w7" end="Artur-N-G5026-P600021.t22.w8">səm</event>
			<event start="Artur-N-G5026-P600021.t22.w8" end="Artur-N-G5026-P600021.t23">bila</event>
			<event start="Artur-N-G5026-P600021.t23.w0" end="Artur-N-G5026-P600021.t23.w1">eee</event>
			<event start="Artur-N-G5026-P600021.t23.w1" end="Artur-N-G5026-P600021.t24">prikrojevalnici</event>
			<event start="Artur-N-G5026-P600021.t24.w0" end="Artur-N-G5026-P600021.t24.w1">ki</event>
			<event start="Artur-N-G5026-P600021.t24.w1" end="Artur-N-G5026-P600021.t25">smo</event>
			<event start="Artur-N-G5026-P600021.t25.w0" end="Artur-N-G5026-P600021.t26">izrezovali</event>
			<event start="Artur-N-G5026-P600021.t27.w0" end="Artur-N-G5026-P600021.t27.w1">e</event>
			<event start="Artur-N-G5026-P600021.t27.w1" end="Artur-N-G5026-P600021.t28">blago</event>
			<event start="Artur-N-G5026-P600021.t29.w0" end="Artur-N-G5026-P600021.t29.w1">v</event>
			<event start="Artur-N-G5026-P600021.t29.w1" end="Artur-N-G5026-P600021.t29.w2">Muri</event>
			<event start="Artur-N-G5026-P600021.t29.w2" end="Artur-N-G5026-P600021.t29.w3">səm</event>
			<event start="Artur-N-G5026-P600021.t29.w3" end="Artur-N-G5026-P600021.t30">delal…</event>
			<event start="Artur-N-G5026-P600021.t30.w0" end="Artur-N-G5026-P600021.t30.w1">V</event>
			<event start="Artur-N-G5026-P600021.t30.w1" end="Artur-N-G5026-P600021.t30.w2">Muri</event>
			<event start="Artur-N-G5026-P600021.t30.w2" end="Artur-N-G5026-P600021.t30.w3">səm</event>
			<event start="Artur-N-G5026-P600021.t30.w3" end="Artur-N-G5026-P600021.t31">delala</event>
			<event start="Artur-N-G5026-P600021.t31.w0" end="Artur-N-G5026-P600021.t31.w1">petintrideset</event>
			<event start="Artur-N-G5026-P600021.t31.w1" end="Artur-N-G5026-P600021.t32">let</event>
			<event start="Artur-N-G5026-P600021.t33.w0" end="Artur-N-G5026-P600021.t33.w1">v</event>
			<event start="Artur-N-G5026-P600021.t33.w1" end="Artur-N-G5026-P600021.t33.w2">določenem</event>
			<event start="Artur-N-G5026-P600021.t33.w2" end="Artur-N-G5026-P600021.t34">času</event>
			<event start="Artur-N-G5026-P600021.t34.w0" end="Artur-N-G5026-P600021.t34.w1">səm</event>
			<event start="Artur-N-G5026-P600021.t34.w1" end="Artur-N-G5026-P600021.t34.w2">bila</event>
			<event start="Artur-N-G5026-P600021.t34.w2" end="Artur-N-G5026-P600021.t34.w3">tudi</event>
			<event start="Artur-N-G5026-P600021.t34.w3" end="Artur-N-G5026-P600021.t34.w4">v</event>
			<event start="Artur-N-G5026-P600021.t34.w4" end="Artur-N-G5026-P600021.t35">Nemčiji</event>
			<event start="Artur-N-G5026-P600021.t35.w0" end="Artur-N-G5026-P600021.t36">eee</event>
			<event start="Artur-N-G5026-P600021.t36.w0" end="Artur-N-G5026-P600021.t36.w1">in</event>
			<event start="Artur-N-G5026-P600021.t36.w1" end="Artur-N-G5026-P600021.t36.w2">potem</event>
			<event start="Artur-N-G5026-P600021.t36.w2" end="Artur-N-G5026-P600021.t36.w3">səm</event>
			<event start="Artur-N-G5026-P600021.t36.w3" end="Artur-N-G5026-P600021.t36.w4">se</event>
			<event start="Artur-N-G5026-P600021.t36.w4" end="Artur-N-G5026-P600021.t36.w5">vrnila</event>
			<event start="Artur-N-G5026-P600021.t36.w5" end="Artur-N-G5026-P600021.t36.w6">po</event>
			<event start="Artur-N-G5026-P600021.t36.w6" end="Artur-N-G5026-P600021.t36.w7">par</event>
			<event start="Artur-N-G5026-P600021.t36.w7" end="Artur-N-G5026-P600021.t37">letih</event>
			<event start="Artur-N-G5026-P600021.t38.w0" end="Artur-N-G5026-P600021.t38.w1">v</event>
			<event start="Artur-N-G5026-P600021.t38.w1" end="Artur-N-G5026-P600021.t39">Konstanzu</event>
			<event start="Artur-N-G5026-P600021.t40.w0" end="Artur-N-G5026-P600021.t40.w1">jəz</event>
			<event start="Artur-N-G5026-P600021.t40.w1" end="Artur-N-G5026-P600021.t40.w2">səm</event>
			<event start="Artur-N-G5026-P600021.t40.w2" end="Artur-N-G5026-P600021.t40.w3">pa</event>
			<event start="Artur-N-G5026-P600021.t40.w3" end="Artur-N-G5026-P600021.t40.w4">delala</event>
			<event start="Artur-N-G5026-P600021.t40.w4" end="Artur-N-G5026-P600021.t40.w5">v</event>
			<event start="Artur-N-G5026-P600021.t40.w5" end="Artur-N-G5026-P600021.t40.w6">hotelu</event>
			<event start="Artur-N-G5026-P600021.t40.w6" end="Artur-N-G5026-P600021.t41">Baunhof</event>
			<event start="Artur-N-G5026-P600021.t42.w0" end="Artur-N-G5026-P600021.t42.w1">v</event>
			<event start="Artur-N-G5026-P600021.t42.w1" end="Artur-N-G5026-P600021.t42.w2">Nemčiji</event>
			<event start="Artur-N-G5026-P600021.t42.w2" end="Artur-N-G5026-P600021.t43">ja</event>
			<event start="Artur-N-G5026-P600021.t43.w0" end="Artur-N-G5026-P600021.t44">kak</event>
			<event start="Artur-N-G5026-P600021.t43.w1" end="Artur-N-G5026-P600021.t45">eee</event>
			<event start="Artur-N-G5026-P600021.t45.w0" end="Artur-N-G5026-P600021.t46">Pozneje</event>
			<event start="Artur-N-G5026-P600021.t46.w0" end="Artur-N-G5026-P600021.t47">švici</event>
			<event start="Artur-N-G5026-P600021.t47.w0" end="Artur-N-G5026-P600021.t48">ja</event>
			<event start="Artur-N-G5026-P600021.t48.w0" end="Artur-N-G5026-P600021.t48.w1">pozneje</event>
			<event start="Artur-N-G5026-P600021.t48.w1" end="Artur-N-G5026-P600021.t48.w2">səm</event>
			<event start="Artur-N-G5026-P600021.t48.w2" end="Artur-N-G5026-P600021.t48.w3">pa</event>
			<event start="Artur-N-G5026-P600021.t48.w3" end="Artur-N-G5026-P600021.t49">delala</event>
			<event start="Artur-N-G5026-P600021.t48.w4" end="Artur-N-G5026-P600021.t48.w5">v</event>
			<event start="Artur-N-G5026-P600021.t48.w5" end="Artur-N-G5026-P600021.t50">Švici</event>
			<event start="Artur-N-G5026-P600021.t50.w0" end="Artur-N-G5026-P600021.t50.w1">fseeno</event>
			<event start="Artur-N-G5026-P600021.t50.w1" end="Artur-N-G5026-P600021.t50.w2">je</event>
			<event start="Artur-N-G5026-P600021.t50.w2" end="Artur-N-G5026-P600021.t51">blo</event>
			<event start="Artur-N-G5026-P600021.t51.w0" end="Artur-N-G5026-P600021.t52">fseeno</event>
			<event start="Artur-N-G5026-P600021.t52.w0" end="Artur-N-G5026-P600021.t54">eee</event>
			<event start="Artur-N-G5026-P600021.t54.w0" end="Artur-N-G5026-P600021.t54.w1">Mož</event>
			<event start="Artur-N-G5026-P600021.t54.w1" end="Artur-N-G5026-P600021.t54.w2">je</event>
			<event start="Artur-N-G5026-P600021.t54.w2" end="Artur-N-G5026-P600021.t54.w3">že</event>
			<event start="Artur-N-G5026-P600021.t54.w3" end="Artur-N-G5026-P600021.t54.w4">bil</event>
			<event start="Artur-N-G5026-P600021.t54.w4" end="Artur-N-G5026-P600021.t54.w5">tudi</event>
			<event start="Artur-N-G5026-P600021.t54.w5" end="Artur-N-G5026-P600021.t54.w6">zraven</event>
			<event start="Artur-N-G5026-P600021.t54.w6" end="Artur-N-G5026-P600021.t54.w7">on</event>
			<event start="Artur-N-G5026-P600021.t54.w7" end="Artur-N-G5026-P600021.t54.w8">je</event>
			<event start="Artur-N-G5026-P600021.t54.w8" end="Artur-N-G5026-P600021.t54.w9">pa</event>
			<event start="Artur-N-G5026-P600021.t54.w9" end="Artur-N-G5026-P600021.t54.w10">delal</event>
			<event start="Artur-N-G5026-P600021.t54.w10" end="Artur-N-G5026-P600021.t54.w11">v</event>
			<event start="Artur-N-G5026-P600021.t54.w11" end="Artur-N-G5026-P600021.t54.w12">firmi</event>
			<event start="Artur-N-G5026-P600021.t54.w12" end="Artur-N-G5026-P600021.t55">Berg</event>
			<event start="Artur-N-G5026-P600021.t55.w0" end="Artur-N-G5026-P600021.t56">zə</event>
			<event start="Artur-N-G5026-P600021.t56.w0" end="Artur-N-G5026-P600021.t58">joj</event>
			<event start="Artur-N-G5026-P600021.t58.w0" end="Artur-N-G5026-P600021.t58.w1">Z</event>
			<event start="Artur-N-G5026-P600021.t58.w1" end="Artur-N-G5026-P600021.t59">bagrom</event>
			<event start="Artur-N-G5026-P600021.t58.w2" end="Artur-N-G5026-P600021.t60">ja</event>
			<event start="Artur-N-G5026-P600021.t60.w0" end="Artur-N-G5026-P600021.t60.w1">brat</event>
			<event start="Artur-N-G5026-P600021.t60.w1" end="Artur-N-G5026-P600021.t60.w2">Oto</event>
			<event start="Artur-N-G5026-P600021.t60.w2" end="Artur-N-G5026-P600021.t61">ja</event>
			<event start="Artur-N-G5026-P600021.t62.w0" end="Artur-N-G5026-P600021.t62.w1">pa</event>
			<event start="Artur-N-G5026-P600021.t62.w1" end="Artur-N-G5026-P600021.t63">še</event>
			<event start="Artur-N-G5026-P600021.t63.w0" end="Artur-N-G5026-P600021.t64">ja</event>
			<event start="Artur-N-G5026-P600021.t64.w0" end="Artur-N-G5026-P600021.t64.w1">Feri</event>
			<event start="Artur-N-G5026-P600021.t64.w1" end="Artur-N-G5026-P600021.t65">ja</event>
			<event start="Artur-N-G5026-P600021.t65.w0" end="Artur-N-G5026-P600021.t66">ja</event>
			<event start="Artur-N-G5026-P600021.t67.w0" end="Artur-N-G5026-P600021.t67.w1">trije</event>
			<event start="Artur-N-G5026-P600021.t67.w1" end="Artur-N-G5026-P600021.t67.w2">bratje</event>
			<event start="Artur-N-G5026-P600021.t67.w2" end="Artur-N-G5026-P600021.t67.w3">so</event>
			<event start="Artur-N-G5026-P600021.t67.w3" end="Artur-N-G5026-P600021.t67.w4">bili</event>
			<event start="Artur-N-G5026-P600021.t67.w4" end="Artur-N-G5026-P600021.t68">skupaj</event>
			<event start="Artur-N-G5026-P600021.t67.w5" end="Artur-N-G5026-P600021.t69">ja</event>
			<event start="Artur-N-G5026-P600021.t69.w0" end="Artur-N-G5026-P600021.t71">mhm</event>
			<event start="Artur-N-G5026-P600021.t71.w0" end="Artur-N-G5026-P600021.t71.w1">ja</event>
			<event start="Artur-N-G5026-P600021.t71.w1" end="Artur-N-G5026-P600021.t71.w2">se</event>
			<event start="Artur-N-G5026-P600021.t71.w2" end="Artur-N-G5026-P600021.t71.w3">spomnim</event>
			<event start="Artur-N-G5026-P600021.t71.w3" end="Artur-N-G5026-P600021.t72">ja</event>
			<event start="Artur-N-G5026-P600021.t73.w0" end="Artur-N-G5026-P600021.t74">ja</event>
			<event start="Artur-N-G5026-P600021.t74.w0" end="Artur-N-G5026-P600021.t74.w1">ko</event>
			<event start="Artur-N-G5026-P600021.t74.w1" end="Artur-N-G5026-P600021.t74.w2">je</event>
			<event start="Artur-N-G5026-P600021.t74.w2" end="Artur-N-G5026-P600021.t74.w3">Olga</event>
			<event start="Artur-N-G5026-P600021.t74.w3" end="Artur-N-G5026-P600021.t74.w4">prišla</event>
			<event start="Artur-N-G5026-P600021.t74.w4" end="Artur-N-G5026-P600021.t74.w5">v</event>
			<event start="Artur-N-G5026-P600021.t74.w5" end="Artur-N-G5026-P600021.t75">Nemčijo</event>
			<event start="Artur-N-G5026-P600021.t75.w0" end="Artur-N-G5026-P600021.t75.w1">kej</event>
			<event start="Artur-N-G5026-P600021.t75.w1" end="Artur-N-G5026-P600021.t75.w2">səm</event>
			<event start="Artur-N-G5026-P600021.t75.w2" end="Artur-N-G5026-P600021.t75.w3">bila</event>
			<event start="Artur-N-G5026-P600021.t75.w3" end="Artur-N-G5026-P600021.t75.w4">v</event>
			<event start="Artur-N-G5026-P600021.t75.w4" end="Artur-N-G5026-P600021.t75.w5">službi</event>
			<event start="Artur-N-G5026-P600021.t75.w5" end="Artur-N-G5026-P600021.t75.w6">səm</event>
			<event start="Artur-N-G5026-P600021.t75.w6" end="Artur-N-G5026-P600021.t76">delala</event>
			<event start="Artur-N-G5026-P600021.t76.w0" end="Artur-N-G5026-P600021.t76.w1">to</event>
			<event start="Artur-N-G5026-P600021.t76.w1" end="Artur-N-G5026-P600021.t76.w2">je</event>
			<event start="Artur-N-G5026-P600021.t76.w2" end="Artur-N-G5026-P600021.t77">blo</event>
			<event start="Artur-N-G5026-P600021.t77.w0" end="Artur-N-G5026-P600021.t77.w1">proti</event>
			<event start="Artur-N-G5026-P600021.t77.w1" end="Artur-N-G5026-P600021.t78">večeru</event>
			<event start="Artur-N-G5026-P600021.t78.w0" end="Artur-N-G5026-P600021.t78.w1">idem</event>
			<event start="Artur-N-G5026-P600021.t78.w1" end="Artur-N-G5026-P600021.t79">domov</event>
			<event start="Artur-N-G5026-P600021.t79.w0" end="Artur-N-G5026-P600021.t79.w1">samo</event>
			<event start="Artur-N-G5026-P600021.t79.w1" end="Artur-N-G5026-P600021.t79.w2">na</event>
			<event start="Artur-N-G5026-P600021.t79.w2" end="Artur-N-G5026-P600021.t79.w3">pouti</event>
			<event start="Artur-N-G5026-P600021.t79.w3" end="Artur-N-G5026-P600021.t80">srečan</event>
			<event start="Artur-N-G5026-P600021.t80.w0" end="Artur-N-G5026-P600021.t80.w1">Olgo</event>
			<event start="Artur-N-G5026-P600021.t80.w1" end="Artur-N-G5026-P600021.t80.w2">ka</event>
			<event start="Artur-N-G5026-P600021.t80.w2" end="Artur-N-G5026-P600021.t80.w3">ide</event>
			<event start="Artur-N-G5026-P600021.t80.w3" end="Artur-N-G5026-P600021.t80.w4">pa</event>
			<event start="Artur-N-G5026-P600021.t80.w4" end="Artur-N-G5026-P600021.t80.w5">še</event>
			<event start="Artur-N-G5026-P600021.t80.w5" end="Artur-N-G5026-P600021.t80.w6">nešče</event>
			<event start="Artur-N-G5026-P600021.t80.w6" end="Artur-N-G5026-P600021.t80.w7">zraven</event>
			<event start="Artur-N-G5026-P600021.t80.w7" end="Artur-N-G5026-P600021.t81">njej</event>
			<event start="Artur-N-G5026-P600021.t81.w0" end="Artur-N-G5026-P600021.t82">in</event>
			<event start="Artur-N-G5026-P600021.t82.w0" end="Artur-N-G5026-P600021.t83">gas…</event>
			<event start="Artur-N-G5026-P600021.t84.w0" end="Artur-N-G5026-P600021.t84.w1">Ta</event>
			<event start="Artur-N-G5026-P600021.t84.w1" end="Artur-N-G5026-P600021.t84.w2">zraven</event>
			<event start="Artur-N-G5026-P600021.t84.w2" end="Artur-N-G5026-P600021.t84.w3">Joži</event>
			<event start="Artur-N-G5026-P600021.t84.w3" end="Artur-N-G5026-P600021.t84.w4">je</event>
			<event start="Artur-N-G5026-P600021.t84.w4" end="Artur-N-G5026-P600021.t84.w5">bil</event>
			<event start="Artur-N-G5026-P600021.t84.w5" end="Artur-N-G5026-P600021.t85">ja</event>
			<event start="Artur-N-G5026-P600021.t85.w0" end="Artur-N-G5026-P600021.t85.w1">in</event>
			<event start="Artur-N-G5026-P600021.t85.w1" end="Artur-N-G5026-P600021.t85.w2">ges</event>
			<event start="Artur-N-G5026-P600021.t85.w2" end="Artur-N-G5026-P600021.t85.w3">odhajam</event>
			<event start="Artur-N-G5026-P600021.t85.w3" end="Artur-N-G5026-P600021.t85.w4">samo</event>
			<event start="Artur-N-G5026-P600021.t85.w4" end="Artur-N-G5026-P600021.t86">mimo</event>
			<event start="Artur-N-G5026-P600021.t86.w0" end="Artur-N-G5026-P600021.t86.w1">ne</event>
			<event start="Artur-N-G5026-P600021.t86.w1" end="Artur-N-G5026-P600021.t86.w2">gledam</event>
			<event start="Artur-N-G5026-P600021.t86.w2" end="Artur-N-G5026-P600021.t86.w3">što</event>
			<event start="Artur-N-G5026-P600021.t86.w3" end="Artur-N-G5026-P600021.t86.w4">je</event>
			<event start="Artur-N-G5026-P600021.t86.w4" end="Artur-N-G5026-P600021.t86.w5">ampak</event>
			<event start="Artur-N-G5026-P600021.t86.w5" end="Artur-N-G5026-P600021.t86.w6">səm</event>
			<event start="Artur-N-G5026-P600021.t86.w6" end="Artur-N-G5026-P600021.t86.w7">samo</event>
			<event start="Artur-N-G5026-P600021.t86.w7" end="Artur-N-G5026-P600021.t86.w8">šla</event>
			<event start="Artur-N-G5026-P600021.t86.w8" end="Artur-N-G5026-P600021.t86.w9">naprej</event>
			<event start="Artur-N-G5026-P600021.t86.w9" end="Artur-N-G5026-P600021.t86.w10">zaenkrat</event>
			<event start="Artur-N-G5026-P600021.t86.w10" end="Artur-N-G5026-P600021.t86.w11">skrči</event>
			<event start="Artur-N-G5026-P600021.t86.w11" end="Artur-N-G5026-P600021.t86.w12">Olga</event>
			<event start="Artur-N-G5026-P600021.t86.w12" end="Artur-N-G5026-P600021.t87">Joža</event>
			<event start="Artur-N-G5026-P600021.t87.w0" end="Artur-N-G5026-P600021.t88">Ha</event>
			<event start="Artur-N-G5026-P600021.t88.w0" end="Artur-N-G5026-P600021.t88.w1">ja</event>
			<event start="Artur-N-G5026-P600021.t88.w1" end="Artur-N-G5026-P600021.t88.w2">od</event>
			<event start="Artur-N-G5026-P600021.t88.w2" end="Artur-N-G5026-P600021.t89">kod</event>
			<event start="Artur-N-G5026-P600021.t88.w3" end="Artur-N-G5026-P600021.t88.w4">pa</event>
			<event start="Artur-N-G5026-P600021.t88.w4" end="Artur-N-G5026-P600021.t90">ti</event>
			<event start="Artur-N-G5026-P600021.t90.w0" end="Artur-N-G5026-P600021.t92">N…</event>
			<event start="Artur-N-G5026-P600021.t92.w0" end="Artur-N-G5026-P600021.t94">Ja</event>
			<event start="Artur-N-G5026-P600021.t94.w0" end="Artur-N-G5026-P600021.t94.w1">res</event>
			<event start="Artur-N-G5026-P600021.t94.w1" end="Artur-N-G5026-P600021.t94.w2">res</event>
			<event start="Artur-N-G5026-P600021.t94.w2" end="Artur-N-G5026-P600021.t94.w3">je</event>
			<event start="Artur-N-G5026-P600021.t94.w3" end="Artur-N-G5026-P600021.t94.w4">tou</event>
			<event start="Artur-N-G5026-P600021.t94.w4" end="Artur-N-G5026-P600021.t94.w5">tak</event>
			<event start="Artur-N-G5026-P600021.t94.w5" end="Artur-N-G5026-P600021.t94.w6">bilo</event>
			<event start="Artur-N-G5026-P600021.t94.w6" end="Artur-N-G5026-P600021.t95">ja</event>
			<event start="Artur-N-G5026-P600021.t95.w0" end="Artur-N-G5026-P600021.t96">presenečenje</event>
			<event start="Artur-N-G5026-P600021.t96.w0" end="Artur-N-G5026-P600021.t97">ja</event>
			<event start="Artur-N-G5026-P600021.t97.w0" end="Artur-N-G5026-P600021.t98">presenečenje</event>
		</tier>
		<tier id="1" category="v" speaker="Artur-N-G5026" type="t" display-name="Artur-N-G5026">
			<event start="Artur-N-G5026-P600021.t2.w0" end="Artur-N-G5026-P600021.t3">prosim</event>
			<event start="Artur-N-G5026-P600021.t4.w0" end="Artur-N-G5026-P600021.t4.w1">vas</event>
			<event start="Artur-N-G5026-P600021.t4.w1" end="Artur-N-G5026-P600021.t5">Tropovci</event>
			<event start="Artur-N-G5026-P600021.t6.w0" end="Artur-N-G5026-P600021.t6.w1">v</event>
			<event start="Artur-N-G5026-P600021.t6.w1" end="Artur-N-G5026-P600021.t6.w2">šolo</event>
			<event start="Artur-N-G5026-P600021.t6.w2" end="Artur-N-G5026-P600021.t6.w3">sem</event>
			<event start="Artur-N-G5026-P600021.t6.w3" end="Artur-N-G5026-P600021.t6.w4">hodila</event>
			<event start="Artur-N-G5026-P600021.t6.w4" end="Artur-N-G5026-P600021.t6.w5">na</event>
			<event start="Artur-N-G5026-P600021.t6.w5" end="Artur-N-G5026-P600021.t7">Tišine</event>
			<event start="Artur-N-G5026-P600021.t7.w0" end="Artur-N-G5026-P600021.t8">eee</event>
			<event start="Artur-N-G5026-P600021.t8.w0" end="Artur-N-G5026-P600021.t8.w1">te</event>
			<event start="Artur-N-G5026-P600021.t8.w1" end="Artur-N-G5026-P600021.t9">s…</event>
			<event start="Artur-N-G5026-P600021.t10.w0" end="Artur-N-G5026-P600021.t10.w1">Šolo</event>
			<event start="Artur-N-G5026-P600021.t10.w1" end="Artur-N-G5026-P600021.t10.w2">smo</event>
			<event start="Artur-N-G5026-P600021.t10.w2" end="Artur-N-G5026-P600021.t10.w3">te</event>
			<event start="Artur-N-G5026-P600021.t10.w3" end="Artur-N-G5026-P600021.t11">imeli</event>
			<event start="Artur-N-G5026-P600021.t11.w0" end="Artur-N-G5026-P600021.t11.w1">ubogo</event>
			<event start="Artur-N-G5026-P600021.t11.w1" end="Artur-N-G5026-P600021.t11.w2">šolo</event>
			<event start="Artur-N-G5026-P600021.t11.w2" end="Artur-N-G5026-P600021.t11.w3">smo</event>
			<event start="Artur-N-G5026-P600021.t11.w3" end="Artur-N-G5026-P600021.t11.w4">imeli</event>
			<event start="Artur-N-G5026-P600021.t11.w4" end="Artur-N-G5026-P600021.t11.w5">c…</event>
			<event start="Artur-N-G5026-P600021.t11.w5" end="Artur-N-G5026-P600021.t11.w6">kako</event>
			<event start="Artur-N-G5026-P600021.t11.w6" end="Artur-N-G5026-P600021.t11.w7">se</event>
			<event start="Artur-N-G5026-P600021.t11.w7" end="Artur-N-G5026-P600021.t11.w8">pravi</event>
			<event start="Artur-N-G5026-P600021.t11.w8" end="Artur-N-G5026-P600021.t12">v</event>
			<event start="Artur-N-G5026-P600021.t12.w0" end="Artur-N-G5026-P600021.t12.w1">zadružnem</event>
			<event start="Artur-N-G5026-P600021.t12.w1" end="Artur-N-G5026-P600021.t13">domu</event>
			<event start="Artur-N-G5026-P600021.t14.w0" end="Artur-N-G5026-P600021.t14.w1">nova</event>
			<event start="Artur-N-G5026-P600021.t14.w1" end="Artur-N-G5026-P600021.t14.w2">šola</event>
			<event start="Artur-N-G5026-P600021.t14.w2" end="Artur-N-G5026-P600021.t14.w3">je</event>
			<event start="Artur-N-G5026-P600021.t14.w3" end="Artur-N-G5026-P600021.t14.w4">zgrajena</event>
			<event start="Artur-N-G5026-P600021.t14.w4" end="Artur-N-G5026-P600021.t14.w5">bila</event>
			<event start="Artur-N-G5026-P600021.t14.w5" end="Artur-N-G5026-P600021.t15">pozneje</event>
			<event start="Artur-N-G5026-P600021.t16.w0" end="Artur-N-G5026-P600021.t16.w1">po</event>
			<event start="Artur-N-G5026-P600021.t16.w1" end="Artur-N-G5026-P600021.t16.w2">osnovni</event>
			<event start="Artur-N-G5026-P600021.t16.w2" end="Artur-N-G5026-P600021.t16.w3">šel</event>
			<event start="Artur-N-G5026-P600021.t16.w3" end="Artur-N-G5026-P600021.t16.w4">šoli</event>
			<event start="Artur-N-G5026-P600021.t16.w4" end="Artur-N-G5026-P600021.t16.w5">sem</event>
			<event start="Artur-N-G5026-P600021.t16.w5" end="Artur-N-G5026-P600021.t17">šla</event>
			<event start="Artur-N-G5026-P600021.t17.w0" end="Artur-N-G5026-P600021.t17.w1">s</event>
			<event start="Artur-N-G5026-P600021.t17.w1" end="Artur-N-G5026-P600021.t17.w2">petnajstim</event>
			<event start="Artur-N-G5026-P600021.t17.w2" end="Artur-N-G5026-P600021.t18">letom</event>
			<event start="Artur-N-G5026-P600021.t18.w0" end="Artur-N-G5026-P600021.t18.w1">v</event>
			<event start="Artur-N-G5026-P600021.t18.w1" end="Artur-N-G5026-P600021.t18.w2">tovarno</event>
			<event start="Artur-N-G5026-P600021.t18.w2" end="Artur-N-G5026-P600021.t19">Muro</event>
			<event start="Artur-N-G5026-P600021.t19.w0" end="Artur-N-G5026-P600021.t19.w1">tam</event>
			<event start="Artur-N-G5026-P600021.t19.w1" end="Artur-N-G5026-P600021.t20">sem</event>
			<event start="Artur-N-G5026-P600021.t20.w0" end="Artur-N-G5026-P600021.t22">delala</event>
			<event start="Artur-N-G5026-P600021.t22.w0" end="Artur-N-G5026-P600021.t22.w1">ne</event>
			<event start="Artur-N-G5026-P600021.t22.w1" end="Artur-N-G5026-P600021.t22.w2">sem</event>
			<event start="Artur-N-G5026-P600021.t22.w2" end="Artur-N-G5026-P600021.t22.w3">šivala</event>
			<event start="Artur-N-G5026-P600021.t22.w3" end="Artur-N-G5026-P600021.t22.w4">ampak</event>
			<event start="Artur-N-G5026-P600021.t22.w4" end="Artur-N-G5026-P600021.t22.w5">na</event>
			<event start="Artur-N-G5026-P600021.t22.w5" end="Artur-N-G5026-P600021.t22.w6">ročno</event>
			<event start="Artur-N-G5026-P600021.t22.w6" end="Artur-N-G5026-P600021.t22.w7">delo</event>
			<event start="Artur-N-G5026-P600021.t22.w7" end="Artur-N-G5026-P600021.t22.w8">sem</event>
			<event start="Artur-N-G5026-P600021.t22.w8" end="Artur-N-G5026-P600021.t23">bila</event>
			<event start="Artur-N-G5026-P600021.t23.w0" end="Artur-N-G5026-P600021.t23.w1">eee</event>
			<event start="Artur-N-G5026-P600021.t23.w1" end="Artur-N-G5026-P600021.t24">prikrojevalnici</event>
			<event start="Artur-N-G5026-P600021.t24.w0" end="Artur-N-G5026-P600021.t24.w1">ki</event>
			<event start="Artur-N-G5026-P600021.t24.w1" end="Artur-N-G5026-P600021.t25">smo</event>
			<event start="Artur-N-G5026-P600021.t25.w0" end="Artur-N-G5026-P600021.t26">izrezovali</event>
			<event start="Artur-N-G5026-P600021.t27.w0" end="Artur-N-G5026-P600021.t27.w1">e</event>
			<event start="Artur-N-G5026-P600021.t27.w1" end="Artur-N-G5026-P600021.t28">blago</event>
			<event start="Artur-N-G5026-P600021.t29.w0" end="Artur-N-G5026-P600021.t29.w1">v</event>
			<event start="Artur-N-G5026-P600021.t29.w1" end="Artur-N-G5026-P600021.t29.w2">Muri</event>
			<event start="Artur-N-G5026-P600021.t29.w2" end="Artur-N-G5026-P600021.t29.w3">sem</event>
			<event start="Artur-N-G5026-P600021.t29.w3" end="Artur-N-G5026-P600021.t30">delal…</event>
			<event start="Artur-N-G5026-P600021.t30.w0" end="Artur-N-G5026-P600021.t30.w1">V</event>
			<event start="Artur-N-G5026-P600021.t30.w1" end="Artur-N-G5026-P600021.t30.w2">Muri</event>
			<event start="Artur-N-G5026-P600021.t30.w2" end="Artur-N-G5026-P600021.t30.w3">sem</event>
			<event start="Artur-N-G5026-P600021.t30.w3" end="Artur-N-G5026-P600021.t31">delala</event>
			<event start="Artur-N-G5026-P600021.t31.w0" end="Artur-N-G5026-P600021.t31.w1">petintrideset</event>
			<event start="Artur-N-G5026-P600021.t31.w1" end="Artur-N-G5026-P600021.t32">let</event>
			<event start="Artur-N-G5026-P600021.t33.w0" end="Artur-N-G5026-P600021.t33.w1">v</event>
			<event start="Artur-N-G5026-P600021.t33.w1" end="Artur-N-G5026-P600021.t33.w2">določenem</event>
			<event start="Artur-N-G5026-P600021.t33.w2" end="Artur-N-G5026-P600021.t34">času</event>
			<event start="Artur-N-G5026-P600021.t34.w0" end="Artur-N-G5026-P600021.t34.w1">sem</event>
			<event start="Artur-N-G5026-P600021.t34.w1" end="Artur-N-G5026-P600021.t34.w2">bila</event>
			<event start="Artur-N-G5026-P600021.t34.w2" end="Artur-N-G5026-P600021.t34.w3">tudi</event>
			<event start="Artur-N-G5026-P600021.t34.w3" end="Artur-N-G5026-P600021.t34.w4">v</event>
			<event start="Artur-N-G5026-P600021.t34.w4" end="Artur-N-G5026-P600021.t35">Nemčiji</event>
			<event start="Artur-N-G5026-P600021.t35.w0" end="Artur-N-G5026-P600021.t36">eee</event>
			<event start="Artur-N-G5026-P600021.t36.w0" end="Artur-N-G5026-P600021.t36.w1">in</event>
			<event start="Artur-N-G5026-P600021.t36.w1" end="Artur-N-G5026-P600021.t36.w2">potem</event>
			<event start="Artur-N-G5026-P600021.t36.w2" end="Artur-N-G5026-P600021.t36.w3">sem</event>
			<event start="Artur-N-G5026-P600021.t36.w3" end="Artur-N-G5026-P600021.t36.w4">se</event>
			<event start="Artur-N-G5026-P600021.t36.w4" end="Artur-N-G5026-P600021.t36.w5">vrnila</event>
			<event start="Artur-N-G5026-P600021.t36.w5" end="Artur-N-G5026-P600021.t36.w6">po</event>
			<event start="Artur-N-G5026-P600021.t36.w6" end="Artur-N-G5026-P600021.t36.w7">par</event>
			<event start="Artur-N-G5026-P600021.t36.w7" end="Artur-N-G5026-P600021.t37">letih</event>
			<event start="Artur-N-G5026-P600021.t38.w0" end="Artur-N-G5026-P600021.t38.w1">v</event>
			<event start="Artur-N-G5026-P600021.t38.w1" end="Artur-N-G5026-P600021.t39">Konstanzu</event>
			<event start="Artur-N-G5026-P600021.t40.w0" end="Artur-N-G5026-P600021.t40.w1">jaz</event>
			<event start="Artur-N-G5026-P600021.t40.w1" end="Artur-N-G5026-P600021.t40.w2">sem</event>
			<event start="Artur-N-G5026-P600021.t40.w2" end="Artur-N-G5026-P600021.t40.w3">pa</event>
			<event start="Artur-N-G5026-P600021.t40.w3" end="Artur-N-G5026-P600021.t40.w4">delala</event>
			<event start="Artur-N-G5026-P600021.t40.w4" end="Artur-N-G5026-P600021.t40.w5">v</event>
			<event start="Artur-N-G5026-P600021.t40.w5" end="Artur-N-G5026-P600021.t40.w6">hotelu</event>
			<event start="Artur-N-G5026-P600021.t40.w6" end="Artur-N-G5026-P600021.t41">Baunhof</event>
			<event start="Artur-N-G5026-P600021.t42.w0" end="Artur-N-G5026-P600021.t42.w1">v</event>
			<event start="Artur-N-G5026-P600021.t42.w1" end="Artur-N-G5026-P600021.t42.w2">Nemčiji</event>
			<event start="Artur-N-G5026-P600021.t42.w2" end="Artur-N-G5026-P600021.t43">ja</event>
			<event start="Artur-N-G5026-P600021.t43.w0" end="Artur-N-G5026-P600021.t44">kako</event>
			<event start="Artur-N-G5026-P600021.t43.w1" end="Artur-N-G5026-P600021.t45">eee</event>
			<event start="Artur-N-G5026-P600021.t45.w0" end="Artur-N-G5026-P600021.t46">Pozneje</event>
			<event start="Artur-N-G5026-P600021.t46.w0" end="Artur-N-G5026-P600021.t47">švici</event>
			<event start="Artur-N-G5026-P600021.t47.w0" end="Artur-N-G5026-P600021.t48">ja</event>
			<event start="Artur-N-G5026-P600021.t48.w0" end="Artur-N-G5026-P600021.t48.w1">pozneje</event>
			<event start="Artur-N-G5026-P600021.t48.w1" end="Artur-N-G5026-P600021.t48.w2">sem</event>
			<event start="Artur-N-G5026-P600021.t48.w2" end="Artur-N-G5026-P600021.t48.w3">pa</event>
			<event start="Artur-N-G5026-P600021.t48.w3" end="Artur-N-G5026-P600021.t49">delala</event>
			<event start="Artur-N-G5026-P600021.t48.w4" end="Artur-N-G5026-P600021.t48.w5">v</event>
			<event start="Artur-N-G5026-P600021.t48.w5" end="Artur-N-G5026-P600021.t50">Švici</event>
			<event start="Artur-N-G5026-P600021.t50.w0" end="Artur-N-G5026-P600021.t50.w1">vseeno</event>
			<event start="Artur-N-G5026-P600021.t50.w1" end="Artur-N-G5026-P600021.t50.w2">je</event>
			<event start="Artur-N-G5026-P600021.t50.w2" end="Artur-N-G5026-P600021.t51">bilo</event>
			<event start="Artur-N-G5026-P600021.t51.w0" end="Artur-N-G5026-P600021.t52">vseeno</event>
			<event start="Artur-N-G5026-P600021.t52.w0" end="Artur-N-G5026-P600021.t54">eee</event>
			<event start="Artur-N-G5026-P600021.t54.w0" end="Artur-N-G5026-P600021.t54.w1">Mož</event>
			<event start="Artur-N-G5026-P600021.t54.w1" end="Artur-N-G5026-P600021.t54.w2">je</event>
			<event start="Artur-N-G5026-P600021.t54.w2" end="Artur-N-G5026-P600021.t54.w3">že</event>
			<event start="Artur-N-G5026-P600021.t54.w3" end="Artur-N-G5026-P600021.t54.w4">bil</event>
			<event start="Artur-N-G5026-P600021.t54.w4" end="Artur-N-G5026-P600021.t54.w5">tudi</event>
			<event start="Artur-N-G5026-P600021.t54.w5" end="Artur-N-G5026-P600021.t54.w6">zraven</event>
			<event start="Artur-N-G5026-P600021.t54.w6" end="Artur-N-G5026-P600021.t54.w7">on</event>
			<event start="Artur-N-G5026-P600021.t54.w7" end="Artur-N-G5026-P600021.t54.w8">je</event>
			<event start="Artur-N-G5026-P600021.t54.w8" end="Artur-N-G5026-P600021.t54.w9">pa</event>
			<event start="Artur-N-G5026-P600021.t54.w9" end="Artur-N-G5026-P600021.t54.w10">delal</event>
			<event start="Artur-N-G5026-P600021.t54.w10" end="Artur-N-G5026-P600021.t54.w11">v</event>
			<event start="Artur-N-G5026-P600021.t54.w11" end="Artur-N-G5026-P600021.t54.w12">firmi</event>
			<event start="Artur-N-G5026-P600021.t54.w12" end="Artur-N-G5026-P600021.t55">Berg</event>
			<event start="Artur-N-G5026-P600021.t55.w0" end="Artur-N-G5026-P600021.t56">z</event>
			<event start="Artur-N-G5026-P600021.t56.w0" end="Artur-N-G5026-P600021.t58">joj</event>
			<event start="Artur-N-G5026-P600021.t58.w0" end="Artur-N-G5026-P600021.t58.w1">Z</event>
			<event start="Artur-N-G5026-P600021.t58.w1" end="Artur-N-G5026-P600021.t59">bagrom</event>
			<event start="Artur-N-G5026-P600021.t58.w2" end="Artur-N-G5026-P600021.t60">ja</event>
			<event start="Artur-N-G5026-P600021.t60.w0" end="Artur-N-G5026-P600021.t60.w1">brat</event>
			<event start="Artur-N-G5026-P600021.t60.w1" end="Artur-N-G5026-P600021.t60.w2">Oto</event>
			<event start="Artur-N-G5026-P600021.t60.w2" end="Artur-N-G5026-P600021.t61">ja</event>
			<event start="Artur-N-G5026-P600021.t62.w0" end="Artur-N-G5026-P600021.t62.w1">pa</event>
			<event start="Artur-N-G5026-P600021.t62.w1" end="Artur-N-G5026-P600021.t63">še</event>
			<event start="Artur-N-G5026-P600021.t63.w0" end="Artur-N-G5026-P600021.t64">ja</event>
			<event start="Artur-N-G5026-P600021.t64.w0" end="Artur-N-G5026-P600021.t64.w1">Feri</event>
			<event start="Artur-N-G5026-P600021.t64.w1" end="Artur-N-G5026-P600021.t65">ja</event>
			<event start="Artur-N-G5026-P600021.t65.w0" end="Artur-N-G5026-P600021.t66">ja</event>
			<event start="Artur-N-G5026-P600021.t67.w0" end="Artur-N-G5026-P600021.t67.w1">trije</event>
			<event start="Artur-N-G5026-P600021.t67.w1" end="Artur-N-G5026-P600021.t67.w2">bratje</event>
			<event start="Artur-N-G5026-P600021.t67.w2" end="Artur-N-G5026-P600021.t67.w3">so</event>
			<event start="Artur-N-G5026-P600021.t67.w3" end="Artur-N-G5026-P600021.t67.w4">bili</event>
			<event start="Artur-N-G5026-P600021.t67.w4" end="Artur-N-G5026-P600021.t68">skupaj</event>
			<event start="Artur-N-G5026-P600021.t67.w5" end="Artur-N-G5026-P600021.t69">ja</event>
			<event start="Artur-N-G5026-P600021.t69.w0" end="Artur-N-G5026-P600021.t71">mhm</event>
			<event start="Artur-N-G5026-P600021.t71.w0" end="Artur-N-G5026-P600021.t71.w1">ja</event>
			<event start="Artur-N-G5026-P600021.t71.w1" end="Artur-N-G5026-P600021.t71.w2">se</event>
			<event start="Artur-N-G5026-P600021.t71.w2" end="Artur-N-G5026-P600021.t71.w3">spomnim</event>
			<event start="Artur-N-G5026-P600021.t71.w3" end="Artur-N-G5026-P600021.t72">ja</event>
			<event start="Artur-N-G5026-P600021.t73.w0" end="Artur-N-G5026-P600021.t74">ja</event>
			<event start="Artur-N-G5026-P600021.t74.w0" end="Artur-N-G5026-P600021.t74.w1">ko</event>
			<event start="Artur-N-G5026-P600021.t74.w1" end="Artur-N-G5026-P600021.t74.w2">je</event>
			<event start="Artur-N-G5026-P600021.t74.w2" end="Artur-N-G5026-P600021.t74.w3">Olga</event>
			<event start="Artur-N-G5026-P600021.t74.w3" end="Artur-N-G5026-P600021.t74.w4">prišla</event>
			<event start="Artur-N-G5026-P600021.t74.w4" end="Artur-N-G5026-P600021.t74.w5">v</event>
			<event start="Artur-N-G5026-P600021.t74.w5" end="Artur-N-G5026-P600021.t75">Nemčijo</event>
			<event start="Artur-N-G5026-P600021.t75.w0" end="Artur-N-G5026-P600021.t75.w1">kaj</event>
			<event start="Artur-N-G5026-P600021.t75.w1" end="Artur-N-G5026-P600021.t75.w2">sem</event>
			<event start="Artur-N-G5026-P600021.t75.w2" end="Artur-N-G5026-P600021.t75.w3">bila</event>
			<event start="Artur-N-G5026-P600021.t75.w3" end="Artur-N-G5026-P600021.t75.w4">v</event>
			<event start="Artur-N-G5026-P600021.t75.w4" end="Artur-N-G5026-P600021.t75.w5">službi</event>
			<event start="Artur-N-G5026-P600021.t75.w5" end="Artur-N-G5026-P600021.t75.w6">sem</event>
			<event start="Artur-N-G5026-P600021.t75.w6" end="Artur-N-G5026-P600021.t76">delala</event>
			<event start="Artur-N-G5026-P600021.t76.w0" end="Artur-N-G5026-P600021.t76.w1">to</event>
			<event start="Artur-N-G5026-P600021.t76.w1" end="Artur-N-G5026-P600021.t76.w2">je</event>
			<event start="Artur-N-G5026-P600021.t76.w2" end="Artur-N-G5026-P600021.t77">bilo</event>
			<event start="Artur-N-G5026-P600021.t77.w0" end="Artur-N-G5026-P600021.t77.w1">proti</event>
			<event start="Artur-N-G5026-P600021.t77.w1" end="Artur-N-G5026-P600021.t78">večeru</event>
			<event start="Artur-N-G5026-P600021.t78.w0" end="Artur-N-G5026-P600021.t78.w1">idem</event>
			<event start="Artur-N-G5026-P600021.t78.w1" end="Artur-N-G5026-P600021.t79">domov</event>
			<event start="Artur-N-G5026-P600021.t79.w0" end="Artur-N-G5026-P600021.t79.w1">samo</event>
			<event start="Artur-N-G5026-P600021.t79.w1" end="Artur-N-G5026-P600021.t79.w2">na</event>
			<event start="Artur-N-G5026-P600021.t79.w2" end="Artur-N-G5026-P600021.t79.w3">poti</event>
			<event start="Artur-N-G5026-P600021.t79.w3" end="Artur-N-G5026-P600021.t80">srečam</event>
			<event start="Artur-N-G5026-P600021.t80.w0" end="Artur-N-G5026-P600021.t80.w1">Olgo</event>
			<event start="Artur-N-G5026-P600021.t80.w1" end="Artur-N-G5026-P600021.t80.w2">ka</event>
			<event start="Artur-N-G5026-P600021.t80.w2" end="Artur-N-G5026-P600021.t80.w3">ide</event>
			<event start="Artur-N-G5026-P600021.t80.w3" end="Artur-N-G5026-P600021.t80.w4">pa</event>
			<event start="Artur-N-G5026-P600021.t80.w4" end="Artur-N-G5026-P600021.t80.w5">še</event>
			<event start="Artur-N-G5026-P600021.t80.w5" end="Artur-N-G5026-P600021.t80.w6">nešče</event>
			<event start="Artur-N-G5026-P600021.t80.w6" end="Artur-N-G5026-P600021.t80.w7">zraven</event>
			<event start="Artur-N-G5026-P600021.t80.w7" end="Artur-N-G5026-P600021.t81">nje</event>
			<event start="Artur-N-G5026-P600021.t81.w0" end="Artur-N-G5026-P600021.t82">in</event>
			<event start="Artur-N-G5026-P600021.t82.w0" end="Artur-N-G5026-P600021.t83">gas…</event>
			<event start="Artur-N-G5026-P600021.t84.w0" end="Artur-N-G5026-P600021.t84.w1">Ta</event>
			<event start="Artur-N-G5026-P600021.t84.w1" end="Artur-N-G5026-P600021.t84.w2">zraven</event>
			<event start="Artur-N-G5026-P600021.t84.w2" end="Artur-N-G5026-P600021.t84.w3">Joži</event>
			<event start="Artur-N-G5026-P600021.t84.w3" end="Artur-N-G5026-P600021.t84.w4">je</event>
			<event start="Artur-N-G5026-P600021.t84.w4" end="Artur-N-G5026-P600021.t84.w5">bil</event>
			<event start="Artur-N-G5026-P600021.t84.w5" end="Artur-N-G5026-P600021.t85">ja</event>
			<event start="Artur-N-G5026-P600021.t85.w0" end="Artur-N-G5026-P600021.t85.w1">in</event>
			<event start="Artur-N-G5026-P600021.t85.w1" end="Artur-N-G5026-P600021.t85.w2">jaz</event>
			<event start="Artur-N-G5026-P600021.t85.w2" end="Artur-N-G5026-P600021.t85.w3">odhajam</event>
			<event start="Artur-N-G5026-P600021.t85.w3" end="Artur-N-G5026-P600021.t85.w4">samo</event>
			<event start="Artur-N-G5026-P600021.t85.w4" end="Artur-N-G5026-P600021.t86">mimo</event>
			<event start="Artur-N-G5026-P600021.t86.w0" end="Artur-N-G5026-P600021.t86.w1">ne</event>
			<event start="Artur-N-G5026-P600021.t86.w1" end="Artur-N-G5026-P600021.t86.w2">gledam</event>
			<event start="Artur-N-G5026-P600021.t86.w2" end="Artur-N-G5026-P600021.t86.w3">što</event>
			<event start="Artur-N-G5026-P600021.t86.w3" end="Artur-N-G5026-P600021.t86.w4">je</event>
			<event start="Artur-N-G5026-P600021.t86.w4" end="Artur-N-G5026-P600021.t86.w5">ampak</event>
			<event start="Artur-N-G5026-P600021.t86.w5" end="Artur-N-G5026-P600021.t86.w6">sem</event>
			<event start="Artur-N-G5026-P600021.t86.w6" end="Artur-N-G5026-P600021.t86.w7">samo</event>
			<event start="Artur-N-G5026-P600021.t86.w7" end="Artur-N-G5026-P600021.t86.w8">šla</event>
			<event start="Artur-N-G5026-P600021.t86.w8" end="Artur-N-G5026-P600021.t86.w9">naprej</event>
			<event start="Artur-N-G5026-P600021.t86.w9" end="Artur-N-G5026-P600021.t86.w10">zaenkrat</event>
			<event start="Artur-N-G5026-P600021.t86.w10" end="Artur-N-G5026-P600021.t86.w11">skrči</event>
			<event start="Artur-N-G5026-P600021.t86.w11" end="Artur-N-G5026-P600021.t86.w12">Olga</event>
			<event start="Artur-N-G5026-P600021.t86.w12" end="Artur-N-G5026-P600021.t87">Joža</event>
			<event start="Artur-N-G5026-P600021.t87.w0" end="Artur-N-G5026-P600021.t88">Ha</event>
			<event start="Artur-N-G5026-P600021.t88.w0" end="Artur-N-G5026-P600021.t88.w1">ja</event>
			<event start="Artur-N-G5026-P600021.t88.w1" end="Artur-N-G5026-P600021.t88.w2">od</event>
			<event start="Artur-N-G5026-P600021.t88.w2" end="Artur-N-G5026-P600021.t89">kod</event>
			<event start="Artur-N-G5026-P600021.t88.w3" end="Artur-N-G5026-P600021.t88.w4">pa</event>
			<event start="Artur-N-G5026-P600021.t88.w4" end="Artur-N-G5026-P600021.t90">ti</event>
			<event start="Artur-N-G5026-P600021.t90.w0" end="Artur-N-G5026-P600021.t92">N…</event>
			<event start="Artur-N-G5026-P600021.t92.w0" end="Artur-N-G5026-P600021.t94">Ja</event>
			<event start="Artur-N-G5026-P600021.t94.w0" end="Artur-N-G5026-P600021.t94.w1">res</event>
			<event start="Artur-N-G5026-P600021.t94.w1" end="Artur-N-G5026-P600021.t94.w2">res</event>
			<event start="Artur-N-G5026-P600021.t94.w2" end="Artur-N-G5026-P600021.t94.w3">je</event>
			<event start="Artur-N-G5026-P600021.t94.w3" end="Artur-N-G5026-P600021.t94.w4">to</event>
			<event start="Artur-N-G5026-P600021.t94.w4" end="Artur-N-G5026-P600021.t94.w5">tako</event>
			<event start="Artur-N-G5026-P600021.t94.w5" end="Artur-N-G5026-P600021.t94.w6">bilo</event>
			<event start="Artur-N-G5026-P600021.t94.w6" end="Artur-N-G5026-P600021.t95">ja</event>
			<event start="Artur-N-G5026-P600021.t95.w0" end="Artur-N-G5026-P600021.t96">presenečenje</event>
			<event start="Artur-N-G5026-P600021.t96.w0" end="Artur-N-G5026-P600021.t97">ja</event>
			<event start="Artur-N-G5026-P600021.t97.w0" end="Artur-N-G5026-P600021.t98">presenečenje</event>
		</tier>
		<tier id="2" category="additional" speaker="Artur-N-G5026" type="t" display-name="Artur-N-G5026 [additional]"/>
		<tier id="3" category="disfluencyType" speaker="Artur-N-G5026" type="a" display-name="Artur-N-G5026 [disfluencyType]"/>
		<tier id="4" category="disfluencyStructure" speaker="Artur-N-G5026" type="a" display-name="Artur-N-G5026 [disfluencyStructure]"/>
	</basic-body>
</basic-transcription>
