<?xml version='1.0' encoding='UTF-8'?>
<basic-transcription>
	<head>
		<meta-information>
			<project-name/>
			<transcription-name/>
			<referenced-file url="Iriss-N-G5044-P600044-avd.wav"/>
			<ud-meta-information/>
			<comment>Compiled from Gos2.1 TEI version of IRISS on 2023-10-05 16:04:58.099533</comment>
			<transcription-convention/>
		</meta-information>
		<speakertable>
			<speaker id="Artur-N-G5044">
				<abbreviation>Artur-N-G5044</abbreviation>
			</speaker>
		</speakertable>
	</head>
	<basic-body>
		<common-timeline>
			<tli id="Artur-N-G5044-P600044.t2" time="17.036"/>
			<tli id="Artur-N-G5044-P600044.t2.w0" time="17.176"/>
			<tli id="Artur-N-G5044-P600044.t2.w1" time="17.296"/>
			<tli id="Artur-N-G5044-P600044.t2.w2" time="17.366"/>
			<tli id="Artur-N-G5044-P600044.t2.w3" time="17.546"/>
			<tli id="Artur-N-G5044-P600044.t2.w4" time="17.716"/>
			<tli id="Artur-N-G5044-P600044.t2.w5" time="18.376"/>
			<tli id="Artur-N-G5044-P600044.t2.w6" time="18.576"/>
			<tli id="Artur-N-G5044-P600044.t3" time="19.848"/>
			<tli id="Artur-N-G5044-P600044.t4.w0" time="24.658"/>
			<tli id="Artur-N-G5044-P600044.t4.w1" time="24.868"/>
			<tli id="Artur-N-G5044-P600044.t4.w2" time="24.988"/>
			<tli id="Artur-N-G5044-P600044.t4.w3" time="25.118"/>
			<tli id="Artur-N-G5044-P600044.t4.w4" time="25.328"/>
			<tli id="Artur-N-G5044-P600044.t4.w5" time="25.458"/>
			<tli id="Artur-N-G5044-P600044.t4.w6" time="25.858"/>
			<tli id="Artur-N-G5044-P600044.t4.w7" time="26.048"/>
			<tli id="Artur-N-G5044-P600044.t5" time="27.090"/>
			<tli id="Artur-N-G5044-P600044.t6.w0" time="30.226"/>
			<tli id="Artur-N-G5044-P600044.t6.w1" time="30.286"/>
			<tli id="Artur-N-G5044-P600044.t6.w2" time="30.416"/>
			<tli id="Artur-N-G5044-P600044.t6.w3" time="30.546"/>
			<tli id="Artur-N-G5044-P600044.t6.w4" time="30.736"/>
			<tli id="Artur-N-G5044-P600044.t7" time="31.550"/>
			<tli id="Artur-N-G5044-P600044.t8.w0" time="32.957"/>
			<tli id="Artur-N-G5044-P600044.t8.w1" time="33.217"/>
			<tli id="Artur-N-G5044-P600044.t8.w2" time="33.297"/>
			<tli id="Artur-N-G5044-P600044.t8.w3" time="33.407"/>
			<tli id="Artur-N-G5044-P600044.t8.w4" time="33.777"/>
			<tli id="Artur-N-G5044-P600044.t8.w5" time="34.077"/>
			<tli id="Artur-N-G5044-P600044.t8.w6" time="34.857"/>
			<tli id="Artur-N-G5044-P600044.t8.w7" time="34.967"/>
			<tli id="Artur-N-G5044-P600044.t8.w8" time="35.067"/>
			<tli id="Artur-N-G5044-P600044.t8.w9" time="35.587"/>
			<tli id="Artur-N-G5044-P600044.t8.w10" time="35.957"/>
			<tli id="Artur-N-G5044-P600044.t8.w11" time="37.107"/>
			<tli id="Artur-N-G5044-P600044.t8.w12" time="37.257"/>
			<tli id="Artur-N-G5044-P600044.t9" time="38.157"/>
			<tli id="Artur-N-G5044-P600044.t12.w0" time="59.754"/>
			<tli id="Artur-N-G5044-P600044.t12.w1" time="59.914"/>
			<tli id="Artur-N-G5044-P600044.t12.w2" time="59.984"/>
			<tli id="Artur-N-G5044-P600044.t12.w3" time="60.124"/>
			<tli id="Artur-N-G5044-P600044.t12.w4" time="60.294"/>
			<tli id="Artur-N-G5044-P600044.t12.w5" time="60.464"/>
			<tli id="Artur-N-G5044-P600044.t12.w6" time="60.954"/>
			<tli id="Artur-N-G5044-P600044.t12.w7" time="61.174"/>
			<tli id="Artur-N-G5044-P600044.t12.w8" time="61.604"/>
			<tli id="Artur-N-G5044-P600044.t12.w9" time="61.904"/>
			<tli id="Artur-N-G5044-P600044.t12.w10" time="62.504"/>
			<tli id="Artur-N-G5044-P600044.t12.w11" time="62.644"/>
			<tli id="Artur-N-G5044-P600044.t12.w12" time="62.964"/>
			<tli id="Artur-N-G5044-P600044.t12.w13" time="63.224"/>
			<tli id="Artur-N-G5044-P600044.t12.w14" time="63.804"/>
			<tli id="Artur-N-G5044-P600044.t12.w15" time="64.264"/>
			<tli id="Artur-N-G5044-P600044.t12.w16" time="64.884"/>
			<tli id="Artur-N-G5044-P600044.t12.w17" time="65.084"/>
			<tli id="Artur-N-G5044-P600044.t12.w18" time="65.934"/>
			<tli id="Artur-N-G5044-P600044.t12.w19" time="66.344"/>
			<tli id="Artur-N-G5044-P600044.t12.w20" time="66.734"/>
			<tli id="Artur-N-G5044-P600044.t13" time="68.299"/>
			<tli id="Artur-N-G5044-P600044.t13.w0" time="68.399"/>
			<tli id="Artur-N-G5044-P600044.t13.w1" time="68.619"/>
			<tli id="Artur-N-G5044-P600044.t13.w2" time="69.299"/>
			<tli id="Artur-N-G5044-P600044.t13.w3" time="69.969"/>
			<tli id="Artur-N-G5044-P600044.t14" time="71.031"/>
			<tli id="Artur-N-G5044-P600044.t15.w0" time="73.069"/>
			<tli id="Artur-N-G5044-P600044.t15.w1" time="73.209"/>
			<tli id="Artur-N-G5044-P600044.t15.w2" time="73.299"/>
			<tli id="Artur-N-G5044-P600044.t15.w3" time="73.389"/>
			<tli id="Artur-N-G5044-P600044.t15.w4" time="73.629"/>
			<tli id="Artur-N-G5044-P600044.t15.w5" time="73.839"/>
			<tli id="Artur-N-G5044-P600044.t15.w6" time="74.199"/>
			<tli id="Artur-N-G5044-P600044.t15.w7" time="74.899"/>
			<tli id="Artur-N-G5044-P600044.t15.w8" time="75.499"/>
			<tli id="Artur-N-G5044-P600044.t15.w9" time="75.649"/>
			<tli id="Artur-N-G5044-P600044.t15.w10" time="75.819"/>
			<tli id="Artur-N-G5044-P600044.t15.w11" time="76.319"/>
			<tli id="Artur-N-G5044-P600044.t15.w12" time="76.949"/>
			<tli id="Artur-N-G5044-P600044.t15.w13" time="77.619"/>
			<tli id="Artur-N-G5044-P600044.t15.w14" time="78.429"/>
			<tli id="Artur-N-G5044-P600044.t15.w15" time="79.089"/>
			<tli id="Artur-N-G5044-P600044.t15.w16" time="80.089"/>
			<tli id="Artur-N-G5044-P600044.t16" time="81.148"/>
			<tli id="Artur-N-G5044-P600044.t16.w0" time="81.968"/>
			<tli id="Artur-N-G5044-P600044.t16.w1" time="82.428"/>
			<tli id="Artur-N-G5044-P600044.t16.w2" time="82.858"/>
			<tli id="Artur-N-G5044-P600044.t17" time="84.067"/>
			<tli id="Artur-N-G5044-P600044.t17.w0" time="84.117"/>
			<tli id="Artur-N-G5044-P600044.t18" time="85.467"/>
			<tli id="Artur-N-G5044-P600044.t18.w0" time="85.467"/>
			<tli id="Artur-N-G5044-P600044.t18.w1" time="85.697"/>
			<tli id="Artur-N-G5044-P600044.t18.w2" time="86.467"/>
			<tli id="Artur-N-G5044-P600044.t19" time="87.507"/>
			<tli id="Artur-N-G5044-P600044.t19.w0" time="87.897"/>
			<tli id="Artur-N-G5044-P600044.t19.w1" time="88.317"/>
			<tli id="Artur-N-G5044-P600044.t20" time="89.467"/>
			<tli id="Artur-N-G5044-P600044.t20.w0" time="89.467"/>
			<tli id="Artur-N-G5044-P600044.t21" time="90.587"/>
			<tli id="Artur-N-G5044-P600044.t20.w1" time="91.797"/>
			<tli id="Artur-N-G5044-P600044.t22" time="94.581"/>
			<tli id="Artur-N-G5044-P600044.t22.w0" time="95.401"/>
			<tli id="Artur-N-G5044-P600044.t22.w1" time="95.981"/>
			<tli id="Artur-N-G5044-P600044.t22.w2" time="96.261"/>
			<tli id="Artur-N-G5044-P600044.t22.w3" time="96.591"/>
			<tli id="Artur-N-G5044-P600044.t22.w4" time="97.091"/>
			<tli id="Artur-N-G5044-P600044.t22.w5" time="97.201"/>
			<tli id="Artur-N-G5044-P600044.t22.w6" time="97.371"/>
			<tli id="Artur-N-G5044-P600044.t23" time="99.215"/>
			<tli id="Artur-N-G5044-P600044.t24.w0" time="102.868"/>
			<tli id="Artur-N-G5044-P600044.t24.w1" time="103.168"/>
			<tli id="Artur-N-G5044-P600044.t24.w2" time="103.488"/>
			<tli id="Artur-N-G5044-P600044.t24.w3" time="103.718"/>
			<tli id="Artur-N-G5044-P600044.t24.w4" time="103.878"/>
			<tli id="Artur-N-G5044-P600044.t24.w5" time="104.188"/>
			<tli id="Artur-N-G5044-P600044.t24.w6" time="104.988"/>
			<tli id="Artur-N-G5044-P600044.t24.w7" time="105.098"/>
			<tli id="Artur-N-G5044-P600044.t24.w8" time="105.278"/>
			<tli id="Artur-N-G5044-P600044.t24.w9" time="105.458"/>
			<tli id="Artur-N-G5044-P600044.t25" time="106.949"/>
			<tli id="Artur-N-G5044-P600044.t25.w0" time="107.219"/>
			<tli id="Artur-N-G5044-P600044.t25.w1" time="108.019"/>
			<tli id="Artur-N-G5044-P600044.t25.w2" time="108.209"/>
			<tli id="Artur-N-G5044-P600044.t25.w3" time="108.379"/>
			<tli id="Artur-N-G5044-P600044.t25.w4" time="108.729"/>
			<tli id="Artur-N-G5044-P600044.t25.w5" time="109.059"/>
			<tli id="Artur-N-G5044-P600044.t25.w6" time="109.369"/>
			<tli id="Artur-N-G5044-P600044.t25.w7" time="109.909"/>
			<tli id="Artur-N-G5044-P600044.t25.w8" time="110.249"/>
			<tli id="Artur-N-G5044-P600044.t25.w9" time="110.679"/>
			<tli id="Artur-N-G5044-P600044.t25.w10" time="110.819"/>
			<tli id="Artur-N-G5044-P600044.t25.w11" time="110.899"/>
			<tli id="Artur-N-G5044-P600044.t25.w12" time="111.029"/>
			<tli id="Artur-N-G5044-P600044.t25.w13" time="111.229"/>
			<tli id="Artur-N-G5044-P600044.t25.w14" time="111.639"/>
			<tli id="Artur-N-G5044-P600044.t25.w15" time="112.049"/>
			<tli id="Artur-N-G5044-P600044.t26" time="114.568"/>
			<tli id="Artur-N-G5044-P600044.t26.w0" time="114.748"/>
			<tli id="Artur-N-G5044-P600044.t26.w1" time="114.978"/>
			<tli id="Artur-N-G5044-P600044.t26.w2" time="115.588"/>
			<tli id="Artur-N-G5044-P600044.t26.w3" time="116.198"/>
			<tli id="Artur-N-G5044-P600044.t26.w4" time="116.358"/>
			<tli id="Artur-N-G5044-P600044.t26.w5" time="116.688"/>
			<tli id="Artur-N-G5044-P600044.t26.w6" time="117.398"/>
			<tli id="Artur-N-G5044-P600044.t26.w7" time="117.678"/>
			<tli id="Artur-N-G5044-P600044.t26.w8" time="117.798"/>
			<tli id="Artur-N-G5044-P600044.t26.w9" time="118.578"/>
			<tli id="Artur-N-G5044-P600044.t27" time="119.688"/>
			<tli id="Artur-N-G5044-P600044.t27.w0" time="119.908"/>
			<tli id="Artur-N-G5044-P600044.t27.w1" time="120.778"/>
			<tli id="Artur-N-G5044-P600044.t27.w2" time="121.008"/>
			<tli id="Artur-N-G5044-P600044.t27.w3" time="121.448"/>
			<tli id="Artur-N-G5044-P600044.t27.w4" time="121.568"/>
			<tli id="Artur-N-G5044-P600044.t27.w5" time="121.828"/>
			<tli id="Artur-N-G5044-P600044.t27.w6" time="122.008"/>
			<tli id="Artur-N-G5044-P600044.t28" time="123.768"/>
			<tli id="Artur-N-G5044-P600044.t28.w0" time="123.928"/>
			<tli id="Artur-N-G5044-P600044.t28.w1" time="124.178"/>
			<tli id="Artur-N-G5044-P600044.t28.w2" time="124.288"/>
			<tli id="Artur-N-G5044-P600044.t28.w3" time="124.348"/>
			<tli id="Artur-N-G5044-P600044.t28.w4" time="124.648"/>
			<tli id="Artur-N-G5044-P600044.t28.w5" time="124.798"/>
			<tli id="Artur-N-G5044-P600044.t28.w6" time="125.578"/>
			<tli id="Artur-N-G5044-P600044.t28.w7" time="125.708"/>
			<tli id="Artur-N-G5044-P600044.t29" time="126.948"/>
			<tli id="Artur-N-G5044-P600044.t29.w0" time="127.018"/>
			<tli id="Artur-N-G5044-P600044.t29.w1" time="127.398"/>
			<tli id="Artur-N-G5044-P600044.t29.w2" time="128.248"/>
			<tli id="Artur-N-G5044-P600044.t30" time="129.748"/>
			<tli id="Artur-N-G5044-P600044.t30.w0" time="130.248"/>
			<tli id="Artur-N-G5044-P600044.t30.w1" time="130.788"/>
			<tli id="Artur-N-G5044-P600044.t31" time="132.314"/>
			<tli id="Artur-N-G5044-P600044.t31.w0" time="132.624"/>
			<tli id="Artur-N-G5044-P600044.t31.w1" time="133.014"/>
			<tli id="Artur-N-G5044-P600044.t31.w2" time="133.644"/>
			<tli id="Artur-N-G5044-P600044.t31.w3" time="133.974"/>
			<tli id="Artur-N-G5044-P600044.t31.w4" time="134.044"/>
			<tli id="Artur-N-G5044-P600044.t32" time="135.094"/>
			<tli id="Artur-N-G5044-P600044.t31.w5" time="141.744"/>
			<tli id="Artur-N-G5044-P600044.t31.w6" time="143.694"/>
			<tli id="Artur-N-G5044-P600044.t31.w7" time="152.814"/>
			<tli id="Artur-N-G5044-P600044.t33" time="155.592"/>
			<tli id="Artur-N-G5044-P600044.t33.w0" time="155.782"/>
			<tli id="Artur-N-G5044-P600044.t33.w1" time="156.032"/>
			<tli id="Artur-N-G5044-P600044.t33.w2" time="156.202"/>
			<tli id="Artur-N-G5044-P600044.t33.w3" time="156.372"/>
			<tli id="Artur-N-G5044-P600044.t33.w4" time="156.672"/>
			<tli id="Artur-N-G5044-P600044.t33.w5" time="156.862"/>
			<tli id="Artur-N-G5044-P600044.t33.w6" time="157.112"/>
			<tli id="Artur-N-G5044-P600044.t33.w7" time="157.232"/>
			<tli id="Artur-N-G5044-P600044.t33.w8" time="157.592"/>
			<tli id="Artur-N-G5044-P600044.t34" time="158.350"/>
			<tli id="Artur-N-G5044-P600044.t35.w0" time="160.591"/>
			<tli id="Artur-N-G5044-P600044.t35.w1" time="161.301"/>
			<tli id="Artur-N-G5044-P600044.t35.w2" time="161.471"/>
			<tli id="Artur-N-G5044-P600044.t35.w3" time="161.771"/>
			<tli id="Artur-N-G5044-P600044.t35.w4" time="162.921"/>
			<tli id="Artur-N-G5044-P600044.t35.w5" time="163.141"/>
			<tli id="Artur-N-G5044-P600044.t35.w6" time="163.981"/>
			<tli id="Artur-N-G5044-P600044.t35.w7" time="164.601"/>
			<tli id="Artur-N-G5044-P600044.t35.w8" time="164.851"/>
			<tli id="Artur-N-G5044-P600044.t35.w9" time="165.111"/>
			<tli id="Artur-N-G5044-P600044.t35.w10" time="165.281"/>
			<tli id="Artur-N-G5044-P600044.t35.w11" time="165.411"/>
			<tli id="Artur-N-G5044-P600044.t35.w12" time="166.241"/>
			<tli id="Artur-N-G5044-P600044.t35.w13" time="166.951"/>
			<tli id="Artur-N-G5044-P600044.t36" time="167.381"/>
			<tli id="Artur-N-G5044-P600044.t36.w0" time="167.381"/>
			<tli id="Artur-N-G5044-P600044.t36.w1" time="167.511"/>
			<tli id="Artur-N-G5044-P600044.t36.w2" time="167.761"/>
			<tli id="Artur-N-G5044-P600044.t36.w3" time="167.911"/>
			<tli id="Artur-N-G5044-P600044.t36.w4" time="168.501"/>
			<tli id="Artur-N-G5044-P600044.t36.w5" time="168.851"/>
			<tli id="Artur-N-G5044-P600044.t36.w6" time="169.341"/>
			<tli id="Artur-N-G5044-P600044.t36.w7" time="169.531"/>
			<tli id="Artur-N-G5044-P600044.t36.w8" time="169.591"/>
			<tli id="Artur-N-G5044-P600044.t36.w9" time="169.931"/>
			<tli id="Artur-N-G5044-P600044.t36.w10" time="170.111"/>
			<tli id="Artur-N-G5044-P600044.t36.w11" time="170.301"/>
			<tli id="Artur-N-G5044-P600044.t36.w12" time="170.651"/>
			<tli id="Artur-N-G5044-P600044.t36.w13" time="170.901"/>
			<tli id="Artur-N-G5044-P600044.t36.w14" time="171.281"/>
			<tli id="Artur-N-G5044-P600044.t36.w15" time="171.421"/>
			<tli id="Artur-N-G5044-P600044.t36.w16" time="171.501"/>
			<tli id="Artur-N-G5044-P600044.t36.w17" time="171.811"/>
			<tli id="Artur-N-G5044-P600044.t36.w18" time="172.211"/>
			<tli id="Artur-N-G5044-P600044.t36.w19" time="172.441"/>
			<tli id="Artur-N-G5044-P600044.t36.w20" time="172.861"/>
			<tli id="Artur-N-G5044-P600044.t36.w21" time="173.011"/>
			<tli id="Artur-N-G5044-P600044.t36.w22" time="173.201"/>
			<tli id="Artur-N-G5044-P600044.t36.w23" time="173.701"/>
			<tli id="Artur-N-G5044-P600044.t37" time="174.921"/>
			<tli id="Artur-N-G5044-P600044.t37.w0" time="175.061"/>
			<tli id="Artur-N-G5044-P600044.t37.w1" time="175.421"/>
			<tli id="Artur-N-G5044-P600044.t38" time="176.342"/>
			<tli id="Artur-N-G5044-P600044.t39.w0" time="178.687"/>
			<tli id="Artur-N-G5044-P600044.t39.w1" time="178.827"/>
			<tli id="Artur-N-G5044-P600044.t39.w2" time="179.017"/>
			<tli id="Artur-N-G5044-P600044.t39.w3" time="179.367"/>
			<tli id="Artur-N-G5044-P600044.t40" time="180.457"/>
			<tli id="Artur-N-G5044-P600044.t40.w0" time="180.907"/>
			<tli id="Artur-N-G5044-P600044.t40.w1" time="181.187"/>
			<tli id="Artur-N-G5044-P600044.t40.w2" time="181.647"/>
			<tli id="Artur-N-G5044-P600044.t40.w3" time="182.057"/>
			<tli id="Artur-N-G5044-P600044.t40.w4" time="182.197"/>
			<tli id="Artur-N-G5044-P600044.t40.w5" time="182.487"/>
			<tli id="Artur-N-G5044-P600044.t40.w6" time="182.737"/>
			<tli id="Artur-N-G5044-P600044.t40.w7" time="183.207"/>
			<tli id="Artur-N-G5044-P600044.t40.w8" time="183.387"/>
			<tli id="Artur-N-G5044-P600044.t41" time="185.211"/>
			<tli id="Artur-N-G5044-P600044.t41.w0" time="185.211"/>
			<tli id="Artur-N-G5044-P600044.t41.w1" time="185.461"/>
			<tli id="Artur-N-G5044-P600044.t41.w2" time="185.581"/>
			<tli id="Artur-N-G5044-P600044.t41.w3" time="185.751"/>
			<tli id="Artur-N-G5044-P600044.t41.w4" time="185.961"/>
			<tli id="Artur-N-G5044-P600044.t41.w5" time="186.101"/>
			<tli id="Artur-N-G5044-P600044.t41.w6" time="186.301"/>
			<tli id="Artur-N-G5044-P600044.t42" time="187.145"/>
			<tli id="Artur-N-G5044-P600044.t42.w0" time="187.195"/>
			<tli id="Artur-N-G5044-P600044.t42.w1" time="187.415"/>
			<tli id="Artur-N-G5044-P600044.t42.w2" time="187.935"/>
			<tli id="Artur-N-G5044-P600044.t42.w3" time="188.045"/>
			<tli id="Artur-N-G5044-P600044.t42.w4" time="188.185"/>
			<tli id="Artur-N-G5044-P600044.t42.w5" time="188.275"/>
			<tli id="Artur-N-G5044-P600044.t42.w6" time="188.615"/>
			<tli id="Artur-N-G5044-P600044.t42.w7" time="189.005"/>
			<tli id="Artur-N-G5044-P600044.t42.w8" time="189.235"/>
			<tli id="Artur-N-G5044-P600044.t42.w9" time="189.365"/>
			<tli id="Artur-N-G5044-P600044.t42.w10" time="189.775"/>
			<tli id="Artur-N-G5044-P600044.t42.w11" time="190.155"/>
			<tli id="Artur-N-G5044-P600044.t42.w12" time="190.265"/>
			<tli id="Artur-N-G5044-P600044.t42.w13" time="190.365"/>
			<tli id="Artur-N-G5044-P600044.t42.w14" time="190.745"/>
			<tli id="Artur-N-G5044-P600044.t42.w15" time="190.875"/>
			<tli id="Artur-N-G5044-P600044.t42.w16" time="190.935"/>
			<tli id="Artur-N-G5044-P600044.t43" time="191.941"/>
			<tli id="Artur-N-G5044-P600044.t43.w0" time="191.981"/>
			<tli id="Artur-N-G5044-P600044.t43.w1" time="192.081"/>
			<tli id="Artur-N-G5044-P600044.t43.w2" time="192.181"/>
			<tli id="Artur-N-G5044-P600044.t43.w3" time="192.351"/>
			<tli id="Artur-N-G5044-P600044.t43.w4" time="192.681"/>
			<tli id="Artur-N-G5044-P600044.t43.w5" time="192.951"/>
			<tli id="Artur-N-G5044-P600044.t43.w6" time="193.401"/>
			<tli id="Artur-N-G5044-P600044.t43.w7" time="193.551"/>
			<tli id="Artur-N-G5044-P600044.t44" time="194.434"/>
			<tli id="Artur-N-G5044-P600044.t43.w8" time="201.351"/>
			<tli id="Artur-N-G5044-P600044.t47" time="209.435"/>
			<tli id="Artur-N-G5044-P600044.t47.w0" time="209.495"/>
			<tli id="Artur-N-G5044-P600044.t47.w1" time="210.265"/>
			<tli id="Artur-N-G5044-P600044.t47.w2" time="210.445"/>
			<tli id="Artur-N-G5044-P600044.t47.w3" time="210.695"/>
			<tli id="Artur-N-G5044-P600044.t47.w4" time="210.795"/>
			<tli id="Artur-N-G5044-P600044.t47.w5" time="211.595"/>
			<tli id="Artur-N-G5044-P600044.t47.w6" time="211.845"/>
			<tli id="Artur-N-G5044-P600044.t47.w7" time="212.165"/>
			<tli id="Artur-N-G5044-P600044.t47.w8" time="212.315"/>
			<tli id="Artur-N-G5044-P600044.t47.w9" time="212.375"/>
			<tli id="Artur-N-G5044-P600044.t47.w10" time="212.555"/>
			<tli id="Artur-N-G5044-P600044.t47.w11" time="213.365"/>
			<tli id="Artur-N-G5044-P600044.t47.w12" time="213.975"/>
			<tli id="Artur-N-G5044-P600044.t48" time="214.975"/>
			<tli id="Artur-N-G5044-P600044.t49.w0" time="217.045"/>
			<tli id="Artur-N-G5044-P600044.t49.w1" time="217.205"/>
			<tli id="Artur-N-G5044-P600044.t49.w2" time="217.605"/>
			<tli id="Artur-N-G5044-P600044.t49.w3" time="218.145"/>
			<tli id="Artur-N-G5044-P600044.t49.w4" time="218.615"/>
			<tli id="Artur-N-G5044-P600044.t49.w5" time="218.815"/>
			<tli id="Artur-N-G5044-P600044.t49.w6" time="219.205"/>
			<tli id="Artur-N-G5044-P600044.t49.w7" time="219.305"/>
			<tli id="Artur-N-G5044-P600044.t49.w8" time="219.485"/>
			<tli id="Artur-N-G5044-P600044.t49.w9" time="219.825"/>
			<tli id="Artur-N-G5044-P600044.t49.w10" time="220.155"/>
			<tli id="Artur-N-G5044-P600044.t49.w11" time="220.935"/>
			<tli id="Artur-N-G5044-P600044.t49.w12" time="221.375"/>
			<tli id="Artur-N-G5044-P600044.t49.w13" time="221.515"/>
			<tli id="Artur-N-G5044-P600044.t49.w14" time="221.915"/>
			<tli id="Artur-N-G5044-P600044.t49.w15" time="222.635"/>
			<tli id="Artur-N-G5044-P600044.t49.w16" time="222.765"/>
			<tli id="Artur-N-G5044-P600044.t49.w17" time="223.415"/>
			<tli id="Artur-N-G5044-P600044.t50" time="224.230"/>
			<tli id="Artur-N-G5044-P600044.t50.w0" time="224.330"/>
			<tli id="Artur-N-G5044-P600044.t50.w1" time="224.670"/>
			<tli id="Artur-N-G5044-P600044.t50.w2" time="224.940"/>
			<tli id="Artur-N-G5044-P600044.t50.w3" time="225.100"/>
			<tli id="Artur-N-G5044-P600044.t50.w4" time="225.220"/>
			<tli id="Artur-N-G5044-P600044.t50.w5" time="225.360"/>
			<tli id="Artur-N-G5044-P600044.t50.w6" time="225.910"/>
			<tli id="Artur-N-G5044-P600044.t50.w7" time="225.970"/>
			<tli id="Artur-N-G5044-P600044.t50.w8" time="226.570"/>
			<tli id="Artur-N-G5044-P600044.t50.w9" time="226.740"/>
			<tli id="Artur-N-G5044-P600044.t50.w10" time="226.970"/>
			<tli id="Artur-N-G5044-P600044.t51" time="228.225"/>
			<tli id="Artur-N-G5044-P600044.t51.w0" time="228.305"/>
			<tli id="Artur-N-G5044-P600044.t51.w1" time="228.815"/>
			<tli id="Artur-N-G5044-P600044.t51.w2" time="229.145"/>
			<tli id="Artur-N-G5044-P600044.t52" time="229.895"/>
			<tli id="Artur-N-G5044-P600044.t52.w0" time="229.925"/>
			<tli id="Artur-N-G5044-P600044.t52.w1" time="230.115"/>
			<tli id="Artur-N-G5044-P600044.t52.w2" time="230.875"/>
			<tli id="Artur-N-G5044-P600044.t52.w3" time="231.035"/>
			<tli id="Artur-N-G5044-P600044.t52.w4" time="231.645"/>
			<tli id="Artur-N-G5044-P600044.t52.w5" time="231.985"/>
			<tli id="Artur-N-G5044-P600044.t52.w6" time="232.205"/>
			<tli id="Artur-N-G5044-P600044.t52.w7" time="232.545"/>
			<tli id="Artur-N-G5044-P600044.t52.w8" time="232.765"/>
			<tli id="Artur-N-G5044-P600044.t53" time="234.624"/>
			<tli id="Artur-N-G5044-P600044.t52.w9" time="242.685"/>
			<tli id="Artur-N-G5044-P600044.t52.w10" time="250.465"/>
			<tli id="Artur-N-G5044-P600044.t52.w11" time="262.475"/>
			<tli id="Artur-N-G5044-P600044.t52.w12" time="263.805"/>
			<tli id="Artur-N-G5044-P600044.t56" time="264.937"/>
			<tli id="Artur-N-G5044-P600044.t56.w0" time="265.937"/>
			<tli id="Artur-N-G5044-P600044.t56.w1" time="266.357"/>
			<tli id="Artur-N-G5044-P600044.t56.w2" time="266.577"/>
			<tli id="Artur-N-G5044-P600044.t56.w3" time="266.877"/>
			<tli id="Artur-N-G5044-P600044.t56.w4" time="267.057"/>
			<tli id="Artur-N-G5044-P600044.t56.w5" time="267.167"/>
			<tli id="Artur-N-G5044-P600044.t56.w6" time="267.227"/>
			<tli id="Artur-N-G5044-P600044.t56.w7" time="267.487"/>
			<tli id="Artur-N-G5044-P600044.t56.w8" time="267.847"/>
			<tli id="Artur-N-G5044-P600044.t57" time="268.402"/>
			<tli id="Artur-N-G5044-P600044.t57.w0" time="268.522"/>
			<tli id="Artur-N-G5044-P600044.t57.w1" time="268.652"/>
			<tli id="Artur-N-G5044-P600044.t57.w2" time="268.792"/>
			<tli id="Artur-N-G5044-P600044.t57.w3" time="268.982"/>
			<tli id="Artur-N-G5044-P600044.t57.w4" time="269.212"/>
			<tli id="Artur-N-G5044-P600044.t57.w5" time="269.352"/>
			<tli id="Artur-N-G5044-P600044.t57.w6" time="269.612"/>
			<tli id="Artur-N-G5044-P600044.t58" time="270.399"/>
			<tli id="Artur-N-G5044-P600044.t58.w0" time="270.469"/>
			<tli id="Artur-N-G5044-P600044.t58.w1" time="270.659"/>
			<tli id="Artur-N-G5044-P600044.t58.w2" time="270.869"/>
			<tli id="Artur-N-G5044-P600044.t58.w3" time="271.019"/>
			<tli id="Artur-N-G5044-P600044.t58.w4" time="271.589"/>
			<tli id="Artur-N-G5044-P600044.t58.w5" time="272.219"/>
			<tli id="Artur-N-G5044-P600044.t58.w6" time="272.359"/>
			<tli id="Artur-N-G5044-P600044.t58.w7" time="272.919"/>
			<tli id="Artur-N-G5044-P600044.t58.w8" time="273.259"/>
			<tli id="Artur-N-G5044-P600044.t58.w9" time="273.419"/>
			<tli id="Artur-N-G5044-P600044.t59" time="274.238"/>
			<tli id="Artur-N-G5044-P600044.t59.w0" time="274.338"/>
			<tli id="Artur-N-G5044-P600044.t59.w1" time="274.548"/>
			<tli id="Artur-N-G5044-P600044.t59.w2" time="274.688"/>
			<tli id="Artur-N-G5044-P600044.t59.w3" time="274.788"/>
			<tli id="Artur-N-G5044-P600044.t59.w4" time="275.288"/>
			<tli id="Artur-N-G5044-P600044.t59.w5" time="275.778"/>
			<tli id="Artur-N-G5044-P600044.t60" time="277.249"/>
			<tli id="Artur-N-G5044-P600044.t60.w0" time="277.379"/>
			<tli id="Artur-N-G5044-P600044.t60.w1" time="277.709"/>
			<tli id="Artur-N-G5044-P600044.t60.w2" time="277.919"/>
			<tli id="Artur-N-G5044-P600044.t60.w3" time="278.109"/>
			<tli id="Artur-N-G5044-P600044.t60.w4" time="278.429"/>
			<tli id="Artur-N-G5044-P600044.t60.w5" time="278.609"/>
			<tli id="Artur-N-G5044-P600044.t61" time="281.099"/>
			<tli id="Artur-N-G5044-P600044.t61.w0" time="281.129"/>
			<tli id="Artur-N-G5044-P600044.t61.w1" time="281.259"/>
			<tli id="Artur-N-G5044-P600044.t61.w2" time="281.389"/>
			<tli id="Artur-N-G5044-P600044.t61.w3" time="281.689"/>
			<tli id="Artur-N-G5044-P600044.t61.w4" time="282.209"/>
			<tli id="Artur-N-G5044-P600044.t61.w5" time="282.709"/>
			<tli id="Artur-N-G5044-P600044.t61.w6" time="283.309"/>
			<tli id="Artur-N-G5044-P600044.t61.w7" time="283.989"/>
			<tli id="Artur-N-G5044-P600044.t61.w8" time="284.469"/>
			<tli id="Artur-N-G5044-P600044.t61.w9" time="284.699"/>
			<tli id="Artur-N-G5044-P600044.t61.w10" time="284.989"/>
			<tli id="Artur-N-G5044-P600044.t61.w11" time="285.369"/>
			<tli id="Artur-N-G5044-P600044.t62" time="286.619"/>
			<tli id="Artur-N-G5044-P600044.t63.w0" time="293.737"/>
			<tli id="Artur-N-G5044-P600044.t63.w1" time="293.957"/>
			<tli id="Artur-N-G5044-P600044.t63.w2" time="294.127"/>
			<tli id="Artur-N-G5044-P600044.t64" time="295.126"/>
			<tli id="Artur-N-G5044-P600044.t64.w0" time="295.336"/>
			<tli id="Artur-N-G5044-P600044.t65" time="296.124"/>
			<tli id="Artur-N-G5044-P600044.t65.w0" time="296.154"/>
			<tli id="Artur-N-G5044-P600044.t65.w1" time="296.754"/>
			<tli id="Artur-N-G5044-P600044.t66" time="297.700"/>
			<tli id="Artur-N-G5044-P600044.t66.w0" time="298.090"/>
			<tli id="Artur-N-G5044-P600044.t66.w1" time="298.200"/>
			<tli id="Artur-N-G5044-P600044.t66.w2" time="298.750"/>
			<tli id="Artur-N-G5044-P600044.t66.w3" time="299.200"/>
			<tli id="Artur-N-G5044-P600044.t66.w4" time="299.280"/>
			<tli id="Artur-N-G5044-P600044.t66.w5" time="299.650"/>
			<tli id="Artur-N-G5044-P600044.t66.w6" time="300.100"/>
			<tli id="Artur-N-G5044-P600044.t66.w7" time="300.480"/>
			<tli id="Artur-N-G5044-P600044.t66.w8" time="300.550"/>
			<tli id="Artur-N-G5044-P600044.t66.w9" time="300.690"/>
			<tli id="Artur-N-G5044-P600044.t66.w10" time="300.890"/>
			<tli id="Artur-N-G5044-P600044.t66.w11" time="301.370"/>
			<tli id="Artur-N-G5044-P600044.t66.w12" time="301.450"/>
			<tli id="Artur-N-G5044-P600044.t67" time="302.991"/>
			<tli id="Artur-N-G5044-P600044.t66.w13" time="308.650"/>
			<tli id="Artur-N-G5044-P600044.t69" time="315.650"/>
		</common-timeline>
		<tier id="0" category="v" speaker="Artur-N-G5044" type="t" display-name="Artur-N-G5044">
			<event start="Artur-N-G5044-P600044.t2.w0" end="Artur-N-G5044-P600044.t2.w1">a</event>
			<event start="Artur-N-G5044-P600044.t2.w1" end="Artur-N-G5044-P600044.t2.w2">je</event>
			<event start="Artur-N-G5044-P600044.t2.w2" end="Artur-N-G5044-P600044.t2.w3">blo</event>
			<event start="Artur-N-G5044-P600044.t2.w3" end="Artur-N-G5044-P600044.t2.w4">to</event>
			<event start="Artur-N-G5044-P600044.t2.w4" end="Artur-N-G5044-P600044.t2.w5">triinosəmdəsətəg</event>
			<event start="Artur-N-G5044-P600044.t2.w5" end="Artur-N-G5044-P600044.t2.w6">al</event>
			<event start="Artur-N-G5044-P600044.t2.w6" end="Artur-N-G5044-P600044.t3">štərənosəmdəsət</event>
			<event start="Artur-N-G5044-P600044.t4.w0" end="Artur-N-G5044-P600044.t4.w1">kir</event>
			<event start="Artur-N-G5044-P600044.t4.w1" end="Artur-N-G5044-P600044.t4.w2">je</event>
			<event start="Artur-N-G5044-P600044.t4.w2" end="Artur-N-G5044-P600044.t4.w3">pa</event>
			<event start="Artur-N-G5044-P600044.t4.w3" end="Artur-N-G5044-P600044.t4.w4">fse</event>
			<event start="Artur-N-G5044-P600044.t4.w4" end="Artur-N-G5044-P600044.t4.w5">bil</event>
			<event start="Artur-N-G5044-P600044.t4.w5" end="Artur-N-G5044-P600044.t4.w6">zravən</event>
			<event start="Artur-N-G5044-P600044.t4.w6" end="Artur-N-G5044-P600044.t4.w7">iz</event>
			<event start="Artur-N-G5044-P600044.t4.w7" end="Artur-N-G5044-P600044.t5">buroja</event>
			<event start="Artur-N-G5044-P600044.t6.w0" end="Artur-N-G5044-P600044.t6.w1">a</event>
			<event start="Artur-N-G5044-P600044.t6.w1" end="Artur-N-G5044-P600044.t6.w2">ni</event>
			<event start="Artur-N-G5044-P600044.t6.w2" end="Artur-N-G5044-P600044.t6.w3">bil</event>
			<event start="Artur-N-G5044-P600044.t6.w3" end="Artur-N-G5044-P600044.t6.w4">še</event>
			<event start="Artur-N-G5044-P600044.t6.w4" end="Artur-N-G5044-P600044.t7">Golob</event>
			<event start="Artur-N-G5044-P600044.t8.w0" end="Artur-N-G5044-P600044.t8.w1">uni</event>
			<event start="Artur-N-G5044-P600044.t8.w1" end="Artur-N-G5044-P600044.t8.w2">ko</event>
			<event start="Artur-N-G5044-P600044.t8.w2" end="Artur-N-G5044-P600044.t8.w3">je</event>
			<event start="Artur-N-G5044-P600044.t8.w3" end="Artur-N-G5044-P600044.t8.w4">prəšo</event>
			<event start="Artur-N-G5044-P600044.t8.w4" end="Artur-N-G5044-P600044.t8.w5">iz</event>
			<event start="Artur-N-G5044-P600044.t8.w5" end="Artur-N-G5044-P600044.t8.w6">eee</event>
			<event start="Artur-N-G5044-P600044.t8.w6" end="Artur-N-G5044-P600044.t8.w7">ko</event>
			<event start="Artur-N-G5044-P600044.t8.w7" end="Artur-N-G5044-P600044.t8.w8">je</event>
			<event start="Artur-N-G5044-P600044.t8.w8" end="Artur-N-G5044-P600044.t8.w9">prišo</event>
			<event start="Artur-N-G5044-P600044.t8.w9" end="Artur-N-G5044-P600044.t8.w10">iz</event>
			<event start="Artur-N-G5044-P600044.t8.w10" end="Artur-N-G5044-P600044.t8.w11">eee</event>
			<event start="Artur-N-G5044-P600044.t8.w11" end="Artur-N-G5044-P600044.t8.w12">e</event>
			<event start="Artur-N-G5044-P600044.t8.w12" end="Artur-N-G5044-P600044.t9">Aemde-ja</event>
			<event start="Artur-N-G5044-P600044.t12.w0" end="Artur-N-G5044-P600044.t12.w1">zej</event>
			<event start="Artur-N-G5044-P600044.t12.w1" end="Artur-N-G5044-P600044.t12.w2">je</event>
			<event start="Artur-N-G5044-P600044.t12.w2" end="Artur-N-G5044-P600044.t12.w3">pa</event>
			<event start="Artur-N-G5044-P600044.t12.w3" end="Artur-N-G5044-P600044.t12.w4">to</event>
			<event start="Artur-N-G5044-P600044.t12.w4" end="Artur-N-G5044-P600044.t12.w5">tak</event>
			<event start="Artur-N-G5044-P600044.t12.w5" end="Artur-N-G5044-P600044.t12.w6">nareto</event>
			<event start="Artur-N-G5044-P600044.t12.w6" end="Artur-N-G5044-P600044.t12.w7">če</event>
			<event start="Artur-N-G5044-P600044.t12.w7" end="Artur-N-G5044-P600044.t12.w8">že</event>
			<event start="Artur-N-G5044-P600044.t12.w8" end="Artur-N-G5044-P600044.t12.w9">se</event>
			<event start="Artur-N-G5044-P600044.t12.w9" end="Artur-N-G5044-P600044.t12.w10">pravhama</event>
			<event start="Artur-N-G5044-P600044.t12.w10" end="Artur-N-G5044-P600044.t12.w11">o</event>
			<event start="Artur-N-G5044-P600044.t12.w11" end="Artur-N-G5044-P600044.t12.w12">teh</event>
			<event start="Artur-N-G5044-P600044.t12.w12" end="Artur-N-G5044-P600044.t12.w13">teh</event>
			<event start="Artur-N-G5044-P600044.t12.w13" end="Artur-N-G5044-P600044.t12.w14">pohodih</event>
			<event start="Artur-N-G5044-P600044.t12.w14" end="Artur-N-G5044-P600044.t12.w15">Slovenskih</event>
			<event start="Artur-N-G5044-P600044.t12.w15" end="Artur-N-G5044-P600044.t12.w16">železarn</event>
			<event start="Artur-N-G5044-P600044.t12.w16" end="Artur-N-G5044-P600044.t12.w17">al</event>
			<event start="Artur-N-G5044-P600044.t12.w17" end="Artur-N-G5044-P600044.t12.w18">organizator</event>
			<event start="Artur-N-G5044-P600044.t12.w18" end="Artur-N-G5044-P600044.t12.w19">vseh</event>
			<event start="Artur-N-G5044-P600044.t12.w19" end="Artur-N-G5044-P600044.t12.w20">teh</event>
			<event start="Artur-N-G5044-P600044.t12.w20" end="Artur-N-G5044-P600044.t13">pohodov</event>
			<event start="Artur-N-G5044-P600044.t13.w0" end="Artur-N-G5044-P600044.t13.w1">je</event>
			<event start="Artur-N-G5044-P600044.t13.w1" end="Artur-N-G5044-P600044.t13.w2">bil</event>
			<event start="Artur-N-G5044-P600044.t13.w2" end="Artur-N-G5044-P600044.t13.w3">takratni</event>
			<event start="Artur-N-G5044-P600044.t13.w3" end="Artur-N-G5044-P600044.t14">sindikat</event>
			<event start="Artur-N-G5044-P600044.t15.w0" end="Artur-N-G5044-P600044.t15.w1">in</event>
			<event start="Artur-N-G5044-P600044.t15.w1" end="Artur-N-G5044-P600044.t15.w2">to</event>
			<event start="Artur-N-G5044-P600044.t15.w2" end="Artur-N-G5044-P600044.t15.w3">je</event>
			<event start="Artur-N-G5044-P600044.t15.w3" end="Artur-N-G5044-P600044.t15.w4">šlo</event>
			<event start="Artur-N-G5044-P600044.t15.w4" end="Artur-N-G5044-P600044.t15.w5">fse</event>
			<event start="Artur-N-G5044-P600044.t15.w5" end="Artur-N-G5044-P600044.t15.w6">preko</event>
			<event start="Artur-N-G5044-P600044.t15.w6" end="Artur-N-G5044-P600044.t15.w7">sindikatov</event>
			<event start="Artur-N-G5044-P600044.t15.w7" end="Artur-N-G5044-P600044.t15.w8">slov…</event>
			<event start="Artur-N-G5044-P600044.t15.w8" end="Artur-N-G5044-P600044.t15.w9">to</event>
			<event start="Artur-N-G5044-P600044.t15.w9" end="Artur-N-G5044-P600044.t15.w10">se</event>
			<event start="Artur-N-G5044-P600044.t15.w10" end="Artur-N-G5044-P600044.t15.w11">pravi</event>
			<event start="Artur-N-G5044-P600044.t15.w11" end="Artur-N-G5044-P600044.t15.w12">Železarne</event>
			<event start="Artur-N-G5044-P600044.t15.w12" end="Artur-N-G5044-P600044.t15.w13">Jesenice</event>
			<event start="Artur-N-G5044-P600044.t15.w13" end="Artur-N-G5044-P600044.t15.w14">Železarne</event>
			<event start="Artur-N-G5044-P600044.t15.w14" end="Artur-N-G5044-P600044.t15.w15">Štore</event>
			<event start="Artur-N-G5044-P600044.t15.w15" end="Artur-N-G5044-P600044.t15.w16">Metalurškega</event>
			<event start="Artur-N-G5044-P600044.t15.w16" end="Artur-N-G5044-P600044.t16">inštituta</event>
			<event start="Artur-N-G5044-P600044.t16.w0" end="Artur-N-G5044-P600044.t16.w1">potem</event>
			<event start="Artur-N-G5044-P600044.t16.w1" end="Artur-N-G5044-P600044.t16.w2">Veriga</event>
			<event start="Artur-N-G5044-P600044.t16.w2" end="Artur-N-G5044-P600044.t17">Lesce</event>
			<event start="Artur-N-G5044-P600044.t17.w0" end="Artur-N-G5044-P600044.t18">Tovil</event>
			<event start="Artur-N-G5044-P600044.t18.w0" end="Artur-N-G5044-P600044.t18.w1">in</event>
			<event start="Artur-N-G5044-P600044.t18.w1" end="Artur-N-G5044-P600044.t18.w2">pa</event>
			<event start="Artur-N-G5044-P600044.t18.w2" end="Artur-N-G5044-P600044.t19">eee</event>
			<event start="Artur-N-G5044-P600044.t19.w0" end="Artur-N-G5044-P600044.t19.w1">Železarne</event>
			<event start="Artur-N-G5044-P600044.t19.w1" end="Artur-N-G5044-P600044.t20">Ravne</event>
			<event start="Artur-N-G5044-P600044.t20.w0" end="Artur-N-G5044-P600044.t21">plus</event>
			<event start="Artur-N-G5044-P600044.t20.w1" end="Artur-N-G5044-P600044.t22">Štore</event>
			<event start="Artur-N-G5044-P600044.t22.w0" end="Artur-N-G5044-P600044.t22.w1">pobudnik</event>
			<event start="Artur-N-G5044-P600044.t22.w1" end="Artur-N-G5044-P600044.t22.w2">vseh</event>
			<event start="Artur-N-G5044-P600044.t22.w2" end="Artur-N-G5044-P600044.t22.w3">teh</event>
			<event start="Artur-N-G5044-P600044.t22.w3" end="Artur-N-G5044-P600044.t22.w4">pohodov</event>
			<event start="Artur-N-G5044-P600044.t22.w4" end="Artur-N-G5044-P600044.t22.w5">je</event>
			<event start="Artur-N-G5044-P600044.t22.w5" end="Artur-N-G5044-P600044.t22.w6">bil</event>
			<event start="Artur-N-G5044-P600044.t22.w6" end="Artur-N-G5044-P600044.t23">pa</event>
			<event start="Artur-N-G5044-P600044.t24.w0" end="Artur-N-G5044-P600044.t24.w1">no</event>
			<event start="Artur-N-G5044-P600044.t24.w1" end="Artur-N-G5044-P600044.t24.w2">jəz</event>
			<event start="Artur-N-G5044-P600044.t24.w2" end="Artur-N-G5044-P600044.t24.w3">tud</event>
			<event start="Artur-N-G5044-P600044.t24.w3" end="Artur-N-G5044-P600044.t24.w4">ne</event>
			<event start="Artur-N-G5044-P600044.t24.w4" end="Artur-N-G5044-P600044.t24.w5">vem</event>
			<event start="Artur-N-G5044-P600044.t24.w5" end="Artur-N-G5044-P600044.t24.w6">organiziran</event>
			<event start="Artur-N-G5044-P600044.t24.w6" end="Artur-N-G5044-P600044.t24.w7">je</event>
			<event start="Artur-N-G5044-P600044.t24.w7" end="Artur-N-G5044-P600044.t24.w8">bil</event>
			<event start="Artur-N-G5044-P600044.t24.w8" end="Artur-N-G5044-P600044.t24.w9">pa</event>
			<event start="Artur-N-G5044-P600044.t24.w9" end="Artur-N-G5044-P600044.t25">tək</event>
			<event start="Artur-N-G5044-P600044.t25.w0" end="Artur-N-G5044-P600044.t25.w1">da</event>
			<event start="Artur-N-G5044-P600044.t25.w1" end="Artur-N-G5044-P600044.t25.w2">so</event>
			<event start="Artur-N-G5044-P600044.t25.w2" end="Artur-N-G5044-P600044.t25.w3">se</event>
			<event start="Artur-N-G5044-P600044.t25.w3" end="Artur-N-G5044-P600044.t25.w4">najprej</event>
			<event start="Artur-N-G5044-P600044.t25.w4" end="Artur-N-G5044-P600044.t25.w5">vse</event>
			<event start="Artur-N-G5044-P600044.t25.w5" end="Artur-N-G5044-P600044.t25.w6">na</event>
			<event start="Artur-N-G5044-P600044.t25.w6" end="Artur-N-G5044-P600044.t25.w7">vseh</event>
			<event start="Artur-N-G5044-P600044.t25.w7" end="Artur-N-G5044-P600044.t25.w8">teh</event>
			<event start="Artur-N-G5044-P600044.t25.w8" end="Artur-N-G5044-P600044.t25.w9">firmah</event>
			<event start="Artur-N-G5044-P600044.t25.w9" end="Artur-N-G5044-P600044.t25.w10">ko</event>
			<event start="Artur-N-G5044-P600044.t25.w10" end="Artur-N-G5044-P600044.t25.w11">sm</event>
			<event start="Artur-N-G5044-P600044.t25.w11" end="Artur-N-G5044-P600044.t25.w12">jih</event>
			<event start="Artur-N-G5044-P600044.t25.w12" end="Artur-N-G5044-P600044.t25.w13">prej</event>
			<event start="Artur-N-G5044-P600044.t25.w13" end="Artur-N-G5044-P600044.t25.w14">naštel</event>
			<event start="Artur-N-G5044-P600044.t25.w14" end="Artur-N-G5044-P600044.t25.w15">zbrale</event>
			<event start="Artur-N-G5044-P600044.t25.w15" end="Artur-N-G5044-P600044.t26">prijave</event>
			<event start="Artur-N-G5044-P600044.t26.w0" end="Artur-N-G5044-P600044.t26.w1">in</event>
			<event start="Artur-N-G5044-P600044.t26.w1" end="Artur-N-G5044-P600044.t26.w2">potem</event>
			<event start="Artur-N-G5044-P600044.t26.w2" end="Artur-N-G5044-P600044.t26.w3">vsaka</event>
			<event start="Artur-N-G5044-P600044.t26.w3" end="Artur-N-G5044-P600044.t26.w4">od</event>
			<event start="Artur-N-G5044-P600044.t26.w4" end="Artur-N-G5044-P600044.t26.w5">teh</event>
			<event start="Artur-N-G5044-P600044.t26.w5" end="Artur-N-G5044-P600044.t26.w6">firm</event>
			<event start="Artur-N-G5044-P600044.t26.w6" end="Artur-N-G5044-P600044.t26.w7">je</event>
			<event start="Artur-N-G5044-P600044.t26.w7" end="Artur-N-G5044-P600044.t26.w8">v</event>
			<event start="Artur-N-G5044-P600044.t26.w8" end="Artur-N-G5044-P600044.t26.w9">tekočəm</event>
			<event start="Artur-N-G5044-P600044.t26.w9" end="Artur-N-G5044-P600044.t27">letu</event>
			<event start="Artur-N-G5044-P600044.t27.w0" end="Artur-N-G5044-P600044.t27.w1">organizirala</event>
			<event start="Artur-N-G5044-P600044.t27.w1" end="Artur-N-G5044-P600044.t27.w2">en</event>
			<event start="Artur-N-G5044-P600044.t27.w2" end="Artur-N-G5044-P600044.t27.w3">pohod</event>
			<event start="Artur-N-G5044-P600044.t27.w3" end="Artur-N-G5044-P600044.t27.w4">ne</event>
			<event start="Artur-N-G5044-P600044.t27.w4" end="Artur-N-G5044-P600044.t27.w5">samo</event>
			<event start="Artur-N-G5044-P600044.t27.w5" end="Artur-N-G5044-P600044.t27.w6">na</event>
			<event start="Artur-N-G5044-P600044.t27.w6" end="Artur-N-G5044-P600044.t28">Triglav</event>
			<event start="Artur-N-G5044-P600044.t28.w0" end="Artur-N-G5044-P600044.t28.w1">to</event>
			<event start="Artur-N-G5044-P600044.t28.w1" end="Artur-N-G5044-P600044.t28.w2">se</event>
			<event start="Artur-N-G5044-P600044.t28.w2" end="Artur-N-G5044-P600044.t28.w3">je</event>
			<event start="Artur-N-G5044-P600044.t28.w3" end="Artur-N-G5044-P600044.t28.w4">hodlo</event>
			<event start="Artur-N-G5044-P600044.t28.w4" end="Artur-N-G5044-P600044.t28.w5">po</event>
			<event start="Artur-N-G5044-P600044.t28.w5" end="Artur-N-G5044-P600044.t28.w6">Kamniških</event>
			<event start="Artur-N-G5044-P600044.t28.w6" end="Artur-N-G5044-P600044.t28.w7">po</event>
			<event start="Artur-N-G5044-P600044.t28.w7" end="Artur-N-G5044-P600044.t29">Julijcih</event>
			<event start="Artur-N-G5044-P600044.t29.w0" end="Artur-N-G5044-P600044.t29.w1">tudi</event>
			<event start="Artur-N-G5044-P600044.t29.w1" end="Artur-N-G5044-P600044.t29.w2">okolica</event>
			<event start="Artur-N-G5044-P600044.t29.w2" end="Artur-N-G5044-P600044.t30">Lublane</event>
			<event start="Artur-N-G5044-P600044.t30.w0" end="Artur-N-G5044-P600044.t30.w1">okol</event>
			<event start="Artur-N-G5044-P600044.t30.w1" end="Artur-N-G5044-P600044.t31">Štor</event>
			<event start="Artur-N-G5044-P600044.t31.w0" end="Artur-N-G5044-P600044.t31.w1">razən</event>
			<event start="Artur-N-G5044-P600044.t31.w1" end="Artur-N-G5044-P600044.t31.w2">Primorske</event>
			<event start="Artur-N-G5044-P600044.t31.w2" end="Artur-N-G5044-P600044.t31.w3">drugo</event>
			<event start="Artur-N-G5044-P600044.t31.w3" end="Artur-N-G5044-P600044.t31.w4">je</event>
			<event start="Artur-N-G5044-P600044.t31.w4" end="Artur-N-G5044-P600044.t32">blo</event>
			<event start="Artur-N-G5044-P600044.t31.w5" end="Artur-N-G5044-P600044.t31.w6">pa</event>
			<event start="Artur-N-G5044-P600044.t31.w6" end="Artur-N-G5044-P600044.t31.w7">vse</event>
			<event start="Artur-N-G5044-P600044.t31.w7" end="Artur-N-G5044-P600044.t33">obdelano</event>
			<event start="Artur-N-G5044-P600044.t33.w0" end="Artur-N-G5044-P600044.t33.w1">ja</event>
			<event start="Artur-N-G5044-P600044.t33.w1" end="Artur-N-G5044-P600044.t33.w2">sej</event>
			<event start="Artur-N-G5044-P600044.t33.w2" end="Artur-N-G5044-P600044.t33.w3">si</event>
			<event start="Artur-N-G5044-P600044.t33.w3" end="Artur-N-G5044-P600044.t33.w4">mogu</event>
			<event start="Artur-N-G5044-P600044.t33.w4" end="Artur-N-G5044-P600044.t33.w5">prej</event>
			<event start="Artur-N-G5044-P600044.t33.w5" end="Artur-N-G5044-P600044.t33.w6">dərgač</event>
			<event start="Artur-N-G5044-P600044.t33.w6" end="Artur-N-G5044-P600044.t33.w7">bi</event>
			<event start="Artur-N-G5044-P600044.t33.w7" end="Artur-N-G5044-P600044.t33.w8">spodaj</event>
			<event start="Artur-N-G5044-P600044.t33.w8" end="Artur-N-G5044-P600044.t34">ostal</event>
			<event start="Artur-N-G5044-P600044.t35.w0" end="Artur-N-G5044-P600044.t35.w1">posluši</event>
			<event start="Artur-N-G5044-P600044.t35.w1" end="Artur-N-G5044-P600044.t35.w2">ti</event>
			<event start="Artur-N-G5044-P600044.t35.w2" end="Artur-N-G5044-P600044.t35.w3">tist</event>
			<event start="Artur-N-G5044-P600044.t35.w3" end="Artur-N-G5044-P600044.t35.w4">pohod</event>
			<event start="Artur-N-G5044-P600044.t35.w4" end="Artur-N-G5044-P600044.t35.w5">na</event>
			<event start="Artur-N-G5044-P600044.t35.w5" end="Artur-N-G5044-P600044.t35.w6">Kamniško</event>
			<event start="Artur-N-G5044-P600044.t35.w6" end="Artur-N-G5044-P600044.t35.w7">sedlo</event>
			<event start="Artur-N-G5044-P600044.t35.w7" end="Artur-N-G5044-P600044.t35.w8">smo</event>
			<event start="Artur-N-G5044-P600044.t35.w8" end="Artur-N-G5044-P600044.t35.w9">šli</event>
			<event start="Artur-N-G5044-P600044.t35.w9" end="Artur-N-G5044-P600044.t35.w10">pa</event>
			<event start="Artur-N-G5044-P600044.t35.w10" end="Artur-N-G5044-P600044.t35.w11">iz</event>
			<event start="Artur-N-G5044-P600044.t35.w11" end="Artur-N-G5044-P600044.t35.w12">Kamniške</event>
			<event start="Artur-N-G5044-P600044.t35.w12" end="Artur-N-G5044-P600044.t35.w13">Bistrice</event>
			<event start="Artur-N-G5044-P600044.t35.w13" end="Artur-N-G5044-P600044.t36">gər</event>
			<event start="Artur-N-G5044-P600044.t36.w0" end="Artur-N-G5044-P600044.t36.w1">pol</event>
			<event start="Artur-N-G5044-P600044.t36.w1" end="Artur-N-G5044-P600044.t36.w2">smo</event>
			<event start="Artur-N-G5044-P600044.t36.w2" end="Artur-N-G5044-P600044.t36.w3">pa</event>
			<event start="Artur-N-G5044-P600044.t36.w3" end="Artur-N-G5044-P600044.t36.w4">rešvali</event>
			<event start="Artur-N-G5044-P600044.t36.w4" end="Artur-N-G5044-P600044.t36.w5">eno</event>
			<event start="Artur-N-G5044-P600044.t36.w5" end="Artur-N-G5044-P600044.t36.w6">žensko</event>
			<event start="Artur-N-G5044-P600044.t36.w6" end="Artur-N-G5044-P600044.t36.w7">smo</event>
			<event start="Artur-N-G5044-P600044.t36.w7" end="Artur-N-G5044-P600044.t36.w8">jo</event>
			<event start="Artur-N-G5044-P600044.t36.w8" end="Artur-N-G5044-P600044.t36.w9">nesli</event>
			<event start="Artur-N-G5044-P600044.t36.w9" end="Artur-N-G5044-P600044.t36.w10">na</event>
			<event start="Artur-N-G5044-P600044.t36.w10" end="Artur-N-G5044-P600044.t36.w11">un</event>
			<event start="Artur-N-G5044-P600044.t36.w11" end="Artur-N-G5044-P600044.t36.w12">kraj</event>
			<event start="Artur-N-G5044-P600044.t36.w12" end="Artur-N-G5044-P600044.t36.w13">na</event>
			<event start="Artur-N-G5044-P600044.t36.w13" end="Artur-N-G5044-P600044.t36.w14">Okrešəl</event>
			<event start="Artur-N-G5044-P600044.t36.w14" end="Artur-N-G5044-P600044.t36.w15">si</event>
			<event start="Artur-N-G5044-P600044.t36.w15" end="Artur-N-G5044-P600044.t36.w16">je</event>
			<event start="Artur-N-G5044-P600044.t36.w16" end="Artur-N-G5044-P600044.t36.w17">nogo</event>
			<event start="Artur-N-G5044-P600044.t36.w17" end="Artur-N-G5044-P600044.t36.w18">zviva</event>
			<event start="Artur-N-G5044-P600044.t36.w18" end="Artur-N-G5044-P600044.t36.w19">na</event>
			<event start="Artur-N-G5044-P600044.t36.w19" end="Artur-N-G5044-P600044.t36.w20">Okrešlu</event>
			<event start="Artur-N-G5044-P600044.t36.w20" end="Artur-N-G5044-P600044.t36.w21">pa</event>
			<event start="Artur-N-G5044-P600044.t36.w21" end="Artur-N-G5044-P600044.t36.w22">iz</event>
			<event start="Artur-N-G5044-P600044.t36.w22" end="Artur-N-G5044-P600044.t36.w23">Okrešla</event>
			<event start="Artur-N-G5044-P600044.t36.w23" end="Artur-N-G5044-P600044.t37">dov</event>
			<event start="Artur-N-G5044-P600044.t37.w0" end="Artur-N-G5044-P600044.t37.w1">do</event>
			<event start="Artur-N-G5044-P600044.t37.w1" end="Artur-N-G5044-P600044.t38">Rinke</event>
			<event start="Artur-N-G5044-P600044.t39.w0" end="Artur-N-G5044-P600044.t39.w1">na</event>
			<event start="Artur-N-G5044-P600044.t39.w1" end="Artur-N-G5044-P600044.t39.w2">uni</event>
			<event start="Artur-N-G5044-P600044.t39.w2" end="Artur-N-G5044-P600044.t39.w3">strani</event>
			<event start="Artur-N-G5044-P600044.t39.w3" end="Artur-N-G5044-P600044.t40">dov</event>
			<event start="Artur-N-G5044-P600044.t40.w0" end="Artur-N-G5044-P600044.t40.w1">na</event>
			<event start="Artur-N-G5044-P600044.t40.w1" end="Artur-N-G5044-P600044.t40.w2">Okrešəl</event>
			<event start="Artur-N-G5044-P600044.t40.w2" end="Artur-N-G5044-P600044.t40.w3">pa</event>
			<event start="Artur-N-G5044-P600044.t40.w3" end="Artur-N-G5044-P600044.t40.w4">na</event>
			<event start="Artur-N-G5044-P600044.t40.w4" end="Artur-N-G5044-P600044.t40.w5">Rinko</event>
			<event start="Artur-N-G5044-P600044.t40.w5" end="Artur-N-G5044-P600044.t40.w6">v</event>
			<event start="Artur-N-G5044-P600044.t40.w6" end="Artur-N-G5044-P600044.t40.w7">Savinjsko</event>
			<event start="Artur-N-G5044-P600044.t40.w7" end="Artur-N-G5044-P600044.t40.w8">v</event>
			<event start="Artur-N-G5044-P600044.t40.w8" end="Artur-N-G5044-P600044.t41">Logarsko</event>
			<event start="Artur-N-G5044-P600044.t41.w0" end="Artur-N-G5044-P600044.t41.w1">zdej</event>
			<event start="Artur-N-G5044-P600044.t41.w1" end="Artur-N-G5044-P600044.t41.w2">pa</event>
			<event start="Artur-N-G5044-P600044.t41.w2" end="Artur-N-G5044-P600044.t41.w3">tək</event>
			<event start="Artur-N-G5044-P600044.t41.w3" end="Artur-N-G5044-P600044.t41.w4">glej</event>
			<event start="Artur-N-G5044-P600044.t41.w4" end="Artur-N-G5044-P600044.t41.w5">ko</event>
			<event start="Artur-N-G5044-P600044.t41.w5" end="Artur-N-G5044-P600044.t41.w6">boš</event>
			<event start="Artur-N-G5044-P600044.t41.w6" end="Artur-N-G5044-P600044.t42">govoru</event>
			<event start="Artur-N-G5044-P600044.t42.w0" end="Artur-N-G5044-P600044.t42.w1">tək</event>
			<event start="Artur-N-G5044-P600044.t42.w1" end="Artur-N-G5044-P600044.t42.w2">počaki</event>
			<event start="Artur-N-G5044-P600044.t42.w2" end="Artur-N-G5044-P600044.t42.w3">da</event>
			<event start="Artur-N-G5044-P600044.t42.w3" end="Artur-N-G5044-P600044.t42.w4">jst</event>
			<event start="Artur-N-G5044-P600044.t42.w4" end="Artur-N-G5044-P600044.t42.w5">do</event>
			<event start="Artur-N-G5044-P600044.t42.w5" end="Artur-N-G5044-P600044.t42.w6">konca</event>
			<event start="Artur-N-G5044-P600044.t42.w6" end="Artur-N-G5044-P600044.t42.w7">povem</event>
			<event start="Artur-N-G5044-P600044.t42.w7" end="Artur-N-G5044-P600044.t42.w8">pol</event>
			<event start="Artur-N-G5044-P600044.t42.w8" end="Artur-N-G5044-P600044.t42.w9">pa</event>
			<event start="Artur-N-G5044-P600044.t42.w9" end="Artur-N-G5044-P600044.t42.w10">začni</event>
			<event start="Artur-N-G5044-P600044.t42.w10" end="Artur-N-G5044-P600044.t42.w11">govorit</event>
			<event start="Artur-N-G5044-P600044.t42.w11" end="Artur-N-G5044-P600044.t42.w12">in</event>
			<event start="Artur-N-G5044-P600044.t42.w12" end="Artur-N-G5044-P600044.t42.w13">ne</event>
			<event start="Artur-N-G5044-P600044.t42.w13" end="Artur-N-G5044-P600044.t42.w14">skači</event>
			<event start="Artur-N-G5044-P600044.t42.w14" end="Artur-N-G5044-P600044.t42.w15">mi</event>
			<event start="Artur-N-G5044-P600044.t42.w15" end="Artur-N-G5044-P600044.t42.w16">v</event>
			<event start="Artur-N-G5044-P600044.t42.w16" end="Artur-N-G5044-P600044.t43">besedo</event>
			<event start="Artur-N-G5044-P600044.t43.w0" end="Artur-N-G5044-P600044.t43.w1">to</event>
			<event start="Artur-N-G5044-P600044.t43.w1" end="Artur-N-G5044-P600044.t43.w2">je</event>
			<event start="Artur-N-G5044-P600044.t43.w2" end="Artur-N-G5044-P600044.t43.w3">tud</event>
			<event start="Artur-N-G5044-P600044.t43.w3" end="Artur-N-G5044-P600044.t43.w4">stvar</event>
			<event start="Artur-N-G5044-P600044.t43.w4" end="Artur-N-G5044-P600044.t43.w5">tega</event>
			<event start="Artur-N-G5044-P600044.t43.w5" end="Artur-N-G5044-P600044.t43.w6">dogovora</event>
			<event start="Artur-N-G5044-P600044.t43.w6" end="Artur-N-G5044-P600044.t43.w7">zdaj</event>
			<event start="Artur-N-G5044-P600044.t43.w7" end="Artur-N-G5044-P600044.t44">pa</event>
			<event start="Artur-N-G5044-P600044.t43.w8" end="Artur-N-G5044-P600044.t47">govori</event>
			<event start="Artur-N-G5044-P600044.t47.w0" end="Artur-N-G5044-P600044.t47.w1">ponavadi</event>
			<event start="Artur-N-G5044-P600044.t47.w1" end="Artur-N-G5044-P600044.t47.w2">se</event>
			<event start="Artur-N-G5044-P600044.t47.w2" end="Artur-N-G5044-P600044.t47.w3">je</event>
			<event start="Artur-N-G5044-P600044.t47.w3" end="Artur-N-G5044-P600044.t47.w4">iz</event>
			<event start="Artur-N-G5044-P600044.t47.w4" end="Artur-N-G5044-P600044.t47.w5">železarne</event>
			<event start="Artur-N-G5044-P600044.t47.w5" end="Artur-N-G5044-P600044.t47.w6">švo</event>
			<event start="Artur-N-G5044-P600044.t47.w6" end="Artur-N-G5044-P600044.t47.w7">kadar</event>
			<event start="Artur-N-G5044-P600044.t47.w7" end="Artur-N-G5044-P600044.t47.w8">se</event>
			<event start="Artur-N-G5044-P600044.t47.w8" end="Artur-N-G5044-P600044.t47.w9">je</event>
			<event start="Artur-N-G5044-P600044.t47.w9" end="Artur-N-G5044-P600044.t47.w10">švo</event>
			<event start="Artur-N-G5044-P600044.t47.w10" end="Artur-N-G5044-P600044.t47.w11">trije</event>
			<event start="Artur-N-G5044-P600044.t47.w11" end="Artur-N-G5044-P600044.t47.w12">avtobusi</event>
			<event start="Artur-N-G5044-P600044.t47.w12" end="Artur-N-G5044-P600044.t48">minimalno</event>
			<event start="Artur-N-G5044-P600044.t49.w0" end="Artur-N-G5044-P600044.t49.w1">se</event>
			<event start="Artur-N-G5044-P600044.t49.w1" end="Artur-N-G5044-P600044.t49.w2">spomnəm</event>
			<event start="Artur-N-G5044-P600044.t49.w2" end="Artur-N-G5044-P600044.t49.w3">tazadnjih</event>
			<event start="Artur-N-G5044-P600044.t49.w3" end="Artur-N-G5044-P600044.t49.w4">pohodov</event>
			<event start="Artur-N-G5044-P600044.t49.w4" end="Artur-N-G5044-P600044.t49.w5">na</event>
			<event start="Artur-N-G5044-P600044.t49.w5" end="Artur-N-G5044-P600044.t49.w6">Triglav</event>
			<event start="Artur-N-G5044-P600044.t49.w6" end="Artur-N-G5044-P600044.t49.w7">je</event>
			<event start="Artur-N-G5044-P600044.t49.w7" end="Artur-N-G5044-P600044.t49.w8">blo</event>
			<event start="Artur-N-G5044-P600044.t49.w8" end="Artur-N-G5044-P600044.t49.w9">tud</event>
			<event start="Artur-N-G5044-P600044.t49.w9" end="Artur-N-G5044-P600044.t49.w10">en</event>
			<event start="Artur-N-G5044-P600044.t49.w10" end="Artur-N-G5044-P600044.t49.w11">maksimalno</event>
			<event start="Artur-N-G5044-P600044.t49.w11" end="Artur-N-G5044-P600044.t49.w12">število</event>
			<event start="Artur-N-G5044-P600044.t49.w12" end="Artur-N-G5044-P600044.t49.w13">po</event>
			<event start="Artur-N-G5044-P600044.t49.w13" end="Artur-N-G5044-P600044.t49.w14">pet</event>
			<event start="Artur-N-G5044-P600044.t49.w14" end="Artur-N-G5044-P600044.t49.w15">avtobusov</event>
			<event start="Artur-N-G5044-P600044.t49.w15" end="Artur-N-G5044-P600044.t49.w16">iz</event>
			<event start="Artur-N-G5044-P600044.t49.w16" end="Artur-N-G5044-P600044.t49.w17">Železarne</event>
			<event start="Artur-N-G5044-P600044.t49.w17" end="Artur-N-G5044-P600044.t50">Ravne</event>
			<event start="Artur-N-G5044-P600044.t50.w0" end="Artur-N-G5044-P600044.t50.w1">zarad</event>
			<event start="Artur-N-G5044-P600044.t50.w1" end="Artur-N-G5044-P600044.t50.w2">tega</event>
			<event start="Artur-N-G5044-P600044.t50.w2" end="Artur-N-G5044-P600044.t50.w3">ker</event>
			<event start="Artur-N-G5044-P600044.t50.w3" end="Artur-N-G5044-P600044.t50.w4">so</event>
			<event start="Artur-N-G5044-P600044.t50.w4" end="Artur-N-G5044-P600044.t50.w5">bli</event>
			<event start="Artur-N-G5044-P600044.t50.w5" end="Artur-N-G5044-P600044.t50.w6">problemi</event>
			<event start="Artur-N-G5044-P600044.t50.w6" end="Artur-N-G5044-P600044.t50.w7">v</event>
			<event start="Artur-N-G5044-P600044.t50.w7" end="Artur-N-G5044-P600044.t50.w8">Julijcih</event>
			<event start="Artur-N-G5044-P600044.t50.w8" end="Artur-N-G5044-P600044.t50.w9">kje</event>
			<event start="Artur-N-G5044-P600044.t50.w9" end="Artur-N-G5044-P600044.t50.w10">vse</event>
			<event start="Artur-N-G5044-P600044.t50.w10" end="Artur-N-G5044-P600044.t51">spat</event>
			<event start="Artur-N-G5044-P600044.t51.w0" end="Artur-N-G5044-P600044.t51.w1">spali</event>
			<event start="Artur-N-G5044-P600044.t51.w1" end="Artur-N-G5044-P600044.t51.w2">ste</event>
			<event start="Artur-N-G5044-P600044.t51.w2" end="Artur-N-G5044-P600044.t52">pa</event>
			<event start="Artur-N-G5044-P600044.t52.w0" end="Artur-N-G5044-P600044.t52.w1">na</event>
			<event start="Artur-N-G5044-P600044.t52.w1" end="Artur-N-G5044-P600044.t52.w2">Planiki</event>
			<event start="Artur-N-G5044-P600044.t52.w2" end="Artur-N-G5044-P600044.t52.w3">na</event>
			<event start="Artur-N-G5044-P600044.t52.w3" end="Artur-N-G5044-P600044.t52.w4">Staničevi</event>
			<event start="Artur-N-G5044-P600044.t52.w4" end="Artur-N-G5044-P600044.t52.w5">koči</event>
			<event start="Artur-N-G5044-P600044.t52.w5" end="Artur-N-G5044-P600044.t52.w6">pa</event>
			<event start="Artur-N-G5044-P600044.t52.w6" end="Artur-N-G5044-P600044.t52.w7">tudi</event>
			<event start="Artur-N-G5044-P600044.t52.w7" end="Artur-N-G5044-P600044.t52.w8">na</event>
			<event start="Artur-N-G5044-P600044.t52.w8" end="Artur-N-G5044-P600044.t53">Kredarci</event>
			<event start="Artur-N-G5044-P600044.t52.w9" end="Artur-N-G5044-P600044.t52.w10">to</event>
			<event start="Artur-N-G5044-P600044.t52.w10" end="Artur-N-G5044-P600044.t52.w11">je</event>
			<event start="Artur-N-G5044-P600044.t52.w11" end="Artur-N-G5044-P600044.t52.w12">bla</event>
			<event start="Artur-N-G5044-P600044.t52.w12" end="Artur-N-G5044-P600044.t56">invazija</event>
			<event start="Artur-N-G5044-P600044.t56.w0" end="Artur-N-G5044-P600044.t56.w1">drugi</event>
			<event start="Artur-N-G5044-P600044.t56.w1" end="Artur-N-G5044-P600044.t56.w2">dan</event>
			<event start="Artur-N-G5044-P600044.t56.w2" end="Artur-N-G5044-P600044.t56.w3">drugi</event>
			<event start="Artur-N-G5044-P600044.t56.w3" end="Artur-N-G5044-P600044.t56.w4">dan</event>
			<event start="Artur-N-G5044-P600044.t56.w4" end="Artur-N-G5044-P600044.t56.w5">se</event>
			<event start="Artur-N-G5044-P600044.t56.w5" end="Artur-N-G5044-P600044.t56.w6">je</event>
			<event start="Artur-N-G5044-P600044.t56.w6" end="Artur-N-G5044-P600044.t56.w7">hodlo</event>
			<event start="Artur-N-G5044-P600044.t56.w7" end="Artur-N-G5044-P600044.t56.w8">vse</event>
			<event start="Artur-N-G5044-P600044.t56.w8" end="Artur-N-G5044-P600044.t57">ja</event>
			<event start="Artur-N-G5044-P600044.t57.w0" end="Artur-N-G5044-P600044.t57.w1">tək</event>
			<event start="Artur-N-G5044-P600044.t57.w1" end="Artur-N-G5044-P600044.t57.w2">da</event>
			<event start="Artur-N-G5044-P600044.t57.w2" end="Artur-N-G5044-P600044.t57.w3">smo</event>
			<event start="Artur-N-G5044-P600044.t57.w3" end="Artur-N-G5044-P600044.t57.w4">šli</event>
			<event start="Artur-N-G5044-P600044.t57.w4" end="Artur-N-G5044-P600044.t57.w5">na</event>
			<event start="Artur-N-G5044-P600044.t57.w5" end="Artur-N-G5044-P600044.t57.w6">vrh</event>
			<event start="Artur-N-G5044-P600044.t57.w6" end="Artur-N-G5044-P600044.t58">Triglava</event>
			<event start="Artur-N-G5044-P600044.t58.w0" end="Artur-N-G5044-P600044.t58.w1">pol</event>
			<event start="Artur-N-G5044-P600044.t58.w1" end="Artur-N-G5044-P600044.t58.w2">smo</event>
			<event start="Artur-N-G5044-P600044.t58.w2" end="Artur-N-G5044-P600044.t58.w3">pa</event>
			<event start="Artur-N-G5044-P600044.t58.w3" end="Artur-N-G5044-P600044.t58.w4">sestopli</event>
			<event start="Artur-N-G5044-P600044.t58.w4" end="Artur-N-G5044-P600044.t58.w5">ponavadi</event>
			<event start="Artur-N-G5044-P600044.t58.w5" end="Artur-N-G5044-P600044.t58.w6">və</event>
			<event start="Artur-N-G5044-P600044.t58.w6" end="Artur-N-G5044-P600044.t58.w7">Vrata</event>
			<event start="Artur-N-G5044-P600044.t58.w7" end="Artur-N-G5044-P600044.t58.w8">ali</event>
			<event start="Artur-N-G5044-P600044.t58.w8" end="Artur-N-G5044-P600044.t58.w9">və</event>
			<event start="Artur-N-G5044-P600044.t58.w9" end="Artur-N-G5044-P600044.t59">Krmo</event>
			<event start="Artur-N-G5044-P600044.t59.w0" end="Artur-N-G5044-P600044.t59.w1">ne</event>
			<event start="Artur-N-G5044-P600044.t59.w1" end="Artur-N-G5044-P600044.t59.w2">vem</event>
			<event start="Artur-N-G5044-P600044.t59.w2" end="Artur-N-G5044-P600044.t59.w3">a</event>
			<event start="Artur-N-G5044-P600044.t59.w3" end="Artur-N-G5044-P600044.t59.w4">na</event>
			<event start="Artur-N-G5044-P600044.t59.w4" end="Artur-N-G5044-P600044.t59.w5">Pokljuko</event>
			<event start="Artur-N-G5044-P600044.t59.w5" end="Artur-N-G5044-P600044.t60">nazaj</event>
			<event start="Artur-N-G5044-P600044.t60.w0" end="Artur-N-G5044-P600044.t60.w1">Enkrat</event>
			<event start="Artur-N-G5044-P600044.t60.w1" end="Artur-N-G5044-P600044.t60.w2">smo</event>
			<event start="Artur-N-G5044-P600044.t60.w2" end="Artur-N-G5044-P600044.t60.w3">šli</event>
			<event start="Artur-N-G5044-P600044.t60.w3" end="Artur-N-G5044-P600044.t60.w4">celo</event>
			<event start="Artur-N-G5044-P600044.t60.w4" end="Artur-N-G5044-P600044.t60.w5">və</event>
			<event start="Artur-N-G5044-P600044.t60.w5" end="Artur-N-G5044-P600044.t61">Kot</event>
			<event start="Artur-N-G5044-P600044.t61.w0" end="Artur-N-G5044-P600044.t61.w1">to</event>
			<event start="Artur-N-G5044-P600044.t61.w1" end="Artur-N-G5044-P600044.t61.w2">je</event>
			<event start="Artur-N-G5044-P600044.t61.w2" end="Artur-N-G5044-P600044.t61.w3">pa</event>
			<event start="Artur-N-G5044-P600044.t61.w3" end="Artur-N-G5044-P600044.t61.w4">ena</event>
			<event start="Artur-N-G5044-P600044.t61.w4" end="Artur-N-G5044-P600044.t61.w5">dolina</event>
			<event start="Artur-N-G5044-P600044.t61.w5" end="Artur-N-G5044-P600044.t61.w6">pod</event>
			<event start="Artur-N-G5044-P600044.t61.w6" end="Artur-N-G5044-P600044.t61.w7">Rjavino</event>
			<event start="Artur-N-G5044-P600044.t61.w7" end="Artur-N-G5044-P600044.t61.w8">pa</event>
			<event start="Artur-N-G5044-P600044.t61.w8" end="Artur-N-G5044-P600044.t61.w9">tam</event>
			<event start="Artur-N-G5044-P600044.t61.w9" end="Artur-N-G5044-P600044.t61.w10">zadi</event>
			<event start="Artur-N-G5044-P600044.t61.w10" end="Artur-N-G5044-P600044.t61.w11">notər</event>
			<event start="Artur-N-G5044-P600044.t61.w11" end="Artur-N-G5044-P600044.t62">eee</event>
			<event start="Artur-N-G5044-P600044.t63.w0" end="Artur-N-G5044-P600044.t63.w1">to</event>
			<event start="Artur-N-G5044-P600044.t63.w1" end="Artur-N-G5044-P600044.t63.w2">je</event>
			<event start="Artur-N-G5044-P600044.t63.w2" end="Artur-N-G5044-P600044.t64">e</event>
			<event start="Artur-N-G5044-P600044.t64.w0" end="Artur-N-G5044-P600044.t65">js…</event>
			<event start="Artur-N-G5044-P600044.t65.w0" end="Artur-N-G5044-P600044.t65.w1">Planinsko</event>
			<event start="Artur-N-G5044-P600044.t65.w1" end="Artur-N-G5044-P600044.t66">društvo</event>
			<event start="Artur-N-G5044-P600044.t66.w0" end="Artur-N-G5044-P600044.t66.w1">eee</event>
			<event start="Artur-N-G5044-P600044.t66.w1" end="Artur-N-G5044-P600044.t66.w2">Jesenice</event>
			<event start="Artur-N-G5044-P600044.t66.w2" end="Artur-N-G5044-P600044.t66.w3">opravlja</event>
			<event start="Artur-N-G5044-P600044.t66.w3" end="Artur-N-G5044-P600044.t66.w4">s</event>
			<event start="Artur-N-G5044-P600044.t66.w4" end="Artur-N-G5044-P600044.t66.w5">təsto</event>
			<event start="Artur-N-G5044-P600044.t66.w5" end="Artur-N-G5044-P600044.t66.w6">kočo</event>
			<event start="Artur-N-G5044-P600044.t66.w6" end="Artur-N-G5044-P600044.t66.w7">drgač</event>
			<event start="Artur-N-G5044-P600044.t66.w7" end="Artur-N-G5044-P600044.t66.w8">je</event>
			<event start="Artur-N-G5044-P600044.t66.w8" end="Artur-N-G5044-P600044.t66.w9">pa</event>
			<event start="Artur-N-G5044-P600044.t66.w9" end="Artur-N-G5044-P600044.t66.w10">to</event>
			<event start="Artur-N-G5044-P600044.t66.w10" end="Artur-N-G5044-P600044.t66.w11">koča</event>
			<event start="Artur-N-G5044-P600044.t66.w11" end="Artur-N-G5044-P600044.t66.w12">v</event>
			<event start="Artur-N-G5044-P600044.t66.w12" end="Artur-N-G5044-P600044.t67">Zgornji</event>
			<event start="Artur-N-G5044-P600044.t66.w13" end="Artur-N-G5044-P600044.t69">Radgoni</event>
		</tier>
		<tier id="1" category="v" speaker="Artur-N-G5044" type="t" display-name="Artur-N-G5044">
			<event start="Artur-N-G5044-P600044.t2.w0" end="Artur-N-G5044-P600044.t2.w1">a</event>
			<event start="Artur-N-G5044-P600044.t2.w1" end="Artur-N-G5044-P600044.t2.w2">je</event>
			<event start="Artur-N-G5044-P600044.t2.w2" end="Artur-N-G5044-P600044.t2.w3">bilo</event>
			<event start="Artur-N-G5044-P600044.t2.w3" end="Artur-N-G5044-P600044.t2.w4">to</event>
			<event start="Artur-N-G5044-P600044.t2.w4" end="Artur-N-G5044-P600044.t2.w5">triinosemdeset</event>
			<event start="Artur-N-G5044-P600044.t2.w5" end="Artur-N-G5044-P600044.t2.w6">ali</event>
			<event start="Artur-N-G5044-P600044.t2.w6" end="Artur-N-G5044-P600044.t3">štiriinosemdeset</event>
			<event start="Artur-N-G5044-P600044.t4.w0" end="Artur-N-G5044-P600044.t4.w1">kateri</event>
			<event start="Artur-N-G5044-P600044.t4.w1" end="Artur-N-G5044-P600044.t4.w2">je</event>
			<event start="Artur-N-G5044-P600044.t4.w2" end="Artur-N-G5044-P600044.t4.w3">pa</event>
			<event start="Artur-N-G5044-P600044.t4.w3" end="Artur-N-G5044-P600044.t4.w4">vse</event>
			<event start="Artur-N-G5044-P600044.t4.w4" end="Artur-N-G5044-P600044.t4.w5">bil</event>
			<event start="Artur-N-G5044-P600044.t4.w5" end="Artur-N-G5044-P600044.t4.w6">zraven</event>
			<event start="Artur-N-G5044-P600044.t4.w6" end="Artur-N-G5044-P600044.t4.w7">iz</event>
			<event start="Artur-N-G5044-P600044.t4.w7" end="Artur-N-G5044-P600044.t5">biroja</event>
			<event start="Artur-N-G5044-P600044.t6.w0" end="Artur-N-G5044-P600044.t6.w1">a</event>
			<event start="Artur-N-G5044-P600044.t6.w1" end="Artur-N-G5044-P600044.t6.w2">ni</event>
			<event start="Artur-N-G5044-P600044.t6.w2" end="Artur-N-G5044-P600044.t6.w3">bil</event>
			<event start="Artur-N-G5044-P600044.t6.w3" end="Artur-N-G5044-P600044.t6.w4">še</event>
			<event start="Artur-N-G5044-P600044.t6.w4" end="Artur-N-G5044-P600044.t7">Golob</event>
			<event start="Artur-N-G5044-P600044.t8.w0" end="Artur-N-G5044-P600044.t8.w1">oni</event>
			<event start="Artur-N-G5044-P600044.t8.w1" end="Artur-N-G5044-P600044.t8.w2">ko</event>
			<event start="Artur-N-G5044-P600044.t8.w2" end="Artur-N-G5044-P600044.t8.w3">je</event>
			<event start="Artur-N-G5044-P600044.t8.w3" end="Artur-N-G5044-P600044.t8.w4">prišel</event>
			<event start="Artur-N-G5044-P600044.t8.w4" end="Artur-N-G5044-P600044.t8.w5">iz</event>
			<event start="Artur-N-G5044-P600044.t8.w5" end="Artur-N-G5044-P600044.t8.w6">eee</event>
			<event start="Artur-N-G5044-P600044.t8.w6" end="Artur-N-G5044-P600044.t8.w7">ko</event>
			<event start="Artur-N-G5044-P600044.t8.w7" end="Artur-N-G5044-P600044.t8.w8">je</event>
			<event start="Artur-N-G5044-P600044.t8.w8" end="Artur-N-G5044-P600044.t8.w9">prišel</event>
			<event start="Artur-N-G5044-P600044.t8.w9" end="Artur-N-G5044-P600044.t8.w10">iz</event>
			<event start="Artur-N-G5044-P600044.t8.w10" end="Artur-N-G5044-P600044.t8.w11">eee</event>
			<event start="Artur-N-G5044-P600044.t8.w11" end="Artur-N-G5044-P600044.t8.w12">e</event>
			<event start="Artur-N-G5044-P600044.t8.w12" end="Artur-N-G5044-P600044.t9">AMD-ja</event>
			<event start="Artur-N-G5044-P600044.t12.w0" end="Artur-N-G5044-P600044.t12.w1">zdaj</event>
			<event start="Artur-N-G5044-P600044.t12.w1" end="Artur-N-G5044-P600044.t12.w2">je</event>
			<event start="Artur-N-G5044-P600044.t12.w2" end="Artur-N-G5044-P600044.t12.w3">pa</event>
			<event start="Artur-N-G5044-P600044.t12.w3" end="Artur-N-G5044-P600044.t12.w4">to</event>
			<event start="Artur-N-G5044-P600044.t12.w4" end="Artur-N-G5044-P600044.t12.w5">tako</event>
			<event start="Artur-N-G5044-P600044.t12.w5" end="Artur-N-G5044-P600044.t12.w6">narejeno</event>
			<event start="Artur-N-G5044-P600044.t12.w6" end="Artur-N-G5044-P600044.t12.w7">če</event>
			<event start="Artur-N-G5044-P600044.t12.w7" end="Artur-N-G5044-P600044.t12.w8">že</event>
			<event start="Artur-N-G5044-P600044.t12.w8" end="Artur-N-G5044-P600044.t12.w9">se</event>
			<event start="Artur-N-G5044-P600044.t12.w9" end="Artur-N-G5044-P600044.t12.w10">pravhama</event>
			<event start="Artur-N-G5044-P600044.t12.w10" end="Artur-N-G5044-P600044.t12.w11">o</event>
			<event start="Artur-N-G5044-P600044.t12.w11" end="Artur-N-G5044-P600044.t12.w12">teh</event>
			<event start="Artur-N-G5044-P600044.t12.w12" end="Artur-N-G5044-P600044.t12.w13">teh</event>
			<event start="Artur-N-G5044-P600044.t12.w13" end="Artur-N-G5044-P600044.t12.w14">pohodih</event>
			<event start="Artur-N-G5044-P600044.t12.w14" end="Artur-N-G5044-P600044.t12.w15">Slovenskih</event>
			<event start="Artur-N-G5044-P600044.t12.w15" end="Artur-N-G5044-P600044.t12.w16">železarn</event>
			<event start="Artur-N-G5044-P600044.t12.w16" end="Artur-N-G5044-P600044.t12.w17">ali</event>
			<event start="Artur-N-G5044-P600044.t12.w17" end="Artur-N-G5044-P600044.t12.w18">organizator</event>
			<event start="Artur-N-G5044-P600044.t12.w18" end="Artur-N-G5044-P600044.t12.w19">vseh</event>
			<event start="Artur-N-G5044-P600044.t12.w19" end="Artur-N-G5044-P600044.t12.w20">teh</event>
			<event start="Artur-N-G5044-P600044.t12.w20" end="Artur-N-G5044-P600044.t13">pohodov</event>
			<event start="Artur-N-G5044-P600044.t13.w0" end="Artur-N-G5044-P600044.t13.w1">je</event>
			<event start="Artur-N-G5044-P600044.t13.w1" end="Artur-N-G5044-P600044.t13.w2">bil</event>
			<event start="Artur-N-G5044-P600044.t13.w2" end="Artur-N-G5044-P600044.t13.w3">takratni</event>
			<event start="Artur-N-G5044-P600044.t13.w3" end="Artur-N-G5044-P600044.t14">sindikat</event>
			<event start="Artur-N-G5044-P600044.t15.w0" end="Artur-N-G5044-P600044.t15.w1">in</event>
			<event start="Artur-N-G5044-P600044.t15.w1" end="Artur-N-G5044-P600044.t15.w2">to</event>
			<event start="Artur-N-G5044-P600044.t15.w2" end="Artur-N-G5044-P600044.t15.w3">je</event>
			<event start="Artur-N-G5044-P600044.t15.w3" end="Artur-N-G5044-P600044.t15.w4">šlo</event>
			<event start="Artur-N-G5044-P600044.t15.w4" end="Artur-N-G5044-P600044.t15.w5">vse</event>
			<event start="Artur-N-G5044-P600044.t15.w5" end="Artur-N-G5044-P600044.t15.w6">preko</event>
			<event start="Artur-N-G5044-P600044.t15.w6" end="Artur-N-G5044-P600044.t15.w7">sindikatov</event>
			<event start="Artur-N-G5044-P600044.t15.w7" end="Artur-N-G5044-P600044.t15.w8">slov…</event>
			<event start="Artur-N-G5044-P600044.t15.w8" end="Artur-N-G5044-P600044.t15.w9">to</event>
			<event start="Artur-N-G5044-P600044.t15.w9" end="Artur-N-G5044-P600044.t15.w10">se</event>
			<event start="Artur-N-G5044-P600044.t15.w10" end="Artur-N-G5044-P600044.t15.w11">pravi</event>
			<event start="Artur-N-G5044-P600044.t15.w11" end="Artur-N-G5044-P600044.t15.w12">Železarne</event>
			<event start="Artur-N-G5044-P600044.t15.w12" end="Artur-N-G5044-P600044.t15.w13">Jesenice</event>
			<event start="Artur-N-G5044-P600044.t15.w13" end="Artur-N-G5044-P600044.t15.w14">Železarne</event>
			<event start="Artur-N-G5044-P600044.t15.w14" end="Artur-N-G5044-P600044.t15.w15">Štore</event>
			<event start="Artur-N-G5044-P600044.t15.w15" end="Artur-N-G5044-P600044.t15.w16">Metalurškega</event>
			<event start="Artur-N-G5044-P600044.t15.w16" end="Artur-N-G5044-P600044.t16">inštituta</event>
			<event start="Artur-N-G5044-P600044.t16.w0" end="Artur-N-G5044-P600044.t16.w1">potem</event>
			<event start="Artur-N-G5044-P600044.t16.w1" end="Artur-N-G5044-P600044.t16.w2">Veriga</event>
			<event start="Artur-N-G5044-P600044.t16.w2" end="Artur-N-G5044-P600044.t17">Lesce</event>
			<event start="Artur-N-G5044-P600044.t17.w0" end="Artur-N-G5044-P600044.t18">Tovil</event>
			<event start="Artur-N-G5044-P600044.t18.w0" end="Artur-N-G5044-P600044.t18.w1">in</event>
			<event start="Artur-N-G5044-P600044.t18.w1" end="Artur-N-G5044-P600044.t18.w2">pa</event>
			<event start="Artur-N-G5044-P600044.t18.w2" end="Artur-N-G5044-P600044.t19">eee</event>
			<event start="Artur-N-G5044-P600044.t19.w0" end="Artur-N-G5044-P600044.t19.w1">Železarne</event>
			<event start="Artur-N-G5044-P600044.t19.w1" end="Artur-N-G5044-P600044.t20">Ravne</event>
			<event start="Artur-N-G5044-P600044.t20.w0" end="Artur-N-G5044-P600044.t21">plus</event>
			<event start="Artur-N-G5044-P600044.t20.w1" end="Artur-N-G5044-P600044.t22">Štore</event>
			<event start="Artur-N-G5044-P600044.t22.w0" end="Artur-N-G5044-P600044.t22.w1">pobudnik</event>
			<event start="Artur-N-G5044-P600044.t22.w1" end="Artur-N-G5044-P600044.t22.w2">vseh</event>
			<event start="Artur-N-G5044-P600044.t22.w2" end="Artur-N-G5044-P600044.t22.w3">teh</event>
			<event start="Artur-N-G5044-P600044.t22.w3" end="Artur-N-G5044-P600044.t22.w4">pohodov</event>
			<event start="Artur-N-G5044-P600044.t22.w4" end="Artur-N-G5044-P600044.t22.w5">je</event>
			<event start="Artur-N-G5044-P600044.t22.w5" end="Artur-N-G5044-P600044.t22.w6">bil</event>
			<event start="Artur-N-G5044-P600044.t22.w6" end="Artur-N-G5044-P600044.t23">pa</event>
			<event start="Artur-N-G5044-P600044.t24.w0" end="Artur-N-G5044-P600044.t24.w1">no</event>
			<event start="Artur-N-G5044-P600044.t24.w1" end="Artur-N-G5044-P600044.t24.w2">jaz</event>
			<event start="Artur-N-G5044-P600044.t24.w2" end="Artur-N-G5044-P600044.t24.w3">tudi</event>
			<event start="Artur-N-G5044-P600044.t24.w3" end="Artur-N-G5044-P600044.t24.w4">ne</event>
			<event start="Artur-N-G5044-P600044.t24.w4" end="Artur-N-G5044-P600044.t24.w5">vem</event>
			<event start="Artur-N-G5044-P600044.t24.w5" end="Artur-N-G5044-P600044.t24.w6">organiziran</event>
			<event start="Artur-N-G5044-P600044.t24.w6" end="Artur-N-G5044-P600044.t24.w7">je</event>
			<event start="Artur-N-G5044-P600044.t24.w7" end="Artur-N-G5044-P600044.t24.w8">bil</event>
			<event start="Artur-N-G5044-P600044.t24.w8" end="Artur-N-G5044-P600044.t24.w9">pa</event>
			<event start="Artur-N-G5044-P600044.t24.w9" end="Artur-N-G5044-P600044.t25">tako</event>
			<event start="Artur-N-G5044-P600044.t25.w0" end="Artur-N-G5044-P600044.t25.w1">da</event>
			<event start="Artur-N-G5044-P600044.t25.w1" end="Artur-N-G5044-P600044.t25.w2">so</event>
			<event start="Artur-N-G5044-P600044.t25.w2" end="Artur-N-G5044-P600044.t25.w3">se</event>
			<event start="Artur-N-G5044-P600044.t25.w3" end="Artur-N-G5044-P600044.t25.w4">najprej</event>
			<event start="Artur-N-G5044-P600044.t25.w4" end="Artur-N-G5044-P600044.t25.w5">vse</event>
			<event start="Artur-N-G5044-P600044.t25.w5" end="Artur-N-G5044-P600044.t25.w6">na</event>
			<event start="Artur-N-G5044-P600044.t25.w6" end="Artur-N-G5044-P600044.t25.w7">vseh</event>
			<event start="Artur-N-G5044-P600044.t25.w7" end="Artur-N-G5044-P600044.t25.w8">teh</event>
			<event start="Artur-N-G5044-P600044.t25.w8" end="Artur-N-G5044-P600044.t25.w9">firmah</event>
			<event start="Artur-N-G5044-P600044.t25.w9" end="Artur-N-G5044-P600044.t25.w10">ko</event>
			<event start="Artur-N-G5044-P600044.t25.w10" end="Artur-N-G5044-P600044.t25.w11">sem</event>
			<event start="Artur-N-G5044-P600044.t25.w11" end="Artur-N-G5044-P600044.t25.w12">jih</event>
			<event start="Artur-N-G5044-P600044.t25.w12" end="Artur-N-G5044-P600044.t25.w13">prej</event>
			<event start="Artur-N-G5044-P600044.t25.w13" end="Artur-N-G5044-P600044.t25.w14">naštel</event>
			<event start="Artur-N-G5044-P600044.t25.w14" end="Artur-N-G5044-P600044.t25.w15">zbrale</event>
			<event start="Artur-N-G5044-P600044.t25.w15" end="Artur-N-G5044-P600044.t26">prijave</event>
			<event start="Artur-N-G5044-P600044.t26.w0" end="Artur-N-G5044-P600044.t26.w1">in</event>
			<event start="Artur-N-G5044-P600044.t26.w1" end="Artur-N-G5044-P600044.t26.w2">potem</event>
			<event start="Artur-N-G5044-P600044.t26.w2" end="Artur-N-G5044-P600044.t26.w3">vsaka</event>
			<event start="Artur-N-G5044-P600044.t26.w3" end="Artur-N-G5044-P600044.t26.w4">od</event>
			<event start="Artur-N-G5044-P600044.t26.w4" end="Artur-N-G5044-P600044.t26.w5">teh</event>
			<event start="Artur-N-G5044-P600044.t26.w5" end="Artur-N-G5044-P600044.t26.w6">firm</event>
			<event start="Artur-N-G5044-P600044.t26.w6" end="Artur-N-G5044-P600044.t26.w7">je</event>
			<event start="Artur-N-G5044-P600044.t26.w7" end="Artur-N-G5044-P600044.t26.w8">v</event>
			<event start="Artur-N-G5044-P600044.t26.w8" end="Artur-N-G5044-P600044.t26.w9">tekočem</event>
			<event start="Artur-N-G5044-P600044.t26.w9" end="Artur-N-G5044-P600044.t27">letu</event>
			<event start="Artur-N-G5044-P600044.t27.w0" end="Artur-N-G5044-P600044.t27.w1">organizirala</event>
			<event start="Artur-N-G5044-P600044.t27.w1" end="Artur-N-G5044-P600044.t27.w2">en</event>
			<event start="Artur-N-G5044-P600044.t27.w2" end="Artur-N-G5044-P600044.t27.w3">pohod</event>
			<event start="Artur-N-G5044-P600044.t27.w3" end="Artur-N-G5044-P600044.t27.w4">ne</event>
			<event start="Artur-N-G5044-P600044.t27.w4" end="Artur-N-G5044-P600044.t27.w5">samo</event>
			<event start="Artur-N-G5044-P600044.t27.w5" end="Artur-N-G5044-P600044.t27.w6">na</event>
			<event start="Artur-N-G5044-P600044.t27.w6" end="Artur-N-G5044-P600044.t28">Triglav</event>
			<event start="Artur-N-G5044-P600044.t28.w0" end="Artur-N-G5044-P600044.t28.w1">to</event>
			<event start="Artur-N-G5044-P600044.t28.w1" end="Artur-N-G5044-P600044.t28.w2">se</event>
			<event start="Artur-N-G5044-P600044.t28.w2" end="Artur-N-G5044-P600044.t28.w3">je</event>
			<event start="Artur-N-G5044-P600044.t28.w3" end="Artur-N-G5044-P600044.t28.w4">hodilo</event>
			<event start="Artur-N-G5044-P600044.t28.w4" end="Artur-N-G5044-P600044.t28.w5">po</event>
			<event start="Artur-N-G5044-P600044.t28.w5" end="Artur-N-G5044-P600044.t28.w6">Kamniških</event>
			<event start="Artur-N-G5044-P600044.t28.w6" end="Artur-N-G5044-P600044.t28.w7">po</event>
			<event start="Artur-N-G5044-P600044.t28.w7" end="Artur-N-G5044-P600044.t29">Julijcih</event>
			<event start="Artur-N-G5044-P600044.t29.w0" end="Artur-N-G5044-P600044.t29.w1">tudi</event>
			<event start="Artur-N-G5044-P600044.t29.w1" end="Artur-N-G5044-P600044.t29.w2">okolica</event>
			<event start="Artur-N-G5044-P600044.t29.w2" end="Artur-N-G5044-P600044.t30">Ljubljane</event>
			<event start="Artur-N-G5044-P600044.t30.w0" end="Artur-N-G5044-P600044.t30.w1">okoli</event>
			<event start="Artur-N-G5044-P600044.t30.w1" end="Artur-N-G5044-P600044.t31">Štor</event>
			<event start="Artur-N-G5044-P600044.t31.w0" end="Artur-N-G5044-P600044.t31.w1">razen</event>
			<event start="Artur-N-G5044-P600044.t31.w1" end="Artur-N-G5044-P600044.t31.w2">Primorske</event>
			<event start="Artur-N-G5044-P600044.t31.w2" end="Artur-N-G5044-P600044.t31.w3">drugo</event>
			<event start="Artur-N-G5044-P600044.t31.w3" end="Artur-N-G5044-P600044.t31.w4">je</event>
			<event start="Artur-N-G5044-P600044.t31.w4" end="Artur-N-G5044-P600044.t32">bilo</event>
			<event start="Artur-N-G5044-P600044.t31.w5" end="Artur-N-G5044-P600044.t31.w6">pa</event>
			<event start="Artur-N-G5044-P600044.t31.w6" end="Artur-N-G5044-P600044.t31.w7">vse</event>
			<event start="Artur-N-G5044-P600044.t31.w7" end="Artur-N-G5044-P600044.t33">obdelano</event>
			<event start="Artur-N-G5044-P600044.t33.w0" end="Artur-N-G5044-P600044.t33.w1">ja</event>
			<event start="Artur-N-G5044-P600044.t33.w1" end="Artur-N-G5044-P600044.t33.w2">saj</event>
			<event start="Artur-N-G5044-P600044.t33.w2" end="Artur-N-G5044-P600044.t33.w3">si</event>
			<event start="Artur-N-G5044-P600044.t33.w3" end="Artur-N-G5044-P600044.t33.w4">mogel</event>
			<event start="Artur-N-G5044-P600044.t33.w4" end="Artur-N-G5044-P600044.t33.w5">prej</event>
			<event start="Artur-N-G5044-P600044.t33.w5" end="Artur-N-G5044-P600044.t33.w6">drugače</event>
			<event start="Artur-N-G5044-P600044.t33.w6" end="Artur-N-G5044-P600044.t33.w7">bi</event>
			<event start="Artur-N-G5044-P600044.t33.w7" end="Artur-N-G5044-P600044.t33.w8">spodaj</event>
			<event start="Artur-N-G5044-P600044.t33.w8" end="Artur-N-G5044-P600044.t34">ostal</event>
			<event start="Artur-N-G5044-P600044.t35.w0" end="Artur-N-G5044-P600044.t35.w1">poslušaj</event>
			<event start="Artur-N-G5044-P600044.t35.w1" end="Artur-N-G5044-P600044.t35.w2">ti</event>
			<event start="Artur-N-G5044-P600044.t35.w2" end="Artur-N-G5044-P600044.t35.w3">tisti</event>
			<event start="Artur-N-G5044-P600044.t35.w3" end="Artur-N-G5044-P600044.t35.w4">pohod</event>
			<event start="Artur-N-G5044-P600044.t35.w4" end="Artur-N-G5044-P600044.t35.w5">na</event>
			<event start="Artur-N-G5044-P600044.t35.w5" end="Artur-N-G5044-P600044.t35.w6">Kamniško</event>
			<event start="Artur-N-G5044-P600044.t35.w6" end="Artur-N-G5044-P600044.t35.w7">sedlo</event>
			<event start="Artur-N-G5044-P600044.t35.w7" end="Artur-N-G5044-P600044.t35.w8">smo</event>
			<event start="Artur-N-G5044-P600044.t35.w8" end="Artur-N-G5044-P600044.t35.w9">šli</event>
			<event start="Artur-N-G5044-P600044.t35.w9" end="Artur-N-G5044-P600044.t35.w10">pa</event>
			<event start="Artur-N-G5044-P600044.t35.w10" end="Artur-N-G5044-P600044.t35.w11">iz</event>
			<event start="Artur-N-G5044-P600044.t35.w11" end="Artur-N-G5044-P600044.t35.w12">Kamniške</event>
			<event start="Artur-N-G5044-P600044.t35.w12" end="Artur-N-G5044-P600044.t35.w13">Bistrice</event>
			<event start="Artur-N-G5044-P600044.t35.w13" end="Artur-N-G5044-P600044.t36">gor</event>
			<event start="Artur-N-G5044-P600044.t36.w0" end="Artur-N-G5044-P600044.t36.w1">pol</event>
			<event start="Artur-N-G5044-P600044.t36.w1" end="Artur-N-G5044-P600044.t36.w2">smo</event>
			<event start="Artur-N-G5044-P600044.t36.w2" end="Artur-N-G5044-P600044.t36.w3">pa</event>
			<event start="Artur-N-G5044-P600044.t36.w3" end="Artur-N-G5044-P600044.t36.w4">reševali</event>
			<event start="Artur-N-G5044-P600044.t36.w4" end="Artur-N-G5044-P600044.t36.w5">eno</event>
			<event start="Artur-N-G5044-P600044.t36.w5" end="Artur-N-G5044-P600044.t36.w6">žensko</event>
			<event start="Artur-N-G5044-P600044.t36.w6" end="Artur-N-G5044-P600044.t36.w7">smo</event>
			<event start="Artur-N-G5044-P600044.t36.w7" end="Artur-N-G5044-P600044.t36.w8">jo</event>
			<event start="Artur-N-G5044-P600044.t36.w8" end="Artur-N-G5044-P600044.t36.w9">nesli</event>
			<event start="Artur-N-G5044-P600044.t36.w9" end="Artur-N-G5044-P600044.t36.w10">na</event>
			<event start="Artur-N-G5044-P600044.t36.w10" end="Artur-N-G5044-P600044.t36.w11">oni</event>
			<event start="Artur-N-G5044-P600044.t36.w11" end="Artur-N-G5044-P600044.t36.w12">kraj</event>
			<event start="Artur-N-G5044-P600044.t36.w12" end="Artur-N-G5044-P600044.t36.w13">na</event>
			<event start="Artur-N-G5044-P600044.t36.w13" end="Artur-N-G5044-P600044.t36.w14">Okrešelj</event>
			<event start="Artur-N-G5044-P600044.t36.w14" end="Artur-N-G5044-P600044.t36.w15">si</event>
			<event start="Artur-N-G5044-P600044.t36.w15" end="Artur-N-G5044-P600044.t36.w16">je</event>
			<event start="Artur-N-G5044-P600044.t36.w16" end="Artur-N-G5044-P600044.t36.w17">nogo</event>
			<event start="Artur-N-G5044-P600044.t36.w17" end="Artur-N-G5044-P600044.t36.w18">zvila</event>
			<event start="Artur-N-G5044-P600044.t36.w18" end="Artur-N-G5044-P600044.t36.w19">na</event>
			<event start="Artur-N-G5044-P600044.t36.w19" end="Artur-N-G5044-P600044.t36.w20">Okrešlju</event>
			<event start="Artur-N-G5044-P600044.t36.w20" end="Artur-N-G5044-P600044.t36.w21">pa</event>
			<event start="Artur-N-G5044-P600044.t36.w21" end="Artur-N-G5044-P600044.t36.w22">iz</event>
			<event start="Artur-N-G5044-P600044.t36.w22" end="Artur-N-G5044-P600044.t36.w23">Okrešlja</event>
			<event start="Artur-N-G5044-P600044.t36.w23" end="Artur-N-G5044-P600044.t37">dol</event>
			<event start="Artur-N-G5044-P600044.t37.w0" end="Artur-N-G5044-P600044.t37.w1">do</event>
			<event start="Artur-N-G5044-P600044.t37.w1" end="Artur-N-G5044-P600044.t38">Rinke</event>
			<event start="Artur-N-G5044-P600044.t39.w0" end="Artur-N-G5044-P600044.t39.w1">na</event>
			<event start="Artur-N-G5044-P600044.t39.w1" end="Artur-N-G5044-P600044.t39.w2">oni</event>
			<event start="Artur-N-G5044-P600044.t39.w2" end="Artur-N-G5044-P600044.t39.w3">strani</event>
			<event start="Artur-N-G5044-P600044.t39.w3" end="Artur-N-G5044-P600044.t40">dol</event>
			<event start="Artur-N-G5044-P600044.t40.w0" end="Artur-N-G5044-P600044.t40.w1">na</event>
			<event start="Artur-N-G5044-P600044.t40.w1" end="Artur-N-G5044-P600044.t40.w2">Okrešelj</event>
			<event start="Artur-N-G5044-P600044.t40.w2" end="Artur-N-G5044-P600044.t40.w3">pa</event>
			<event start="Artur-N-G5044-P600044.t40.w3" end="Artur-N-G5044-P600044.t40.w4">na</event>
			<event start="Artur-N-G5044-P600044.t40.w4" end="Artur-N-G5044-P600044.t40.w5">Rinko</event>
			<event start="Artur-N-G5044-P600044.t40.w5" end="Artur-N-G5044-P600044.t40.w6">v</event>
			<event start="Artur-N-G5044-P600044.t40.w6" end="Artur-N-G5044-P600044.t40.w7">Savinjsko</event>
			<event start="Artur-N-G5044-P600044.t40.w7" end="Artur-N-G5044-P600044.t40.w8">v</event>
			<event start="Artur-N-G5044-P600044.t40.w8" end="Artur-N-G5044-P600044.t41">Logarsko</event>
			<event start="Artur-N-G5044-P600044.t41.w0" end="Artur-N-G5044-P600044.t41.w1">zdaj</event>
			<event start="Artur-N-G5044-P600044.t41.w1" end="Artur-N-G5044-P600044.t41.w2">pa</event>
			<event start="Artur-N-G5044-P600044.t41.w2" end="Artur-N-G5044-P600044.t41.w3">tako</event>
			<event start="Artur-N-G5044-P600044.t41.w3" end="Artur-N-G5044-P600044.t41.w4">glej</event>
			<event start="Artur-N-G5044-P600044.t41.w4" end="Artur-N-G5044-P600044.t41.w5">ko</event>
			<event start="Artur-N-G5044-P600044.t41.w5" end="Artur-N-G5044-P600044.t41.w6">boš</event>
			<event start="Artur-N-G5044-P600044.t41.w6" end="Artur-N-G5044-P600044.t42">govoril</event>
			<event start="Artur-N-G5044-P600044.t42.w0" end="Artur-N-G5044-P600044.t42.w1">tako</event>
			<event start="Artur-N-G5044-P600044.t42.w1" end="Artur-N-G5044-P600044.t42.w2">počakaj</event>
			<event start="Artur-N-G5044-P600044.t42.w2" end="Artur-N-G5044-P600044.t42.w3">da</event>
			<event start="Artur-N-G5044-P600044.t42.w3" end="Artur-N-G5044-P600044.t42.w4">jaz</event>
			<event start="Artur-N-G5044-P600044.t42.w4" end="Artur-N-G5044-P600044.t42.w5">do</event>
			<event start="Artur-N-G5044-P600044.t42.w5" end="Artur-N-G5044-P600044.t42.w6">konca</event>
			<event start="Artur-N-G5044-P600044.t42.w6" end="Artur-N-G5044-P600044.t42.w7">povem</event>
			<event start="Artur-N-G5044-P600044.t42.w7" end="Artur-N-G5044-P600044.t42.w8">pol</event>
			<event start="Artur-N-G5044-P600044.t42.w8" end="Artur-N-G5044-P600044.t42.w9">pa</event>
			<event start="Artur-N-G5044-P600044.t42.w9" end="Artur-N-G5044-P600044.t42.w10">začni</event>
			<event start="Artur-N-G5044-P600044.t42.w10" end="Artur-N-G5044-P600044.t42.w11">govoriti</event>
			<event start="Artur-N-G5044-P600044.t42.w11" end="Artur-N-G5044-P600044.t42.w12">in</event>
			<event start="Artur-N-G5044-P600044.t42.w12" end="Artur-N-G5044-P600044.t42.w13">ne</event>
			<event start="Artur-N-G5044-P600044.t42.w13" end="Artur-N-G5044-P600044.t42.w14">skači</event>
			<event start="Artur-N-G5044-P600044.t42.w14" end="Artur-N-G5044-P600044.t42.w15">mi</event>
			<event start="Artur-N-G5044-P600044.t42.w15" end="Artur-N-G5044-P600044.t42.w16">v</event>
			<event start="Artur-N-G5044-P600044.t42.w16" end="Artur-N-G5044-P600044.t43">besedo</event>
			<event start="Artur-N-G5044-P600044.t43.w0" end="Artur-N-G5044-P600044.t43.w1">to</event>
			<event start="Artur-N-G5044-P600044.t43.w1" end="Artur-N-G5044-P600044.t43.w2">je</event>
			<event start="Artur-N-G5044-P600044.t43.w2" end="Artur-N-G5044-P600044.t43.w3">tudi</event>
			<event start="Artur-N-G5044-P600044.t43.w3" end="Artur-N-G5044-P600044.t43.w4">stvar</event>
			<event start="Artur-N-G5044-P600044.t43.w4" end="Artur-N-G5044-P600044.t43.w5">tega</event>
			<event start="Artur-N-G5044-P600044.t43.w5" end="Artur-N-G5044-P600044.t43.w6">dogovora</event>
			<event start="Artur-N-G5044-P600044.t43.w6" end="Artur-N-G5044-P600044.t43.w7">zdaj</event>
			<event start="Artur-N-G5044-P600044.t43.w7" end="Artur-N-G5044-P600044.t44">pa</event>
			<event start="Artur-N-G5044-P600044.t43.w8" end="Artur-N-G5044-P600044.t47">govori</event>
			<event start="Artur-N-G5044-P600044.t47.w0" end="Artur-N-G5044-P600044.t47.w1">ponavadi</event>
			<event start="Artur-N-G5044-P600044.t47.w1" end="Artur-N-G5044-P600044.t47.w2">se</event>
			<event start="Artur-N-G5044-P600044.t47.w2" end="Artur-N-G5044-P600044.t47.w3">je</event>
			<event start="Artur-N-G5044-P600044.t47.w3" end="Artur-N-G5044-P600044.t47.w4">iz</event>
			<event start="Artur-N-G5044-P600044.t47.w4" end="Artur-N-G5044-P600044.t47.w5">železarne</event>
			<event start="Artur-N-G5044-P600044.t47.w5" end="Artur-N-G5044-P600044.t47.w6">šlo</event>
			<event start="Artur-N-G5044-P600044.t47.w6" end="Artur-N-G5044-P600044.t47.w7">kadar</event>
			<event start="Artur-N-G5044-P600044.t47.w7" end="Artur-N-G5044-P600044.t47.w8">se</event>
			<event start="Artur-N-G5044-P600044.t47.w8" end="Artur-N-G5044-P600044.t47.w9">je</event>
			<event start="Artur-N-G5044-P600044.t47.w9" end="Artur-N-G5044-P600044.t47.w10">šlo</event>
			<event start="Artur-N-G5044-P600044.t47.w10" end="Artur-N-G5044-P600044.t47.w11">trije</event>
			<event start="Artur-N-G5044-P600044.t47.w11" end="Artur-N-G5044-P600044.t47.w12">avtobusi</event>
			<event start="Artur-N-G5044-P600044.t47.w12" end="Artur-N-G5044-P600044.t48">minimalno</event>
			<event start="Artur-N-G5044-P600044.t49.w0" end="Artur-N-G5044-P600044.t49.w1">se</event>
			<event start="Artur-N-G5044-P600044.t49.w1" end="Artur-N-G5044-P600044.t49.w2">spomnim</event>
			<event start="Artur-N-G5044-P600044.t49.w2" end="Artur-N-G5044-P600044.t49.w3">ta zadnjih</event>
			<event start="Artur-N-G5044-P600044.t49.w3" end="Artur-N-G5044-P600044.t49.w4">pohodov</event>
			<event start="Artur-N-G5044-P600044.t49.w4" end="Artur-N-G5044-P600044.t49.w5">na</event>
			<event start="Artur-N-G5044-P600044.t49.w5" end="Artur-N-G5044-P600044.t49.w6">Triglav</event>
			<event start="Artur-N-G5044-P600044.t49.w6" end="Artur-N-G5044-P600044.t49.w7">je</event>
			<event start="Artur-N-G5044-P600044.t49.w7" end="Artur-N-G5044-P600044.t49.w8">bilo</event>
			<event start="Artur-N-G5044-P600044.t49.w8" end="Artur-N-G5044-P600044.t49.w9">tudi</event>
			<event start="Artur-N-G5044-P600044.t49.w9" end="Artur-N-G5044-P600044.t49.w10">en</event>
			<event start="Artur-N-G5044-P600044.t49.w10" end="Artur-N-G5044-P600044.t49.w11">maksimalno</event>
			<event start="Artur-N-G5044-P600044.t49.w11" end="Artur-N-G5044-P600044.t49.w12">število</event>
			<event start="Artur-N-G5044-P600044.t49.w12" end="Artur-N-G5044-P600044.t49.w13">po</event>
			<event start="Artur-N-G5044-P600044.t49.w13" end="Artur-N-G5044-P600044.t49.w14">pet</event>
			<event start="Artur-N-G5044-P600044.t49.w14" end="Artur-N-G5044-P600044.t49.w15">avtobusov</event>
			<event start="Artur-N-G5044-P600044.t49.w15" end="Artur-N-G5044-P600044.t49.w16">iz</event>
			<event start="Artur-N-G5044-P600044.t49.w16" end="Artur-N-G5044-P600044.t49.w17">Železarne</event>
			<event start="Artur-N-G5044-P600044.t49.w17" end="Artur-N-G5044-P600044.t50">Ravne</event>
			<event start="Artur-N-G5044-P600044.t50.w0" end="Artur-N-G5044-P600044.t50.w1">zaradi</event>
			<event start="Artur-N-G5044-P600044.t50.w1" end="Artur-N-G5044-P600044.t50.w2">tega</event>
			<event start="Artur-N-G5044-P600044.t50.w2" end="Artur-N-G5044-P600044.t50.w3">ker</event>
			<event start="Artur-N-G5044-P600044.t50.w3" end="Artur-N-G5044-P600044.t50.w4">so</event>
			<event start="Artur-N-G5044-P600044.t50.w4" end="Artur-N-G5044-P600044.t50.w5">bili</event>
			<event start="Artur-N-G5044-P600044.t50.w5" end="Artur-N-G5044-P600044.t50.w6">problemi</event>
			<event start="Artur-N-G5044-P600044.t50.w6" end="Artur-N-G5044-P600044.t50.w7">v</event>
			<event start="Artur-N-G5044-P600044.t50.w7" end="Artur-N-G5044-P600044.t50.w8">Julijcih</event>
			<event start="Artur-N-G5044-P600044.t50.w8" end="Artur-N-G5044-P600044.t50.w9">kje</event>
			<event start="Artur-N-G5044-P600044.t50.w9" end="Artur-N-G5044-P600044.t50.w10">vse</event>
			<event start="Artur-N-G5044-P600044.t50.w10" end="Artur-N-G5044-P600044.t51">spati</event>
			<event start="Artur-N-G5044-P600044.t51.w0" end="Artur-N-G5044-P600044.t51.w1">spali</event>
			<event start="Artur-N-G5044-P600044.t51.w1" end="Artur-N-G5044-P600044.t51.w2">ste</event>
			<event start="Artur-N-G5044-P600044.t51.w2" end="Artur-N-G5044-P600044.t52">pa</event>
			<event start="Artur-N-G5044-P600044.t52.w0" end="Artur-N-G5044-P600044.t52.w1">na</event>
			<event start="Artur-N-G5044-P600044.t52.w1" end="Artur-N-G5044-P600044.t52.w2">Planiki</event>
			<event start="Artur-N-G5044-P600044.t52.w2" end="Artur-N-G5044-P600044.t52.w3">na</event>
			<event start="Artur-N-G5044-P600044.t52.w3" end="Artur-N-G5044-P600044.t52.w4">Staničevi</event>
			<event start="Artur-N-G5044-P600044.t52.w4" end="Artur-N-G5044-P600044.t52.w5">koči</event>
			<event start="Artur-N-G5044-P600044.t52.w5" end="Artur-N-G5044-P600044.t52.w6">pa</event>
			<event start="Artur-N-G5044-P600044.t52.w6" end="Artur-N-G5044-P600044.t52.w7">tudi</event>
			<event start="Artur-N-G5044-P600044.t52.w7" end="Artur-N-G5044-P600044.t52.w8">na</event>
			<event start="Artur-N-G5044-P600044.t52.w8" end="Artur-N-G5044-P600044.t53">Kredarici</event>
			<event start="Artur-N-G5044-P600044.t52.w9" end="Artur-N-G5044-P600044.t52.w10">to</event>
			<event start="Artur-N-G5044-P600044.t52.w10" end="Artur-N-G5044-P600044.t52.w11">je</event>
			<event start="Artur-N-G5044-P600044.t52.w11" end="Artur-N-G5044-P600044.t52.w12">bila</event>
			<event start="Artur-N-G5044-P600044.t52.w12" end="Artur-N-G5044-P600044.t56">invazija</event>
			<event start="Artur-N-G5044-P600044.t56.w0" end="Artur-N-G5044-P600044.t56.w1">drugi</event>
			<event start="Artur-N-G5044-P600044.t56.w1" end="Artur-N-G5044-P600044.t56.w2">dan</event>
			<event start="Artur-N-G5044-P600044.t56.w2" end="Artur-N-G5044-P600044.t56.w3">drugi</event>
			<event start="Artur-N-G5044-P600044.t56.w3" end="Artur-N-G5044-P600044.t56.w4">dan</event>
			<event start="Artur-N-G5044-P600044.t56.w4" end="Artur-N-G5044-P600044.t56.w5">se</event>
			<event start="Artur-N-G5044-P600044.t56.w5" end="Artur-N-G5044-P600044.t56.w6">je</event>
			<event start="Artur-N-G5044-P600044.t56.w6" end="Artur-N-G5044-P600044.t56.w7">hodilo</event>
			<event start="Artur-N-G5044-P600044.t56.w7" end="Artur-N-G5044-P600044.t56.w8">vse</event>
			<event start="Artur-N-G5044-P600044.t56.w8" end="Artur-N-G5044-P600044.t57">ja</event>
			<event start="Artur-N-G5044-P600044.t57.w0" end="Artur-N-G5044-P600044.t57.w1">tako</event>
			<event start="Artur-N-G5044-P600044.t57.w1" end="Artur-N-G5044-P600044.t57.w2">da</event>
			<event start="Artur-N-G5044-P600044.t57.w2" end="Artur-N-G5044-P600044.t57.w3">smo</event>
			<event start="Artur-N-G5044-P600044.t57.w3" end="Artur-N-G5044-P600044.t57.w4">šli</event>
			<event start="Artur-N-G5044-P600044.t57.w4" end="Artur-N-G5044-P600044.t57.w5">na</event>
			<event start="Artur-N-G5044-P600044.t57.w5" end="Artur-N-G5044-P600044.t57.w6">vrh</event>
			<event start="Artur-N-G5044-P600044.t57.w6" end="Artur-N-G5044-P600044.t58">Triglava</event>
			<event start="Artur-N-G5044-P600044.t58.w0" end="Artur-N-G5044-P600044.t58.w1">pol</event>
			<event start="Artur-N-G5044-P600044.t58.w1" end="Artur-N-G5044-P600044.t58.w2">smo</event>
			<event start="Artur-N-G5044-P600044.t58.w2" end="Artur-N-G5044-P600044.t58.w3">pa</event>
			<event start="Artur-N-G5044-P600044.t58.w3" end="Artur-N-G5044-P600044.t58.w4">sestopili</event>
			<event start="Artur-N-G5044-P600044.t58.w4" end="Artur-N-G5044-P600044.t58.w5">ponavadi</event>
			<event start="Artur-N-G5044-P600044.t58.w5" end="Artur-N-G5044-P600044.t58.w6">v</event>
			<event start="Artur-N-G5044-P600044.t58.w6" end="Artur-N-G5044-P600044.t58.w7">Vrata</event>
			<event start="Artur-N-G5044-P600044.t58.w7" end="Artur-N-G5044-P600044.t58.w8">ali</event>
			<event start="Artur-N-G5044-P600044.t58.w8" end="Artur-N-G5044-P600044.t58.w9">v</event>
			<event start="Artur-N-G5044-P600044.t58.w9" end="Artur-N-G5044-P600044.t59">Krmo</event>
			<event start="Artur-N-G5044-P600044.t59.w0" end="Artur-N-G5044-P600044.t59.w1">ne</event>
			<event start="Artur-N-G5044-P600044.t59.w1" end="Artur-N-G5044-P600044.t59.w2">vem</event>
			<event start="Artur-N-G5044-P600044.t59.w2" end="Artur-N-G5044-P600044.t59.w3">a</event>
			<event start="Artur-N-G5044-P600044.t59.w3" end="Artur-N-G5044-P600044.t59.w4">na</event>
			<event start="Artur-N-G5044-P600044.t59.w4" end="Artur-N-G5044-P600044.t59.w5">Pokljuko</event>
			<event start="Artur-N-G5044-P600044.t59.w5" end="Artur-N-G5044-P600044.t60">nazaj</event>
			<event start="Artur-N-G5044-P600044.t60.w0" end="Artur-N-G5044-P600044.t60.w1">Enkrat</event>
			<event start="Artur-N-G5044-P600044.t60.w1" end="Artur-N-G5044-P600044.t60.w2">smo</event>
			<event start="Artur-N-G5044-P600044.t60.w2" end="Artur-N-G5044-P600044.t60.w3">šli</event>
			<event start="Artur-N-G5044-P600044.t60.w3" end="Artur-N-G5044-P600044.t60.w4">celo</event>
			<event start="Artur-N-G5044-P600044.t60.w4" end="Artur-N-G5044-P600044.t60.w5">v</event>
			<event start="Artur-N-G5044-P600044.t60.w5" end="Artur-N-G5044-P600044.t61">Kot</event>
			<event start="Artur-N-G5044-P600044.t61.w0" end="Artur-N-G5044-P600044.t61.w1">to</event>
			<event start="Artur-N-G5044-P600044.t61.w1" end="Artur-N-G5044-P600044.t61.w2">je</event>
			<event start="Artur-N-G5044-P600044.t61.w2" end="Artur-N-G5044-P600044.t61.w3">pa</event>
			<event start="Artur-N-G5044-P600044.t61.w3" end="Artur-N-G5044-P600044.t61.w4">ena</event>
			<event start="Artur-N-G5044-P600044.t61.w4" end="Artur-N-G5044-P600044.t61.w5">dolina</event>
			<event start="Artur-N-G5044-P600044.t61.w5" end="Artur-N-G5044-P600044.t61.w6">pod</event>
			<event start="Artur-N-G5044-P600044.t61.w6" end="Artur-N-G5044-P600044.t61.w7">Rjavino</event>
			<event start="Artur-N-G5044-P600044.t61.w7" end="Artur-N-G5044-P600044.t61.w8">pa</event>
			<event start="Artur-N-G5044-P600044.t61.w8" end="Artur-N-G5044-P600044.t61.w9">tam</event>
			<event start="Artur-N-G5044-P600044.t61.w9" end="Artur-N-G5044-P600044.t61.w10">zadaj</event>
			<event start="Artur-N-G5044-P600044.t61.w10" end="Artur-N-G5044-P600044.t61.w11">noter</event>
			<event start="Artur-N-G5044-P600044.t61.w11" end="Artur-N-G5044-P600044.t62">eee</event>
			<event start="Artur-N-G5044-P600044.t63.w0" end="Artur-N-G5044-P600044.t63.w1">to</event>
			<event start="Artur-N-G5044-P600044.t63.w1" end="Artur-N-G5044-P600044.t63.w2">je</event>
			<event start="Artur-N-G5044-P600044.t63.w2" end="Artur-N-G5044-P600044.t64">e</event>
			<event start="Artur-N-G5044-P600044.t64.w0" end="Artur-N-G5044-P600044.t65">js…</event>
			<event start="Artur-N-G5044-P600044.t65.w0" end="Artur-N-G5044-P600044.t65.w1">Planinsko</event>
			<event start="Artur-N-G5044-P600044.t65.w1" end="Artur-N-G5044-P600044.t66">društvo</event>
			<event start="Artur-N-G5044-P600044.t66.w0" end="Artur-N-G5044-P600044.t66.w1">eee</event>
			<event start="Artur-N-G5044-P600044.t66.w1" end="Artur-N-G5044-P600044.t66.w2">Jesenice</event>
			<event start="Artur-N-G5044-P600044.t66.w2" end="Artur-N-G5044-P600044.t66.w3">upravlja</event>
			<event start="Artur-N-G5044-P600044.t66.w3" end="Artur-N-G5044-P600044.t66.w4">s</event>
			<event start="Artur-N-G5044-P600044.t66.w4" end="Artur-N-G5044-P600044.t66.w5">tisto</event>
			<event start="Artur-N-G5044-P600044.t66.w5" end="Artur-N-G5044-P600044.t66.w6">kočo</event>
			<event start="Artur-N-G5044-P600044.t66.w6" end="Artur-N-G5044-P600044.t66.w7">drugače</event>
			<event start="Artur-N-G5044-P600044.t66.w7" end="Artur-N-G5044-P600044.t66.w8">je</event>
			<event start="Artur-N-G5044-P600044.t66.w8" end="Artur-N-G5044-P600044.t66.w9">pa</event>
			<event start="Artur-N-G5044-P600044.t66.w9" end="Artur-N-G5044-P600044.t66.w10">to</event>
			<event start="Artur-N-G5044-P600044.t66.w10" end="Artur-N-G5044-P600044.t66.w11">koča</event>
			<event start="Artur-N-G5044-P600044.t66.w11" end="Artur-N-G5044-P600044.t66.w12">v</event>
			<event start="Artur-N-G5044-P600044.t66.w12" end="Artur-N-G5044-P600044.t67">Zgornji</event>
			<event start="Artur-N-G5044-P600044.t66.w13" end="Artur-N-G5044-P600044.t69">Radgoni</event>
		</tier>
		<tier id="2" category="additional" speaker="Artur-N-G5044" type="t" display-name="Artur-N-G5044 [additional]"/>
		<tier id="3" category="disfluencyType" speaker="Artur-N-G5044" type="a" display-name="Artur-N-G5044 [disfluencyType]"/>
		<tier id="4" category="disfluencyStructure" speaker="Artur-N-G5044" type="a" display-name="Artur-N-G5044 [disfluencyStructure]"/>
	</basic-body>
</basic-transcription>
