<?xml version='1.0' encoding='UTF-8'?>
<basic-transcription>
	<head>
		<meta-information>
			<project-name/>
			<transcription-name/>
			<referenced-file url="Iriss-N-G5036-P600034-avd.wav"/>
			<ud-meta-information/>
			<comment>Compiled from Gos2.1 TEI version of IRISS on 2023-10-05 16:04:58.156909</comment>
			<transcription-convention/>
		</meta-information>
		<speakertable>
			<speaker id="Artur-N-G5036">
				<abbreviation>Artur-N-G5036</abbreviation>
			</speaker>
		</speakertable>
	</head>
	<basic-body>
		<common-timeline>
			<tli id="Artur-N-G5036-P600034.t2" time="14.208"/>
			<tli id="Artur-N-G5036-P600034.t2.w0" time="14.428"/>
			<tli id="Artur-N-G5036-P600034.t2.w1" time="14.758"/>
			<tli id="Artur-N-G5036-P600034.t2.w2" time="14.888"/>
			<tli id="Artur-N-G5036-P600034.t2.w3" time="15.038"/>
			<tli id="Artur-N-G5036-P600034.t2.w4" time="15.208"/>
			<tli id="Artur-N-G5036-P600034.t2.w5" time="15.298"/>
			<tli id="Artur-N-G5036-P600034.t3" time="16.190"/>
			<tli id="Artur-N-G5036-P600034.t3.w0" time="16.460"/>
			<tli id="Artur-N-G5036-P600034.t3.w1" time="17.040"/>
			<tli id="Artur-N-G5036-P600034.t4" time="18.647"/>
			<tli id="Artur-N-G5036-P600034.t4.w0" time="18.677"/>
			<tli id="Artur-N-G5036-P600034.t4.w1" time="18.967"/>
			<tli id="Artur-N-G5036-P600034.t4.w2" time="19.427"/>
			<tli id="Artur-N-G5036-P600034.t4.w3" time="20.007"/>
			<tli id="Artur-N-G5036-P600034.t4.w4" time="20.187"/>
			<tli id="Artur-N-G5036-P600034.t5" time="21.255"/>
			<tli id="Artur-N-G5036-P600034.t5.w0" time="21.505"/>
			<tli id="Artur-N-G5036-P600034.t5.w1" time="21.695"/>
			<tli id="Artur-N-G5036-P600034.t6" time="22.633"/>
			<tli id="Artur-N-G5036-P600034.t6.w0" time="22.783"/>
			<tli id="Artur-N-G5036-P600034.t7" time="23.313"/>
			<tli id="Artur-N-G5036-P600034.t8.w0" time="23.924"/>
			<tli id="Artur-N-G5036-P600034.t9" time="24.229"/>
			<tli id="Artur-N-G5036-P600034.t10.w0" time="24.948"/>
			<tli id="Artur-N-G5036-P600034.t11" time="25.480"/>
			<tli id="Artur-N-G5036-P600034.t12.w0" time="26.944"/>
			<tli id="Artur-N-G5036-P600034.t13" time="28.012"/>
			<tli id="Artur-N-G5036-P600034.t13.w0" time="28.142"/>
			<tli id="Artur-N-G5036-P600034.t13.w1" time="28.382"/>
			<tli id="Artur-N-G5036-P600034.t13.w2" time="28.462"/>
			<tli id="Artur-N-G5036-P600034.t13.w3" time="28.632"/>
			<tli id="Artur-N-G5036-P600034.t13.w4" time="28.832"/>
			<tli id="Artur-N-G5036-P600034.t13.w5" time="29.532"/>
			<tli id="Artur-N-G5036-P600034.t14" time="30.338"/>
			<tli id="Artur-N-G5036-P600034.t14.w0" time="30.458"/>
			<tli id="Artur-N-G5036-P600034.t14.w1" time="30.848"/>
			<tli id="Artur-N-G5036-P600034.t14.w2" time="31.008"/>
			<tli id="Artur-N-G5036-P600034.t14.w3" time="31.168"/>
			<tli id="Artur-N-G5036-P600034.t14.w4" time="31.308"/>
			<tli id="Artur-N-G5036-P600034.t15" time="33.010"/>
			<tli id="Artur-N-G5036-P600034.t16.w0" time="36.175"/>
			<tli id="Artur-N-G5036-P600034.t16.w1" time="36.365"/>
			<tli id="Artur-N-G5036-P600034.t16.w2" time="36.435"/>
			<tli id="Artur-N-G5036-P600034.t17" time="37.482"/>
			<tli id="Artur-N-G5036-P600034.t17.w0" time="37.602"/>
			<tli id="Artur-N-G5036-P600034.t17.w1" time="37.732"/>
			<tli id="Artur-N-G5036-P600034.t17.w2" time="38.022"/>
			<tli id="Artur-N-G5036-P600034.t17.w3" time="38.122"/>
			<tli id="Artur-N-G5036-P600034.t18" time="38.827"/>
			<tli id="Artur-N-G5036-P600034.t18.w0" time="39.067"/>
			<tli id="Artur-N-G5036-P600034.t18.w1" time="39.207"/>
			<tli id="Artur-N-G5036-P600034.t18.w2" time="39.317"/>
			<tli id="Artur-N-G5036-P600034.t19" time="40.230"/>
			<tli id="Artur-N-G5036-P600034.t19.w0" time="40.390"/>
			<tli id="Artur-N-G5036-P600034.t19.w1" time="40.590"/>
			<tli id="Artur-N-G5036-P600034.t19.w2" time="40.920"/>
			<tli id="Artur-N-G5036-P600034.t19.w3" time="41.070"/>
			<tli id="Artur-N-G5036-P600034.t19.w4" time="41.320"/>
			<tli id="Artur-N-G5036-P600034.t19.w5" time="41.970"/>
			<tli id="Artur-N-G5036-P600034.t19.w6" time="42.100"/>
			<tli id="Artur-N-G5036-P600034.t19.w7" time="42.810"/>
			<tli id="Artur-N-G5036-P600034.t19.w8" time="42.940"/>
			<tli id="Artur-N-G5036-P600034.t19.w9" time="43.080"/>
			<tli id="Artur-N-G5036-P600034.t19.w10" time="43.390"/>
			<tli id="Artur-N-G5036-P600034.t20" time="44.115"/>
			<tli id="Artur-N-G5036-P600034.t20.w0" time="44.215"/>
			<tli id="Artur-N-G5036-P600034.t20.w1" time="44.685"/>
			<tli id="Artur-N-G5036-P600034.t20.w2" time="44.745"/>
			<tli id="Artur-N-G5036-P600034.t20.w3" time="45.085"/>
			<tli id="Artur-N-G5036-P600034.t21" time="46.573"/>
			<tli id="Artur-N-G5036-P600034.t21.w0" time="46.633"/>
			<tli id="Artur-N-G5036-P600034.t22" time="47.434"/>
			<tli id="Artur-N-G5036-P600034.t22.w0" time="47.534"/>
			<tli id="Artur-N-G5036-P600034.t22.w1" time="47.874"/>
			<tli id="Artur-N-G5036-P600034.t22.w2" time="47.984"/>
			<tli id="Artur-N-G5036-P600034.t22.w3" time="48.084"/>
			<tli id="Artur-N-G5036-P600034.t22.w4" time="48.184"/>
			<tli id="Artur-N-G5036-P600034.t22.w5" time="48.334"/>
			<tli id="Artur-N-G5036-P600034.t22.w6" time="48.624"/>
			<tli id="Artur-N-G5036-P600034.t23" time="51.253"/>
			<tli id="Artur-N-G5036-P600034.t22.w7" time="51.514"/>
			<tli id="Artur-N-G5036-P600034.t24" time="53.139"/>
			<tli id="Artur-N-G5036-P600034.t24.w0" time="53.269"/>
			<tli id="Artur-N-G5036-P600034.t24.w1" time="53.489"/>
			<tli id="Artur-N-G5036-P600034.t24.w2" time="53.829"/>
			<tli id="Artur-N-G5036-P600034.t24.w3" time="54.019"/>
			<tli id="Artur-N-G5036-P600034.t24.w4" time="54.249"/>
			<tli id="Artur-N-G5036-P600034.t25" time="55.803"/>
			<tli id="Artur-N-G5036-P600034.t25.w0" time="59.393"/>
			<tli id="Artur-N-G5036-P600034.t27" time="87.015"/>
			<tli id="Artur-N-G5036-P600034.t27.w0" time="87.065"/>
			<tli id="Artur-N-G5036-P600034.t27.w1" time="87.285"/>
			<tli id="Artur-N-G5036-P600034.t27.w2" time="87.455"/>
			<tli id="Artur-N-G5036-P600034.t27.w3" time="87.785"/>
			<tli id="Artur-N-G5036-P600034.t27.w4" time="88.015"/>
			<tli id="Artur-N-G5036-P600034.t28" time="89.332"/>
			<tli id="Artur-N-G5036-P600034.t28.w0" time="89.452"/>
			<tli id="Artur-N-G5036-P600034.t28.w1" time="89.612"/>
			<tli id="Artur-N-G5036-P600034.t28.w2" time="89.842"/>
			<tli id="Artur-N-G5036-P600034.t29" time="90.529"/>
			<tli id="Artur-N-G5036-P600034.t30.w0" time="95.286"/>
			<tli id="Artur-N-G5036-P600034.t30.w1" time="95.316"/>
			<tli id="Artur-N-G5036-P600034.t30.w2" time="95.716"/>
			<tli id="Artur-N-G5036-P600034.t30.w3" time="95.786"/>
			<tli id="Artur-N-G5036-P600034.t31" time="96.148"/>
			<tli id="Artur-N-G5036-P600034.t33.w0" time="103.577"/>
			<tli id="Artur-N-G5036-P600034.t33.w1" time="103.687"/>
			<tli id="Artur-N-G5036-P600034.t33.w2" time="103.857"/>
			<tli id="Artur-N-G5036-P600034.t33.w3" time="103.927"/>
			<tli id="Artur-N-G5036-P600034.t34" time="104.968"/>
			<tli id="Artur-N-G5036-P600034.t34.w0" time="105.038"/>
			<tli id="Artur-N-G5036-P600034.t34.w1" time="105.178"/>
			<tli id="Artur-N-G5036-P600034.t34.w2" time="105.258"/>
			<tli id="Artur-N-G5036-P600034.t34.w3" time="105.528"/>
			<tli id="Artur-N-G5036-P600034.t34.w4" time="105.618"/>
			<tli id="Artur-N-G5036-P600034.t34.w5" time="105.718"/>
			<tli id="Artur-N-G5036-P600034.t34.w6" time="106.148"/>
			<tli id="Artur-N-G5036-P600034.t35" time="107.202"/>
			<tli id="Artur-N-G5036-P600034.t35.w0" time="107.312"/>
			<tli id="Artur-N-G5036-P600034.t35.w1" time="107.392"/>
			<tli id="Artur-N-G5036-P600034.t36" time="108.541"/>
			<tli id="Artur-N-G5036-P600034.t36.w0" time="108.801"/>
			<tli id="Artur-N-G5036-P600034.t36.w1" time="109.271"/>
			<tli id="Artur-N-G5036-P600034.t36.w2" time="109.581"/>
			<tli id="Artur-N-G5036-P600034.t37" time="110.701"/>
			<tli id="Artur-N-G5036-P600034.t37.w0" time="110.731"/>
			<tli id="Artur-N-G5036-P600034.t37.w1" time="110.841"/>
			<tli id="Artur-N-G5036-P600034.t37.w2" time="111.021"/>
			<tli id="Artur-N-G5036-P600034.t37.w3" time="111.441"/>
			<tli id="Artur-N-G5036-P600034.t37.w4" time="111.511"/>
			<tli id="Artur-N-G5036-P600034.t37.w5" time="111.971"/>
			<tli id="Artur-N-G5036-P600034.t37.w6" time="112.221"/>
			<tli id="Artur-N-G5036-P600034.t37.w7" time="112.341"/>
			<tli id="Artur-N-G5036-P600034.t37.w8" time="112.431"/>
			<tli id="Artur-N-G5036-P600034.t38" time="113.389"/>
			<tli id="Artur-N-G5036-P600034.t38.w0" time="113.559"/>
			<tli id="Artur-N-G5036-P600034.t39" time="114.606"/>
			<tli id="Artur-N-G5036-P600034.t39.w0" time="114.866"/>
			<tli id="Artur-N-G5036-P600034.t39.w1" time="114.996"/>
			<tli id="Artur-N-G5036-P600034.t39.w2" time="115.246"/>
			<tli id="Artur-N-G5036-P600034.t39.w3" time="115.346"/>
			<tli id="Artur-N-G5036-P600034.t39.w4" time="115.586"/>
			<tli id="Artur-N-G5036-P600034.t40" time="116.308"/>
			<tli id="Artur-N-G5036-P600034.t40.w0" time="116.308"/>
			<tli id="Artur-N-G5036-P600034.t40.w1" time="116.580"/>
			<tli id="Artur-N-G5036-P600034.t40.w2" time="116.852"/>
			<tli id="Artur-N-G5036-P600034.t40.w3" time="117.124"/>
			<tli id="Artur-N-G5036-P600034.t40.w4" time="117.395"/>
			<tli id="Artur-N-G5036-P600034.t40.w5" time="117.667"/>
			<tli id="Artur-N-G5036-P600034.t40.w6" time="117.939"/>
			<tli id="Artur-N-G5036-P600034.t40.w7" time="118.211"/>
			<tli id="Artur-N-G5036-P600034.t40.w8" time="118.483"/>
			<tli id="Artur-N-G5036-P600034.t40.w9" time="118.755"/>
			<tli id="Artur-N-G5036-P600034.t40.w10" time="119.027"/>
			<tli id="Artur-N-G5036-P600034.t40.w11" time="119.299"/>
			<tli id="Artur-N-G5036-P600034.t40.w12" time="119.571"/>
			<tli id="Artur-N-G5036-P600034.t40.w13" time="119.842"/>
			<tli id="Artur-N-G5036-P600034.t40.w14" time="120.114"/>
			<tli id="Artur-N-G5036-P600034.t40.w15" time="120.386"/>
			<tli id="Artur-N-G5036-P600034.t41" time="120.658"/>
			<tli id="Artur-N-G5036-P600034.t41.w0" time="120.828"/>
			<tli id="Artur-N-G5036-P600034.t41.w1" time="120.918"/>
			<tli id="Artur-N-G5036-P600034.t42" time="122.115"/>
			<tli id="Artur-N-G5036-P600034.t42.w0" time="122.315"/>
			<tli id="Artur-N-G5036-P600034.t42.w1" time="122.465"/>
			<tli id="Artur-N-G5036-P600034.t42.w2" time="122.835"/>
			<tli id="Artur-N-G5036-P600034.t42.w3" time="123.165"/>
			<tli id="Artur-N-G5036-P600034.t43" time="123.834"/>
			<tli id="Artur-N-G5036-P600034.t44.w0" time="124.541"/>
			<tli id="Artur-N-G5036-P600034.t44.w1" time="124.784"/>
			<tli id="Artur-N-G5036-P600034.t44.w2" time="125.027"/>
			<tli id="Artur-N-G5036-P600034.t44.w3" time="125.270"/>
			<tli id="Artur-N-G5036-P600034.t44.w4" time="125.513"/>
			<tli id="Artur-N-G5036-P600034.t44.w5" time="125.756"/>
			<tli id="Artur-N-G5036-P600034.t44.w6" time="125.999"/>
			<tli id="Artur-N-G5036-P600034.t44.w7" time="126.242"/>
			<tli id="Artur-N-G5036-P600034.t44.w8" time="126.486"/>
			<tli id="Artur-N-G5036-P600034.t44.w9" time="126.729"/>
			<tli id="Artur-N-G5036-P600034.t44.w10" time="126.972"/>
			<tli id="Artur-N-G5036-P600034.t44.w11" time="127.215"/>
			<tli id="Artur-N-G5036-P600034.t44.w12" time="127.458"/>
			<tli id="Artur-N-G5036-P600034.t44.w13" time="127.701"/>
			<tli id="Artur-N-G5036-P600034.t44.w14" time="127.944"/>
			<tli id="Artur-N-G5036-P600034.t44.w15" time="128.187"/>
			<tli id="Artur-N-G5036-P600034.t45" time="128.430"/>
			<tli id="Artur-N-G5036-P600034.t45.w0" time="128.520"/>
			<tli id="Artur-N-G5036-P600034.t45.w1" time="128.890"/>
			<tli id="Artur-N-G5036-P600034.t45.w2" time="129.040"/>
			<tli id="Artur-N-G5036-P600034.t45.w3" time="129.100"/>
			<tli id="Artur-N-G5036-P600034.t45.w4" time="129.440"/>
			<tli id="Artur-N-G5036-P600034.t45.w5" time="129.750"/>
			<tli id="Artur-N-G5036-P600034.t45.w6" time="130.010"/>
			<tli id="Artur-N-G5036-P600034.t45.w7" time="130.190"/>
			<tli id="Artur-N-G5036-P600034.t45.w8" time="130.470"/>
			<tli id="Artur-N-G5036-P600034.t46" time="131.704"/>
			<tli id="Artur-N-G5036-P600034.t47.w0" time="151.836"/>
			<tli id="Artur-N-G5036-P600034.t48" time="152.277"/>
			<tli id="Artur-N-G5036-P600034.t49.w0" time="159.506"/>
			<tli id="Artur-N-G5036-P600034.t49.w1" time="159.786"/>
			<tli id="Artur-N-G5036-P600034.t49.w2" time="160.246"/>
			<tli id="Artur-N-G5036-P600034.t49.w3" time="160.486"/>
			<tli id="Artur-N-G5036-P600034.t50" time="160.834"/>
			<tli id="Artur-N-G5036-P600034.t51.w0" time="162.971"/>
			<tli id="Artur-N-G5036-P600034.t51.w1" time="163.141"/>
			<tli id="Artur-N-G5036-P600034.t51.w2" time="163.251"/>
			<tli id="Artur-N-G5036-P600034.t51.w3" time="163.561"/>
			<tli id="Artur-N-G5036-P600034.t51.w4" time="163.681"/>
			<tli id="Artur-N-G5036-P600034.t51.w5" time="163.821"/>
			<tli id="Artur-N-G5036-P600034.t51.w6" time="163.931"/>
			<tli id="Artur-N-G5036-P600034.t51.w7" time="164.261"/>
			<tli id="Artur-N-G5036-P600034.t51.w8" time="164.401"/>
			<tli id="Artur-N-G5036-P600034.t51.w9" time="164.511"/>
			<tli id="Artur-N-G5036-P600034.t51.w10" time="164.671"/>
			<tli id="Artur-N-G5036-P600034.t51.w11" time="165.021"/>
			<tli id="Artur-N-G5036-P600034.t51.w12" time="165.121"/>
			<tli id="Artur-N-G5036-P600034.t51.w13" time="165.251"/>
			<tli id="Artur-N-G5036-P600034.t51.w14" time="165.381"/>
			<tli id="Artur-N-G5036-P600034.t51.w15" time="165.621"/>
			<tli id="Artur-N-G5036-P600034.t51.w16" time="165.891"/>
			<tli id="Artur-N-G5036-P600034.t52" time="166.989"/>
			<tli id="Artur-N-G5036-P600034.t52.w0" time="167.039"/>
			<tli id="Artur-N-G5036-P600034.t52.w1" time="167.789"/>
			<tli id="Artur-N-G5036-P600034.t52.w2" time="168.009"/>
			<tli id="Artur-N-G5036-P600034.t52.w3" time="168.069"/>
			<tli id="Artur-N-G5036-P600034.t52.w4" time="168.379"/>
			<tli id="Artur-N-G5036-P600034.t52.w5" time="168.629"/>
			<tli id="Artur-N-G5036-P600034.t52.w6" time="169.019"/>
			<tli id="Artur-N-G5036-P600034.t52.w7" time="169.269"/>
			<tli id="Artur-N-G5036-P600034.t53" time="170.263"/>
			<tli id="Artur-N-G5036-P600034.t53.w0" time="170.413"/>
			<tli id="Artur-N-G5036-P600034.t53.w1" time="171.233"/>
			<tli id="Artur-N-G5036-P600034.t53.w2" time="171.613"/>
			<tli id="Artur-N-G5036-P600034.t53.w3" time="172.143"/>
			<tli id="Artur-N-G5036-P600034.t53.w4" time="172.233"/>
			<tli id="Artur-N-G5036-P600034.t53.w5" time="172.363"/>
			<tli id="Artur-N-G5036-P600034.t54" time="173.514"/>
			<tli id="Artur-N-G5036-P600034.t54.w0" time="173.554"/>
			<tli id="Artur-N-G5036-P600034.t54.w1" time="173.984"/>
			<tli id="Artur-N-G5036-P600034.t54.w2" time="174.564"/>
			<tli id="Artur-N-G5036-P600034.t54.w3" time="174.994"/>
			<tli id="Artur-N-G5036-P600034.t54.w4" time="175.154"/>
			<tli id="Artur-N-G5036-P600034.t54.w5" time="175.374"/>
			<tli id="Artur-N-G5036-P600034.t54.w6" time="176.004"/>
			<tli id="Artur-N-G5036-P600034.t54.w7" time="176.334"/>
			<tli id="Artur-N-G5036-P600034.t54.w8" time="176.584"/>
			<tli id="Artur-N-G5036-P600034.t54.w9" time="176.954"/>
			<tli id="Artur-N-G5036-P600034.t55" time="177.684"/>
			<tli id="Artur-N-G5036-P600034.t55.w0" time="177.834"/>
			<tli id="Artur-N-G5036-P600034.t55.w1" time="178.004"/>
			<tli id="Artur-N-G5036-P600034.t55.w2" time="178.144"/>
			<tli id="Artur-N-G5036-P600034.t55.w3" time="178.274"/>
			<tli id="Artur-N-G5036-P600034.t55.w4" time="178.474"/>
			<tli id="Artur-N-G5036-P600034.t55.w5" time="178.764"/>
			<tli id="Artur-N-G5036-P600034.t55.w6" time="178.844"/>
			<tli id="Artur-N-G5036-P600034.t55.w7" time="179.294"/>
			<tli id="Artur-N-G5036-P600034.t56" time="180.268"/>
			<tli id="Artur-N-G5036-P600034.t56.w0" time="180.368"/>
			<tli id="Artur-N-G5036-P600034.t56.w1" time="180.878"/>
			<tli id="Artur-N-G5036-P600034.t56.w2" time="181.238"/>
			<tli id="Artur-N-G5036-P600034.t56.w3" time="181.518"/>
			<tli id="Artur-N-G5036-P600034.t57" time="182.333"/>
			<tli id="Artur-N-G5036-P600034.t57.w0" time="182.463"/>
			<tli id="Artur-N-G5036-P600034.t57.w1" time="182.773"/>
			<tli id="Artur-N-G5036-P600034.t57.w2" time="183.753"/>
			<tli id="Artur-N-G5036-P600034.t57.w3" time="184.103"/>
			<tli id="Artur-N-G5036-P600034.t57.w4" time="184.433"/>
			<tli id="Artur-N-G5036-P600034.t58" time="185.101"/>
			<tli id="Artur-N-G5036-P600034.t58.w0" time="185.151"/>
			<tli id="Artur-N-G5036-P600034.t58.w1" time="185.861"/>
			<tli id="Artur-N-G5036-P600034.t58.w2" time="186.701"/>
			<tli id="Artur-N-G5036-P600034.t58.w3" time="186.891"/>
			<tli id="Artur-N-G5036-P600034.t58.w4" time="187.071"/>
			<tli id="Artur-N-G5036-P600034.t58.w5" time="187.231"/>
			<tli id="Artur-N-G5036-P600034.t58.w6" time="187.331"/>
			<tli id="Artur-N-G5036-P600034.t58.w7" time="187.581"/>
			<tli id="Artur-N-G5036-P600034.t58.w8" time="187.981"/>
			<tli id="Artur-N-G5036-P600034.t58.w9" time="188.101"/>
			<tli id="Artur-N-G5036-P600034.t58.w10" time="188.221"/>
			<tli id="Artur-N-G5036-P600034.t58.w11" time="188.351"/>
			<tli id="Artur-N-G5036-P600034.t58.w12" time="188.551"/>
			<tli id="Artur-N-G5036-P600034.t58.w13" time="188.811"/>
			<tli id="Artur-N-G5036-P600034.t59" time="189.600"/>
			<tli id="Artur-N-G5036-P600034.t59.w0" time="189.860"/>
			<tli id="Artur-N-G5036-P600034.t59.w1" time="189.990"/>
			<tli id="Artur-N-G5036-P600034.t59.w2" time="190.150"/>
			<tli id="Artur-N-G5036-P600034.t59.w3" time="190.280"/>
			<tli id="Artur-N-G5036-P600034.t59.w4" time="190.380"/>
			<tli id="Artur-N-G5036-P600034.t59.w5" time="190.630"/>
			<tli id="Artur-N-G5036-P600034.t59.w6" time="190.750"/>
			<tli id="Artur-N-G5036-P600034.t59.w7" time="191.120"/>
			<tli id="Artur-N-G5036-P600034.t59.w8" time="191.520"/>
			<tli id="Artur-N-G5036-P600034.t59.w9" time="191.740"/>
			<tli id="Artur-N-G5036-P600034.t59.w10" time="192.030"/>
			<tli id="Artur-N-G5036-P600034.t59.w11" time="192.340"/>
			<tli id="Artur-N-G5036-P600034.t60" time="192.980"/>
			<tli id="Artur-N-G5036-P600034.t60.w0" time="193.160"/>
			<tli id="Artur-N-G5036-P600034.t60.w1" time="193.270"/>
			<tli id="Artur-N-G5036-P600034.t60.w2" time="193.430"/>
			<tli id="Artur-N-G5036-P600034.t60.w3" time="193.580"/>
			<tli id="Artur-N-G5036-P600034.t60.w4" time="193.830"/>
			<tli id="Artur-N-G5036-P600034.t60.w5" time="193.940"/>
			<tli id="Artur-N-G5036-P600034.t60.w6" time="194.470"/>
			<tli id="Artur-N-G5036-P600034.t60.w7" time="194.820"/>
			<tli id="Artur-N-G5036-P600034.t60.w8" time="194.890"/>
			<tli id="Artur-N-G5036-P600034.t60.w9" time="195.160"/>
			<tli id="Artur-N-G5036-P600034.t61" time="195.995"/>
			<tli id="Artur-N-G5036-P600034.t61.w0" time="196.085"/>
			<tli id="Artur-N-G5036-P600034.t61.w1" time="196.285"/>
			<tli id="Artur-N-G5036-P600034.t61.w2" time="196.475"/>
			<tli id="Artur-N-G5036-P600034.t61.w3" time="196.605"/>
			<tli id="Artur-N-G5036-P600034.t61.w4" time="196.715"/>
			<tli id="Artur-N-G5036-P600034.t61.w5" time="196.825"/>
			<tli id="Artur-N-G5036-P600034.t61.w6" time="197.005"/>
			<tli id="Artur-N-G5036-P600034.t61.w7" time="197.295"/>
			<tli id="Artur-N-G5036-P600034.t61.w8" time="197.665"/>
			<tli id="Artur-N-G5036-P600034.t61.w9" time="198.215"/>
			<tli id="Artur-N-G5036-P600034.t61.w10" time="198.465"/>
			<tli id="Artur-N-G5036-P600034.t61.w11" time="198.865"/>
			<tli id="Artur-N-G5036-P600034.t61.w12" time="199.005"/>
			<tli id="Artur-N-G5036-P600034.t61.w13" time="199.155"/>
			<tli id="Artur-N-G5036-P600034.t61.w14" time="199.325"/>
			<tli id="Artur-N-G5036-P600034.t61.w15" time="199.685"/>
			<tli id="Artur-N-G5036-P600034.t61.w16" time="200.035"/>
			<tli id="Artur-N-G5036-P600034.t61.w17" time="200.695"/>
			<tli id="Artur-N-G5036-P600034.t61.w18" time="200.885"/>
			<tli id="Artur-N-G5036-P600034.t61.w19" time="201.065"/>
			<tli id="Artur-N-G5036-P600034.t61.w20" time="201.335"/>
			<tli id="Artur-N-G5036-P600034.t61.w21" time="201.455"/>
			<tli id="Artur-N-G5036-P600034.t61.w22" time="201.795"/>
			<tli id="Artur-N-G5036-P600034.t61.w23" time="201.995"/>
			<tli id="Artur-N-G5036-P600034.t62" time="203.135"/>
			<tli id="Artur-N-G5036-P600034.t61.w24" time="226.115"/>
			<tli id="Artur-N-G5036-P600034.t63" time="233.670"/>
			<tli id="Artur-N-G5036-P600034.t63.w0" time="233.890"/>
			<tli id="Artur-N-G5036-P600034.t63.w1" time="234.160"/>
			<tli id="Artur-N-G5036-P600034.t63.w2" time="234.250"/>
			<tli id="Artur-N-G5036-P600034.t63.w3" time="234.680"/>
			<tli id="Artur-N-G5036-P600034.t63.w4" time="234.890"/>
			<tli id="Artur-N-G5036-P600034.t63.w5" time="235.040"/>
			<tli id="Artur-N-G5036-P600034.t63.w6" time="235.250"/>
			<tli id="Artur-N-G5036-P600034.t63.w7" time="235.530"/>
			<tli id="Artur-N-G5036-P600034.t63.w8" time="236.260"/>
			<tli id="Artur-N-G5036-P600034.t63.w9" time="236.510"/>
			<tli id="Artur-N-G5036-P600034.t63.w10" time="236.750"/>
			<tli id="Artur-N-G5036-P600034.t63.w11" time="237.530"/>
			<tli id="Artur-N-G5036-P600034.t63.w12" time="237.660"/>
			<tli id="Artur-N-G5036-P600034.t63.w13" time="238.450"/>
			<tli id="Artur-N-G5036-P600034.t64" time="239.205"/>
			<tli id="Artur-N-G5036-P600034.t64.w0" time="239.405"/>
			<tli id="Artur-N-G5036-P600034.t64.w1" time="239.565"/>
			<tli id="Artur-N-G5036-P600034.t64.w2" time="240.265"/>
			<tli id="Artur-N-G5036-P600034.t64.w3" time="240.425"/>
			<tli id="Artur-N-G5036-P600034.t64.w4" time="240.765"/>
			<tli id="Artur-N-G5036-P600034.t65" time="242.416"/>
			<tli id="Artur-N-G5036-P600034.t66.w0" time="251.481"/>
			<tli id="Artur-N-G5036-P600034.t66.w1" time="251.621"/>
			<tli id="Artur-N-G5036-P600034.t66.w2" time="251.731"/>
			<tli id="Artur-N-G5036-P600034.t66.w3" time="251.811"/>
			<tli id="Artur-N-G5036-P600034.t67" time="252.838"/>
			<tli id="Artur-N-G5036-P600034.t66.w4" time="264.761"/>
			<tli id="Artur-N-G5036-P600034.t68" time="271.134"/>
			<tli id="Artur-N-G5036-P600034.t68.w0" time="271.314"/>
			<tli id="Artur-N-G5036-P600034.t68.w1" time="271.644"/>
			<tli id="Artur-N-G5036-P600034.t68.w2" time="271.854"/>
			<tli id="Artur-N-G5036-P600034.t68.w3" time="271.984"/>
			<tli id="Artur-N-G5036-P600034.t68.w4" time="272.124"/>
			<tli id="Artur-N-G5036-P600034.t68.w5" time="272.534"/>
			<tli id="Artur-N-G5036-P600034.t69" time="272.960"/>
			<tli id="Artur-N-G5036-P600034.t69.w0" time="273.200"/>
			<tli id="Artur-N-G5036-P600034.t69.w1" time="273.560"/>
			<tli id="Artur-N-G5036-P600034.t69.w2" time="273.950"/>
			<tli id="Artur-N-G5036-P600034.t69.w3" time="274.240"/>
			<tli id="Artur-N-G5036-P600034.t69.w4" time="274.320"/>
			<tli id="Artur-N-G5036-P600034.t69.w5" time="275.000"/>
			<tli id="Artur-N-G5036-P600034.t70" time="276.043"/>
			<tli id="Artur-N-G5036-P600034.t70.w0" time="276.253"/>
			<tli id="Artur-N-G5036-P600034.t70.w1" time="276.613"/>
			<tli id="Artur-N-G5036-P600034.t70.w2" time="276.773"/>
			<tli id="Artur-N-G5036-P600034.t71" time="277.979"/>
			<tli id="Artur-N-G5036-P600034.t72.w0" time="304.356"/>
			<tli id="Artur-N-G5036-P600034.t72.w1" time="304.486"/>
			<tli id="Artur-N-G5036-P600034.t72.w2" time="304.576"/>
			<tli id="Artur-N-G5036-P600034.t72.w3" time="304.816"/>
			<tli id="Artur-N-G5036-P600034.t72.w4" time="305.156"/>
			<tli id="Artur-N-G5036-P600034.t72.w5" time="305.396"/>
			<tli id="Artur-N-G5036-P600034.t73" time="306.985"/>
			<tli id="Artur-N-G5036-P600034.t75.w0" time="319.014"/>
			<tli id="Artur-N-G5036-P600034.t75.w1" time="319.824"/>
			<tli id="Artur-N-G5036-P600034.t75.w2" time="326.054"/>
			<tli id="Artur-N-G5036-P600034.t75.w3" time="330.794"/>
			<tli id="Artur-N-G5036-P600034.t75.w4" time="331.214"/>
			<tli id="Artur-N-G5036-P600034.t78" time="332.175"/>
		</common-timeline>
		<tier id="0" category="v" speaker="Artur-N-G5036" type="t" display-name="Artur-N-G5036">
			<event start="Artur-N-G5036-P600034.t2.w0" end="Artur-N-G5036-P600034.t2.w1">ja</event>
			<event start="Artur-N-G5036-P600034.t2.w1" end="Artur-N-G5036-P600034.t2.w2">ko</event>
			<event start="Artur-N-G5036-P600034.t2.w2" end="Artur-N-G5036-P600034.t2.w3">sma</event>
			<event start="Artur-N-G5036-P600034.t2.w3" end="Artur-N-G5036-P600034.t2.w4">šla</event>
			<event start="Artur-N-G5036-P600034.t2.w4" end="Artur-N-G5036-P600034.t2.w5">na</event>
			<event start="Artur-N-G5036-P600034.t2.w5" end="Artur-N-G5036-P600034.t3">Triglaf</event>
			<event start="Artur-N-G5036-P600034.t3.w0" end="Artur-N-G5036-P600034.t3.w1">enodnevno</event>
			<event start="Artur-N-G5036-P600034.t3.w1" end="Artur-N-G5036-P600034.t4">turo</event>
			<event start="Artur-N-G5036-P600034.t4.w0" end="Artur-N-G5036-P600034.t4.w1">in</event>
			<event start="Artur-N-G5036-P600034.t4.w1" end="Artur-N-G5036-P600034.t4.w2">sma</event>
			<event start="Artur-N-G5036-P600034.t4.w2" end="Artur-N-G5036-P600034.t4.w3">štartala</event>
			<event start="Artur-N-G5036-P600034.t4.w3" end="Artur-N-G5036-P600034.t4.w4">ob</event>
			<event start="Artur-N-G5036-P600034.t4.w4" end="Artur-N-G5036-P600034.t5">dveh</event>
			<event start="Artur-N-G5036-P600034.t5.w0" end="Artur-N-G5036-P600034.t5.w1">od</event>
			<event start="Artur-N-G5036-P600034.t5.w1" end="Artur-N-G5036-P600034.t6">dome</event>
			<event start="Artur-N-G5036-P600034.t6.w0" end="Artur-N-G5036-P600034.t7">ne</event>
			<event start="Artur-N-G5036-P600034.t8.w0" end="Artur-N-G5036-P600034.t9">ja</event>
			<event start="Artur-N-G5036-P600034.t10.w0" end="Artur-N-G5036-P600034.t11">dveh</event>
			<event start="Artur-N-G5036-P600034.t12.w0" end="Artur-N-G5036-P600034.t13">Ja</event>
			<event start="Artur-N-G5036-P600034.t13.w0" end="Artur-N-G5036-P600034.t13.w1">ja</event>
			<event start="Artur-N-G5036-P600034.t13.w1" end="Artur-N-G5036-P600034.t13.w2">in</event>
			<event start="Artur-N-G5036-P600034.t13.w2" end="Artur-N-G5036-P600034.t13.w3">si</event>
			<event start="Artur-N-G5036-P600034.t13.w3" end="Artur-N-G5036-P600034.t13.w4">ti</event>
			<event start="Artur-N-G5036-P600034.t13.w4" end="Artur-N-G5036-P600034.t13.w5">voza</event>
			<event start="Artur-N-G5036-P600034.t13.w5" end="Artur-N-G5036-P600034.t14">do</event>
			<event start="Artur-N-G5036-P600034.t14.w0" end="Artur-N-G5036-P600034.t14.w1">kod</event>
			<event start="Artur-N-G5036-P600034.t14.w1" end="Artur-N-G5036-P600034.t14.w2">ki</event>
			<event start="Artur-N-G5036-P600034.t14.w2" end="Artur-N-G5036-P600034.t14.w3">sma</event>
			<event start="Artur-N-G5036-P600034.t14.w3" end="Artur-N-G5036-P600034.t14.w4">se</event>
			<event start="Artur-N-G5036-P600034.t14.w4" end="Artur-N-G5036-P600034.t15">zamenjala</event>
			<event start="Artur-N-G5036-P600034.t16.w0" end="Artur-N-G5036-P600034.t16.w1">bla</event>
			<event start="Artur-N-G5036-P600034.t16.w1" end="Artur-N-G5036-P600034.t16.w2">je</event>
			<event start="Artur-N-G5036-P600034.t16.w2" end="Artur-N-G5036-P600034.t17">megla</event>
			<event start="Artur-N-G5036-P600034.t17.w0" end="Artur-N-G5036-P600034.t17.w1">pa</event>
			<event start="Artur-N-G5036-P600034.t17.w1" end="Artur-N-G5036-P600034.t17.w2">mokro</event>
			<event start="Artur-N-G5036-P600034.t17.w2" end="Artur-N-G5036-P600034.t17.w3">je</event>
			<event start="Artur-N-G5036-P600034.t17.w3" end="Artur-N-G5036-P600034.t18">blo</event>
			<event start="Artur-N-G5036-P600034.t18.w0" end="Artur-N-G5036-P600034.t18.w1">kar</event>
			<event start="Artur-N-G5036-P600034.t18.w1" end="Artur-N-G5036-P600034.t18.w2">se</event>
			<event start="Artur-N-G5036-P600034.t18.w2" end="Artur-N-G5036-P600034.t19">spunəm</event>
			<event start="Artur-N-G5036-P600034.t19.w0" end="Artur-N-G5036-P600034.t19.w1">zato</event>
			<event start="Artur-N-G5036-P600034.t19.w1" end="Artur-N-G5036-P600034.t19.w2">ker</event>
			<event start="Artur-N-G5036-P600034.t19.w2" end="Artur-N-G5036-P600034.t19.w3">te</event>
			<event start="Artur-N-G5036-P600034.t19.w3" end="Artur-N-G5036-P600034.t19.w4">koməj</event>
			<event start="Artur-N-G5036-P600034.t19.w4" end="Artur-N-G5036-P600034.t19.w5">ceniš</event>
			<event start="Artur-N-G5036-P600034.t19.w5" end="Artur-N-G5036-P600034.t19.w6">suho</event>
			<event start="Artur-N-G5036-P600034.t19.w6" end="Artur-N-G5036-P600034.t19.w7">cesto</event>
			<event start="Artur-N-G5036-P600034.t19.w7" end="Artur-N-G5036-P600034.t19.w8">ko</event>
			<event start="Artur-N-G5036-P600034.t19.w8" end="Artur-N-G5036-P600034.t19.w9">se</event>
			<event start="Artur-N-G5036-P600034.t19.w9" end="Artur-N-G5036-P600034.t19.w10">moreš</event>
			<event start="Artur-N-G5036-P600034.t19.w10" end="Artur-N-G5036-P600034.t20">po</event>
			<event start="Artur-N-G5036-P600034.t20.w0" end="Artur-N-G5036-P600034.t20.w1">mokri</event>
			<event start="Artur-N-G5036-P600034.t20.w1" end="Artur-N-G5036-P600034.t20.w2">pa</event>
			<event start="Artur-N-G5036-P600034.t20.w2" end="Artur-N-G5036-P600034.t20.w3">megleni</event>
			<event start="Artur-N-G5036-P600034.t20.w3" end="Artur-N-G5036-P600034.t21">voziti</event>
			<event start="Artur-N-G5036-P600034.t21.w0" end="Artur-N-G5036-P600034.t22">in</event>
			<event start="Artur-N-G5036-P600034.t22.w0" end="Artur-N-G5036-P600034.t22.w1">ja</event>
			<event start="Artur-N-G5036-P600034.t22.w1" end="Artur-N-G5036-P600034.t22.w2">te</event>
			<event start="Artur-N-G5036-P600034.t22.w2" end="Artur-N-G5036-P600034.t22.w3">pa</event>
			<event start="Artur-N-G5036-P600034.t22.w3" end="Artur-N-G5036-P600034.t22.w4">səm</event>
			<event start="Artur-N-G5036-P600034.t22.w4" end="Artur-N-G5036-P600034.t22.w5">jaz</event>
			<event start="Artur-N-G5036-P600034.t22.w5" end="Artur-N-G5036-P600034.t22.w6">vozo</event>
			<event start="Artur-N-G5036-P600034.t22.w6" end="Artur-N-G5036-P600034.t23">do</event>
			<event start="Artur-N-G5036-P600034.t22.w7" end="Artur-N-G5036-P600034.t24">Pokljuke</event>
			<event start="Artur-N-G5036-P600034.t24.w0" end="Artur-N-G5036-P600034.t24.w1">še</event>
			<event start="Artur-N-G5036-P600034.t24.w1" end="Artur-N-G5036-P600034.t24.w2">jelene</event>
			<event start="Artur-N-G5036-P600034.t24.w2" end="Artur-N-G5036-P600034.t24.w3">sma</event>
			<event start="Artur-N-G5036-P600034.t24.w3" end="Artur-N-G5036-P600034.t24.w4">vidla</event>
			<event start="Artur-N-G5036-P600034.t24.w4" end="Artur-N-G5036-P600034.t25">mezmes</event>
			<event start="Artur-N-G5036-P600034.t25.w0" end="Artur-N-G5036-P600034.t27">mmm</event>
			<event start="Artur-N-G5036-P600034.t27.w0" end="Artur-N-G5036-P600034.t27.w1">Samo</event>
			<event start="Artur-N-G5036-P600034.t27.w1" end="Artur-N-G5036-P600034.t27.w2">sma</event>
			<event start="Artur-N-G5036-P600034.t27.w2" end="Artur-N-G5036-P600034.t27.w3">fejst</event>
			<event start="Artur-N-G5036-P600034.t27.w3" end="Artur-N-G5036-P600034.t27.w4">dobro</event>
			<event start="Artur-N-G5036-P600034.t27.w4" end="Artur-N-G5036-P600034.t28">zdržala</event>
			<event start="Artur-N-G5036-P600034.t28.w0" end="Artur-N-G5036-P600034.t28.w1">se</event>
			<event start="Artur-N-G5036-P600034.t28.w1" end="Artur-N-G5036-P600034.t28.w2">meni</event>
			<event start="Artur-N-G5036-P600034.t28.w2" end="Artur-N-G5036-P600034.t29">zdi</event>
			<event start="Artur-N-G5036-P600034.t30.w0" end="Artur-N-G5036-P600034.t30.w1">z</event>
			<event start="Artur-N-G5036-P600034.t30.w1" end="Artur-N-G5036-P600034.t30.w2">deklinami</event>
			<event start="Artur-N-G5036-P600034.t30.w2" end="Artur-N-G5036-P600034.t30.w3">v</event>
			<event start="Artur-N-G5036-P600034.t30.w3" end="Artur-N-G5036-P600034.t31">misli</event>
			<event start="Artur-N-G5036-P600034.t33.w0" end="Artur-N-G5036-P600034.t33.w1">ja</event>
			<event start="Artur-N-G5036-P600034.t33.w1" end="Artur-N-G5036-P600034.t33.w2">mene</event>
			<event start="Artur-N-G5036-P600034.t33.w2" end="Artur-N-G5036-P600034.t33.w3">je</event>
			<event start="Artur-N-G5036-P600034.t33.w3" end="Artur-N-G5036-P600034.t34">presenetlo</event>
			<event start="Artur-N-G5036-P600034.t34.w0" end="Artur-N-G5036-P600034.t34.w1">jəs</event>
			<event start="Artur-N-G5036-P600034.t34.w1" end="Artur-N-G5036-P600034.t34.w2">sn</event>
			<event start="Artur-N-G5036-P600034.t34.w2" end="Artur-N-G5036-P600034.t34.w3">mislo</event>
			<event start="Artur-N-G5036-P600034.t34.w3" end="Artur-N-G5036-P600034.t34.w4">ke</event>
			<event start="Artur-N-G5036-P600034.t34.w4" end="Artur-N-G5036-P600034.t34.w5">de</event>
			<event start="Artur-N-G5036-P600034.t34.w5" end="Artur-N-G5036-P600034.t34.w6">bol</event>
			<event start="Artur-N-G5036-P600034.t34.w6" end="Artur-N-G5036-P600034.t35">naporno</event>
			<event start="Artur-N-G5036-P600034.t35.w0" end="Artur-N-G5036-P600034.t35.w1">f</event>
			<event start="Artur-N-G5036-P600034.t35.w1" end="Artur-N-G5036-P600034.t36">smisle</event>
			<event start="Artur-N-G5036-P600034.t36.w0" end="Artur-N-G5036-P600034.t36.w1">vožnje</event>
			<event start="Artur-N-G5036-P600034.t36.w1" end="Artur-N-G5036-P600034.t36.w2">še</event>
			<event start="Artur-N-G5036-P600034.t36.w2" end="Artur-N-G5036-P600034.t37">dodatne</event>
			<event start="Artur-N-G5036-P600034.t37.w0" end="Artur-N-G5036-P600034.t37.w1">kər</event>
			<event start="Artur-N-G5036-P600034.t37.w1" end="Artur-N-G5036-P600034.t37.w2">če</event>
			<event start="Artur-N-G5036-P600034.t37.w2" end="Artur-N-G5036-P600034.t37.w3">gledaš</event>
			<event start="Artur-N-G5036-P600034.t37.w3" end="Artur-N-G5036-P600034.t37.w4">je</event>
			<event start="Artur-N-G5036-P600034.t37.w4" end="Artur-N-G5036-P600034.t37.w5">šti…</event>
			<event start="Artur-N-G5036-P600034.t37.w5" end="Artur-N-G5036-P600034.t37.w6">tri</event>
			<event start="Artur-N-G5036-P600034.t37.w6" end="Artur-N-G5036-P600034.t37.w7">vure</event>
			<event start="Artur-N-G5036-P600034.t37.w7" end="Artur-N-G5036-P600034.t37.w8">pa</event>
			<event start="Artur-N-G5036-P600034.t37.w8" end="Artur-N-G5036-P600034.t38">pol</event>
			<event start="Artur-N-G5036-P600034.t38.w0" end="Artur-N-G5036-P600034.t39">ne</event>
			<event start="Artur-N-G5036-P600034.t39.w0" end="Artur-N-G5036-P600034.t39.w1">in</event>
			<event start="Artur-N-G5036-P600034.t39.w1" end="Artur-N-G5036-P600034.t39.w2">ja</event>
			<event start="Artur-N-G5036-P600034.t39.w2" end="Artur-N-G5036-P600034.t39.w3">je</event>
			<event start="Artur-N-G5036-P600034.t39.w3" end="Artur-N-G5036-P600034.t39.w4">mene</event>
			<event start="Artur-N-G5036-P600034.t39.w4" end="Artur-N-G5036-P600034.t40">presenetlo</event>
			<event start="Artur-N-G5036-P600034.t40.w0" end="Artur-N-G5036-P600034.t40.w1">kə</event>
			<event start="Artur-N-G5036-P600034.t40.w1" end="Artur-N-G5036-P600034.t40.w2">sn…</event>
			<event start="Artur-N-G5036-P600034.t40.w2" end="Artur-N-G5036-P600034.t40.w3">jaz</event>
			<event start="Artur-N-G5036-P600034.t40.w3" end="Artur-N-G5036-P600034.t40.w4">sn</event>
			<event start="Artur-N-G5036-P600034.t40.w4" end="Artur-N-G5036-P600034.t40.w5">sploh</event>
			<event start="Artur-N-G5036-P600034.t40.w5" end="Artur-N-G5036-P600034.t40.w6">ne</event>
			<event start="Artur-N-G5036-P600034.t40.w6" end="Artur-N-G5036-P600034.t40.w7">bil</event>
			<event start="Artur-N-G5036-P600034.t40.w7" end="Artur-N-G5036-P600034.t40.w8">utrujeni</event>
			<event start="Artur-N-G5036-P600034.t40.w8" end="Artur-N-G5036-P600034.t40.w9">pa</event>
			<event start="Artur-N-G5036-P600034.t40.w9" end="Artur-N-G5036-P600034.t40.w10">ti</event>
			<event start="Artur-N-G5036-P600034.t40.w10" end="Artur-N-G5036-P600034.t40.w11">si</event>
			<event start="Artur-N-G5036-P600034.t40.w11" end="Artur-N-G5036-P600034.t40.w12">vərjetno</event>
			<event start="Artur-N-G5036-P600034.t40.w12" end="Artur-N-G5036-P600034.t40.w13">tui</event>
			<event start="Artur-N-G5036-P600034.t40.w13" end="Artur-N-G5036-P600034.t40.w14">ne</event>
			<event start="Artur-N-G5036-P600034.t40.w14" end="Artur-N-G5036-P600034.t40.w15">bia</event>
			<event start="Artur-N-G5036-P600034.t40.w15" end="Artur-N-G5036-P600034.t41">ne</event>
			<event start="Artur-N-G5036-P600034.t41.w0" end="Artur-N-G5036-P600034.t41.w1">za</event>
			<event start="Artur-N-G5036-P600034.t41.w1" end="Artur-N-G5036-P600034.t42">vožjo</event>
			<event start="Artur-N-G5036-P600034.t42.w0" end="Artur-N-G5036-P600034.t42.w1">pa</event>
			<event start="Artur-N-G5036-P600034.t42.w1" end="Artur-N-G5036-P600034.t42.w2">radara</event>
			<event start="Artur-N-G5036-P600034.t42.w2" end="Artur-N-G5036-P600034.t42.w3">nesma</event>
			<event start="Artur-N-G5036-P600034.t42.w3" end="Artur-N-G5036-P600034.t43">dobla</event>
			<event start="Artur-N-G5036-P600034.t44.w0" end="Artur-N-G5036-P600034.t44.w1">niti</event>
			<event start="Artur-N-G5036-P600034.t44.w1" end="Artur-N-G5036-P600034.t44.w2">za</event>
			<event start="Artur-N-G5036-P600034.t44.w2" end="Artur-N-G5036-P600034.t44.w3">hojo</event>
			<event start="Artur-N-G5036-P600034.t44.w3" end="Artur-N-G5036-P600034.t44.w4">ne</event>
			<event start="Artur-N-G5036-P600034.t44.w4" end="Artur-N-G5036-P600034.t44.w5">jaz</event>
			<event start="Artur-N-G5036-P600034.t44.w5" end="Artur-N-G5036-P600034.t44.w6">sən</event>
			<event start="Artur-N-G5036-P600034.t44.w6" end="Artur-N-G5036-P600034.t44.w7">za</event>
			<event start="Artur-N-G5036-P600034.t44.w7" end="Artur-N-G5036-P600034.t44.w8">hojo</event>
			<event start="Artur-N-G5036-P600034.t44.w8" end="Artur-N-G5036-P600034.t44.w9">bio</event>
			<event start="Artur-N-G5036-P600034.t44.w9" end="Artur-N-G5036-P600034.t44.w10">bol</event>
			<event start="Artur-N-G5036-P600034.t44.w10" end="Artur-N-G5036-P600034.t44.w11">se</event>
			<event start="Artur-N-G5036-P600034.t44.w11" end="Artur-N-G5036-P600034.t44.w12">mi</event>
			<event start="Artur-N-G5036-P600034.t44.w12" end="Artur-N-G5036-P600034.t44.w13">zdi</event>
			<event start="Artur-N-G5036-P600034.t44.w13" end="Artur-N-G5036-P600034.t44.w14">kək</event>
			<event start="Artur-N-G5036-P600034.t44.w14" end="Artur-N-G5036-P600034.t44.w15">za</event>
			<event start="Artur-N-G5036-P600034.t44.w15" end="Artur-N-G5036-P600034.t45">vožjo</event>
			<event start="Artur-N-G5036-P600034.t45.w0" end="Artur-N-G5036-P600034.t45.w1">radar</event>
			<event start="Artur-N-G5036-P600034.t45.w1" end="Artur-N-G5036-P600034.t45.w2">naja</event>
			<event start="Artur-N-G5036-P600034.t45.w2" end="Artur-N-G5036-P600034.t45.w3">je</event>
			<event start="Artur-N-G5036-P600034.t45.w3" end="Artur-N-G5036-P600034.t45.w4">mogoče</event>
			<event start="Artur-N-G5036-P600034.t45.w4" end="Artur-N-G5036-P600034.t45.w5">slika</event>
			<event start="Artur-N-G5036-P600034.t45.w5" end="Artur-N-G5036-P600034.t45.w6">samo</event>
			<event start="Artur-N-G5036-P600034.t45.w6" end="Artur-N-G5036-P600034.t45.w7">nas</event>
			<event start="Artur-N-G5036-P600034.t45.w7" end="Artur-N-G5036-P600034.t45.w8">zgleda</event>
			<event start="Artur-N-G5036-P600034.t45.w8" end="Artur-N-G5036-P600034.t46">neje</event>
			<event start="Artur-N-G5036-P600034.t47.w0" end="Artur-N-G5036-P600034.t48">ja</event>
			<event start="Artur-N-G5036-P600034.t49.w0" end="Artur-N-G5036-P600034.t49.w1">ja</event>
			<event start="Artur-N-G5036-P600034.t49.w1" end="Artur-N-G5036-P600034.t49.w2">pa</event>
			<event start="Artur-N-G5036-P600034.t49.w2" end="Artur-N-G5036-P600034.t49.w3">predvsəm</event>
			<event start="Artur-N-G5036-P600034.t49.w3" end="Artur-N-G5036-P600034.t50">to</event>
			<event start="Artur-N-G5036-P600034.t51.w0" end="Artur-N-G5036-P600034.t51.w1">Ja</event>
			<event start="Artur-N-G5036-P600034.t51.w1" end="Artur-N-G5036-P600034.t51.w2">pa</event>
			<event start="Artur-N-G5036-P600034.t51.w2" end="Artur-N-G5036-P600034.t51.w3">predvsəm</event>
			<event start="Artur-N-G5036-P600034.t51.w3" end="Artur-N-G5036-P600034.t51.w4">to</event>
			<event start="Artur-N-G5036-P600034.t51.w4" end="Artur-N-G5036-P600034.t51.w5">se</event>
			<event start="Artur-N-G5036-P600034.t51.w5" end="Artur-N-G5036-P600034.t51.w6">mi</event>
			<event start="Artur-N-G5036-P600034.t51.w6" end="Artur-N-G5036-P600034.t51.w7">zdi</event>
			<event start="Artur-N-G5036-P600034.t51.w7" end="Artur-N-G5036-P600034.t51.w8">ka</event>
			<event start="Artur-N-G5036-P600034.t51.w8" end="Artur-N-G5036-P600034.t51.w9">səm</event>
			<event start="Artur-N-G5036-P600034.t51.w9" end="Artur-N-G5036-P600034.t51.w10">zaj</event>
			<event start="Artur-N-G5036-P600034.t51.w10" end="Artur-N-G5036-P600034.t51.w11">ugotova</event>
			<event start="Artur-N-G5036-P600034.t51.w11" end="Artur-N-G5036-P600034.t51.w12">ko</event>
			<event start="Artur-N-G5036-P600034.t51.w12" end="Artur-N-G5036-P600034.t51.w13">səm</event>
			<event start="Artur-N-G5036-P600034.t51.w13" end="Artur-N-G5036-P600034.t51.w14">se</event>
			<event start="Artur-N-G5036-P600034.t51.w14" end="Artur-N-G5036-P600034.t51.w15">iz</event>
			<event start="Artur-N-G5036-P600034.t51.w15" end="Artur-N-G5036-P600034.t51.w16">Avstrije</event>
			<event start="Artur-N-G5036-P600034.t51.w16" end="Artur-N-G5036-P600034.t52">vozo</event>
			<event start="Artur-N-G5036-P600034.t52.w0" end="Artur-N-G5036-P600034.t52.w1">da</event>
			<event start="Artur-N-G5036-P600034.t52.w1" end="Artur-N-G5036-P600034.t52.w2">bla</event>
			<event start="Artur-N-G5036-P600034.t52.w2" end="Artur-N-G5036-P600034.t52.w3">je</event>
			<event start="Artur-N-G5036-P600034.t52.w3" end="Artur-N-G5036-P600034.t52.w4">fseeno</event>
			<event start="Artur-N-G5036-P600034.t52.w4" end="Artur-N-G5036-P600034.t52.w5">duga</event>
			<event start="Artur-N-G5036-P600034.t52.w5" end="Artur-N-G5036-P600034.t52.w6">vožja</event>
			<event start="Artur-N-G5036-P600034.t52.w6" end="Artur-N-G5036-P600034.t52.w7">ne</event>
			<event start="Artur-N-G5036-P600034.t52.w7" end="Artur-N-G5036-P600034.t53">pač</event>
			<event start="Artur-N-G5036-P600034.t53.w0" end="Artur-N-G5036-P600034.t53.w1">tristo</event>
			<event start="Artur-N-G5036-P600034.t53.w1" end="Artur-N-G5036-P600034.t53.w2">trieste</event>
			<event start="Artur-N-G5036-P600034.t53.w2" end="Artur-N-G5036-P600034.t53.w3">kilometrov</event>
			<event start="Artur-N-G5036-P600034.t53.w3" end="Artur-N-G5036-P600034.t53.w4">v</event>
			<event start="Artur-N-G5036-P600034.t53.w4" end="Artur-N-G5036-P600034.t53.w5">eno</event>
			<event start="Artur-N-G5036-P600034.t53.w5" end="Artur-N-G5036-P600034.t54">stran</event>
			<event start="Artur-N-G5036-P600034.t54.w0" end="Artur-N-G5036-P600034.t54.w1">in</event>
			<event start="Artur-N-G5036-P600034.t54.w1" end="Artur-N-G5036-P600034.t54.w2">eee</event>
			<event start="Artur-N-G5036-P600034.t54.w2" end="Artur-N-G5036-P600034.t54.w3">bliže</event>
			<event start="Artur-N-G5036-P600034.t54.w3" end="Artur-N-G5036-P600034.t54.w4">sən</event>
			<event start="Artur-N-G5036-P600034.t54.w4" end="Artur-N-G5036-P600034.t54.w5">bio</event>
			<event start="Artur-N-G5036-P600034.t54.w5" end="Artur-N-G5036-P600034.t54.w6">dome</event>
			<event start="Artur-N-G5036-P600034.t54.w6" end="Artur-N-G5036-P600034.t54.w7">bol</event>
			<event start="Artur-N-G5036-P600034.t54.w7" end="Artur-N-G5036-P600034.t54.w8">sən</event>
			<event start="Artur-N-G5036-P600034.t54.w8" end="Artur-N-G5036-P600034.t54.w9">že</event>
			<event start="Artur-N-G5036-P600034.t54.w9" end="Artur-N-G5036-P600034.t55">tisto</event>
			<event start="Artur-N-G5036-P600034.t55.w0" end="Artur-N-G5036-P600034.t55.w1">bol</event>
			<event start="Artur-N-G5036-P600034.t55.w1" end="Artur-N-G5036-P600034.t55.w2">si</event>
			<event start="Artur-N-G5036-P600034.t55.w2" end="Artur-N-G5036-P600034.t55.w3">že</event>
			<event start="Artur-N-G5036-P600034.t55.w3" end="Artur-N-G5036-P600034.t55.w4">bio</event>
			<event start="Artur-N-G5036-P600034.t55.w4" end="Artur-N-G5036-P600034.t55.w5">doma</event>
			<event start="Artur-N-G5036-P600034.t55.w5" end="Artur-N-G5036-P600034.t55.w6">z</event>
			<event start="Artur-N-G5036-P600034.t55.w6" end="Artur-N-G5036-P600034.t55.w7">mislimi</event>
			<event start="Artur-N-G5036-P600034.t55.w7" end="Artur-N-G5036-P600034.t56">ne</event>
			<event start="Artur-N-G5036-P600034.t56.w0" end="Artur-N-G5036-P600034.t56.w1">in</event>
			<event start="Artur-N-G5036-P600034.t56.w1" end="Artur-N-G5036-P600034.t56.w2">bol</event>
			<event start="Artur-N-G5036-P600034.t56.w2" end="Artur-N-G5036-P600034.t56.w3">si</event>
			<event start="Artur-N-G5036-P600034.t56.w3" end="Artur-N-G5036-P600034.t57">zajdjih</event>
			<event start="Artur-N-G5036-P600034.t57.w0" end="Artur-N-G5036-P600034.t57.w1">petdəsət</event>
			<event start="Artur-N-G5036-P600034.t57.w1" end="Artur-N-G5036-P600034.t57.w2">kilometrof</event>
			<event start="Artur-N-G5036-P600034.t57.w2" end="Artur-N-G5036-P600034.t57.w3">si</event>
			<event start="Artur-N-G5036-P600034.t57.w3" end="Artur-N-G5036-P600034.t57.w4">bol</event>
			<event start="Artur-N-G5036-P600034.t57.w4" end="Artur-N-G5036-P600034.t58">voza</event>
			<event start="Artur-N-G5036-P600034.t58.w0" end="Artur-N-G5036-P600034.t58.w1">neprevidno</event>
			<event start="Artur-N-G5036-P600034.t58.w1" end="Artur-N-G5036-P600034.t58.w2">definitivno</event>
			<event start="Artur-N-G5036-P600034.t58.w2" end="Artur-N-G5036-P600034.t58.w3">pač</event>
			<event start="Artur-N-G5036-P600034.t58.w3" end="Artur-N-G5036-P600034.t58.w4">jaz</event>
			<event start="Artur-N-G5036-P600034.t58.w4" end="Artur-N-G5036-P600034.t58.w5">sən</event>
			<event start="Artur-N-G5036-P600034.t58.w5" end="Artur-N-G5036-P600034.t58.w6">pri</event>
			<event start="Artur-N-G5036-P600034.t58.w6" end="Artur-N-G5036-P600034.t58.w7">sebi</event>
			<event start="Artur-N-G5036-P600034.t58.w7" end="Artur-N-G5036-P600034.t58.w8">opazo</event>
			<event start="Artur-N-G5036-P600034.t58.w8" end="Artur-N-G5036-P600034.t58.w9">kə</event>
			<event start="Artur-N-G5036-P600034.t58.w9" end="Artur-N-G5036-P600034.t58.w10">sən</event>
			<event start="Artur-N-G5036-P600034.t58.w10" end="Artur-N-G5036-P600034.t58.w11">se</event>
			<event start="Artur-N-G5036-P600034.t58.w11" end="Artur-N-G5036-P600034.t58.w12">mogo</event>
			<event start="Artur-N-G5036-P600034.t58.w12" end="Artur-N-G5036-P600034.t58.w13">prav</event>
			<event start="Artur-N-G5036-P600034.t58.w13" end="Artur-N-G5036-P600034.t59">brzdate</event>
			<event start="Artur-N-G5036-P600034.t59.w0" end="Artur-N-G5036-P600034.t59.w1">kər</event>
			<event start="Artur-N-G5036-P600034.t59.w1" end="Artur-N-G5036-P600034.t59.w2">si</event>
			<event start="Artur-N-G5036-P600034.t59.w2" end="Artur-N-G5036-P600034.t59.w3">že</event>
			<event start="Artur-N-G5036-P600034.t59.w3" end="Artur-N-G5036-P600034.t59.w4">na</event>
			<event start="Artur-N-G5036-P600034.t59.w4" end="Artur-N-G5036-P600034.t59.w5">konco</event>
			<event start="Artur-N-G5036-P600034.t59.w5" end="Artur-N-G5036-P600034.t59.w6">zaj</event>
			<event start="Artur-N-G5036-P600034.t59.w6" end="Artur-N-G5036-P600034.t59.w7">tak</event>
			<event start="Artur-N-G5036-P600034.t59.w7" end="Artur-N-G5036-P600034.t59.w8">brez</event>
			<event start="Artur-N-G5036-P600034.t59.w8" end="Artur-N-G5036-P600034.t59.w9">veze</event>
			<event start="Artur-N-G5036-P600034.t59.w9" end="Artur-N-G5036-P600034.t59.w10">hitro</event>
			<event start="Artur-N-G5036-P600034.t59.w10" end="Artur-N-G5036-P600034.t59.w11">voza</event>
			<event start="Artur-N-G5036-P600034.t59.w11" end="Artur-N-G5036-P600034.t60">in</event>
			<event start="Artur-N-G5036-P600034.t60.w0" end="Artur-N-G5036-P600034.t60.w1">kə</event>
			<event start="Artur-N-G5036-P600034.t60.w1" end="Artur-N-G5036-P600034.t60.w2">si</event>
			<event start="Artur-N-G5036-P600034.t60.w2" end="Artur-N-G5036-P600034.t60.w3">bio</event>
			<event start="Artur-N-G5036-P600034.t60.w3" end="Artur-N-G5036-P600034.t60.w4">itak</event>
			<event start="Artur-N-G5036-P600034.t60.w4" end="Artur-N-G5036-P600034.t60.w5">iz</event>
			<event start="Artur-N-G5036-P600034.t60.w5" end="Artur-N-G5036-P600034.t60.w6">avtoceste</event>
			<event start="Artur-N-G5036-P600034.t60.w6" end="Artur-N-G5036-P600034.t60.w7">navajən</event>
			<event start="Artur-N-G5036-P600034.t60.w7" end="Artur-N-G5036-P600034.t60.w8">na</event>
			<event start="Artur-N-G5036-P600034.t60.w8" end="Artur-N-G5036-P600034.t60.w9">neki</event>
			<event start="Artur-N-G5036-P600034.t60.w9" end="Artur-N-G5036-P600034.t61">tempo</event>
			<event start="Artur-N-G5036-P600034.t61.w0" end="Artur-N-G5036-P600034.t61.w1">in</event>
			<event start="Artur-N-G5036-P600034.t61.w1" end="Artur-N-G5036-P600034.t61.w2">to</event>
			<event start="Artur-N-G5036-P600034.t61.w2" end="Artur-N-G5036-P600034.t61.w3">se</event>
			<event start="Artur-N-G5036-P600034.t61.w3" end="Artur-N-G5036-P600034.t61.w4">mi</event>
			<event start="Artur-N-G5036-P600034.t61.w4" end="Artur-N-G5036-P600034.t61.w5">zdi</event>
			<event start="Artur-N-G5036-P600034.t61.w5" end="Artur-N-G5036-P600034.t61.w6">tak</event>
			<event start="Artur-N-G5036-P600034.t61.w6" end="Artur-N-G5036-P600034.t61.w7">fejst</event>
			<event start="Artur-N-G5036-P600034.t61.w7" end="Artur-N-G5036-P600034.t61.w8">pomembno</event>
			<event start="Artur-N-G5036-P600034.t61.w8" end="Artur-N-G5036-P600034.t61.w9">ke</event>
			<event start="Artur-N-G5036-P600034.t61.w9" end="Artur-N-G5036-P600034.t61.w10">saj</event>
			<event start="Artur-N-G5036-P600034.t61.w10" end="Artur-N-G5036-P600034.t61.w11">pravijo</event>
			<event start="Artur-N-G5036-P600034.t61.w11" end="Artur-N-G5036-P600034.t61.w12">ne</event>
			<event start="Artur-N-G5036-P600034.t61.w12" end="Artur-N-G5036-P600034.t61.w13">ke</event>
			<event start="Artur-N-G5036-P600034.t61.w13" end="Artur-N-G5036-P600034.t61.w14">se</event>
			<event start="Artur-N-G5036-P600034.t61.w14" end="Artur-N-G5036-P600034.t61.w15">največ</event>
			<event start="Artur-N-G5036-P600034.t61.w15" end="Artur-N-G5036-P600034.t61.w16">nesreč</event>
			<event start="Artur-N-G5036-P600034.t61.w16" end="Artur-N-G5036-P600034.t61.w17">zgodi</event>
			<event start="Artur-N-G5036-P600034.t61.w17" end="Artur-N-G5036-P600034.t61.w18">tik</event>
			<event start="Artur-N-G5036-P600034.t61.w18" end="Artur-N-G5036-P600034.t61.w19">pred</event>
			<event start="Artur-N-G5036-P600034.t61.w19" end="Artur-N-G5036-P600034.t61.w20">domom</event>
			<event start="Artur-N-G5036-P600034.t61.w20" end="Artur-N-G5036-P600034.t61.w21">po</event>
			<event start="Artur-N-G5036-P600034.t61.w21" end="Artur-N-G5036-P600034.t61.w22">takšnih</event>
			<event start="Artur-N-G5036-P600034.t61.w22" end="Artur-N-G5036-P600034.t61.w23">dugih</event>
			<event start="Artur-N-G5036-P600034.t61.w23" end="Artur-N-G5036-P600034.t62">potovanjih</event>
			<event start="Artur-N-G5036-P600034.t61.w24" end="Artur-N-G5036-P600034.t63">ne</event>
			<event start="Artur-N-G5036-P600034.t63.w0" end="Artur-N-G5036-P600034.t63.w1">kaj</event>
			<event start="Artur-N-G5036-P600034.t63.w1" end="Artur-N-G5036-P600034.t63.w2">zaj</event>
			<event start="Artur-N-G5036-P600034.t63.w2" end="Artur-N-G5036-P600034.t63.w3">misliš</event>
			<event start="Artur-N-G5036-P600034.t63.w3" end="Artur-N-G5036-P600034.t63.w4">ti</event>
			<event start="Artur-N-G5036-P600034.t63.w4" end="Artur-N-G5036-P600034.t63.w5">kə</event>
			<event start="Artur-N-G5036-P600034.t63.w5" end="Artur-N-G5036-P600034.t63.w6">bi</event>
			<event start="Artur-N-G5036-P600034.t63.w6" end="Artur-N-G5036-P600034.t63.w7">bla</event>
			<event start="Artur-N-G5036-P600034.t63.w7" end="Artur-N-G5036-P600034.t63.w8">čez</event>
			<event start="Artur-N-G5036-P600034.t63.w8" end="Artur-N-G5036-P600034.t63.w9">toto</event>
			<event start="Artur-N-G5036-P600034.t63.w9" end="Artur-N-G5036-P600034.t63.w10">leto</event>
			<event start="Artur-N-G5036-P600034.t63.w10" end="Artur-N-G5036-P600034.t63.w11">pripravlena</event>
			<event start="Artur-N-G5036-P600034.t63.w11" end="Artur-N-G5036-P600034.t63.w12">na</event>
			<event start="Artur-N-G5036-P600034.t63.w12" end="Artur-N-G5036-P600034.t63.w13">motoristično</event>
			<event start="Artur-N-G5036-P600034.t63.w13" end="Artur-N-G5036-P600034.t64">turo</event>
			<event start="Artur-N-G5036-P600034.t64.w0" end="Artur-N-G5036-P600034.t64.w1">s</event>
			<event start="Artur-N-G5036-P600034.t64.w1" end="Artur-N-G5036-P600034.t64.w2">takšnim</event>
			<event start="Artur-N-G5036-P600034.t64.w2" end="Artur-N-G5036-P600034.t64.w3">s</event>
			<event start="Artur-N-G5036-P600034.t64.w3" end="Artur-N-G5036-P600034.t64.w4">takšnim</event>
			<event start="Artur-N-G5036-P600034.t64.w4" end="Artur-N-G5036-P600034.t65">podvigom</event>
			<event start="Artur-N-G5036-P600034.t66.w0" end="Artur-N-G5036-P600034.t66.w1">ma</event>
			<event start="Artur-N-G5036-P600034.t66.w1" end="Artur-N-G5036-P600034.t66.w2">ne</event>
			<event start="Artur-N-G5036-P600034.t66.w2" end="Artur-N-G5036-P600034.t66.w3">z</event>
			<event start="Artur-N-G5036-P600034.t66.w3" end="Artur-N-G5036-P600034.t67">vzponom</event>
			<event start="Artur-N-G5036-P600034.t66.w4" end="Artur-N-G5036-P600034.t68">seveda</event>
			<event start="Artur-N-G5036-P600034.t68.w0" end="Artur-N-G5036-P600034.t68.w1">No</event>
			<event start="Artur-N-G5036-P600034.t68.w1" end="Artur-N-G5036-P600034.t68.w2">samo</event>
			<event start="Artur-N-G5036-P600034.t68.w2" end="Artur-N-G5036-P600034.t68.w3">jaz</event>
			<event start="Artur-N-G5036-P600034.t68.w3" end="Artur-N-G5036-P600034.t68.w4">sən</event>
			<event start="Artur-N-G5036-P600034.t68.w4" end="Artur-N-G5036-P600034.t68.w5">se</event>
			<event start="Artur-N-G5036-P600034.t68.w5" end="Artur-N-G5036-P600034.t69">sə</event>
			<event start="Artur-N-G5036-P600034.t69.w0" end="Artur-N-G5036-P600034.t69.w1">s</event>
			<event start="Artur-N-G5036-P600034.t69.w1" end="Artur-N-G5036-P600034.t69.w2">tvojim</event>
			<event start="Artur-N-G5036-P600034.t69.w2" end="Artur-N-G5036-P600034.t69.w3">pelo</event>
			<event start="Artur-N-G5036-P600034.t69.w3" end="Artur-N-G5036-P600034.t69.w4">f</event>
			<event start="Artur-N-G5036-P600034.t69.w4" end="Artur-N-G5036-P600034.t69.w5">Trento</event>
			<event start="Artur-N-G5036-P600034.t69.w5" end="Artur-N-G5036-P600034.t70">za</event>
			<event start="Artur-N-G5036-P600034.t70.w0" end="Artur-N-G5036-P600034.t70.w1">deset</event>
			<event start="Artur-N-G5036-P600034.t70.w1" end="Artur-N-G5036-P600034.t70.w2">dni</event>
			<event start="Artur-N-G5036-P600034.t70.w2" end="Artur-N-G5036-P600034.t71">cot</event>
			<event start="Artur-N-G5036-P600034.t72.w0" end="Artur-N-G5036-P600034.t72.w1">te</event>
			<event start="Artur-N-G5036-P600034.t72.w1" end="Artur-N-G5036-P600034.t72.w2">pa</event>
			<event start="Artur-N-G5036-P600034.t72.w2" end="Artur-N-G5036-P600034.t72.w3">treba</event>
			<event start="Artur-N-G5036-P600034.t72.w3" end="Artur-N-G5036-P600034.t72.w4">Gold</event>
			<event start="Artur-N-G5036-P600034.t72.w4" end="Artur-N-G5036-P600034.t72.w5">Vinga</event>
			<event start="Artur-N-G5036-P600034.t72.w5" end="Artur-N-G5036-P600034.t73">kupte</event>
			<event start="Artur-N-G5036-P600034.t75.w0" end="Artur-N-G5036-P600034.t75.w1">to</event>
			<event start="Artur-N-G5036-P600034.t75.w1" end="Artur-N-G5036-P600034.t75.w2">ka</event>
			<event start="Artur-N-G5036-P600034.t75.w2" end="Artur-N-G5036-P600034.t75.w3">za</event>
			<event start="Artur-N-G5036-P600034.t75.w3" end="Artur-N-G5036-P600034.t75.w4">mene</event>
			<event start="Artur-N-G5036-P600034.t75.w4" end="Artur-N-G5036-P600034.t78">nej</event>
		</tier>
		<tier id="1" category="v" speaker="Artur-N-G5036" type="t" display-name="Artur-N-G5036">
			<event start="Artur-N-G5036-P600034.t2.w0" end="Artur-N-G5036-P600034.t2.w1">ja</event>
			<event start="Artur-N-G5036-P600034.t2.w1" end="Artur-N-G5036-P600034.t2.w2">ko</event>
			<event start="Artur-N-G5036-P600034.t2.w2" end="Artur-N-G5036-P600034.t2.w3">sva</event>
			<event start="Artur-N-G5036-P600034.t2.w3" end="Artur-N-G5036-P600034.t2.w4">šla</event>
			<event start="Artur-N-G5036-P600034.t2.w4" end="Artur-N-G5036-P600034.t2.w5">na</event>
			<event start="Artur-N-G5036-P600034.t2.w5" end="Artur-N-G5036-P600034.t3">Triglav</event>
			<event start="Artur-N-G5036-P600034.t3.w0" end="Artur-N-G5036-P600034.t3.w1">enodnevno</event>
			<event start="Artur-N-G5036-P600034.t3.w1" end="Artur-N-G5036-P600034.t4">turo</event>
			<event start="Artur-N-G5036-P600034.t4.w0" end="Artur-N-G5036-P600034.t4.w1">in</event>
			<event start="Artur-N-G5036-P600034.t4.w1" end="Artur-N-G5036-P600034.t4.w2">sva</event>
			<event start="Artur-N-G5036-P600034.t4.w2" end="Artur-N-G5036-P600034.t4.w3">štartala</event>
			<event start="Artur-N-G5036-P600034.t4.w3" end="Artur-N-G5036-P600034.t4.w4">ob</event>
			<event start="Artur-N-G5036-P600034.t4.w4" end="Artur-N-G5036-P600034.t5">dveh</event>
			<event start="Artur-N-G5036-P600034.t5.w0" end="Artur-N-G5036-P600034.t5.w1">od</event>
			<event start="Artur-N-G5036-P600034.t5.w1" end="Artur-N-G5036-P600034.t6">doma</event>
			<event start="Artur-N-G5036-P600034.t6.w0" end="Artur-N-G5036-P600034.t7">ne</event>
			<event start="Artur-N-G5036-P600034.t8.w0" end="Artur-N-G5036-P600034.t9">ja</event>
			<event start="Artur-N-G5036-P600034.t10.w0" end="Artur-N-G5036-P600034.t11">dveh</event>
			<event start="Artur-N-G5036-P600034.t12.w0" end="Artur-N-G5036-P600034.t13">Ja</event>
			<event start="Artur-N-G5036-P600034.t13.w0" end="Artur-N-G5036-P600034.t13.w1">ja</event>
			<event start="Artur-N-G5036-P600034.t13.w1" end="Artur-N-G5036-P600034.t13.w2">in</event>
			<event start="Artur-N-G5036-P600034.t13.w2" end="Artur-N-G5036-P600034.t13.w3">si</event>
			<event start="Artur-N-G5036-P600034.t13.w3" end="Artur-N-G5036-P600034.t13.w4">ti</event>
			<event start="Artur-N-G5036-P600034.t13.w4" end="Artur-N-G5036-P600034.t13.w5">vozil</event>
			<event start="Artur-N-G5036-P600034.t13.w5" end="Artur-N-G5036-P600034.t14">do</event>
			<event start="Artur-N-G5036-P600034.t14.w0" end="Artur-N-G5036-P600034.t14.w1">kod</event>
			<event start="Artur-N-G5036-P600034.t14.w1" end="Artur-N-G5036-P600034.t14.w2">ki</event>
			<event start="Artur-N-G5036-P600034.t14.w2" end="Artur-N-G5036-P600034.t14.w3">sva</event>
			<event start="Artur-N-G5036-P600034.t14.w3" end="Artur-N-G5036-P600034.t14.w4">se</event>
			<event start="Artur-N-G5036-P600034.t14.w4" end="Artur-N-G5036-P600034.t15">zamenjala</event>
			<event start="Artur-N-G5036-P600034.t16.w0" end="Artur-N-G5036-P600034.t16.w1">bila</event>
			<event start="Artur-N-G5036-P600034.t16.w1" end="Artur-N-G5036-P600034.t16.w2">je</event>
			<event start="Artur-N-G5036-P600034.t16.w2" end="Artur-N-G5036-P600034.t17">megla</event>
			<event start="Artur-N-G5036-P600034.t17.w0" end="Artur-N-G5036-P600034.t17.w1">pa</event>
			<event start="Artur-N-G5036-P600034.t17.w1" end="Artur-N-G5036-P600034.t17.w2">mokro</event>
			<event start="Artur-N-G5036-P600034.t17.w2" end="Artur-N-G5036-P600034.t17.w3">je</event>
			<event start="Artur-N-G5036-P600034.t17.w3" end="Artur-N-G5036-P600034.t18">bilo</event>
			<event start="Artur-N-G5036-P600034.t18.w0" end="Artur-N-G5036-P600034.t18.w1">kar</event>
			<event start="Artur-N-G5036-P600034.t18.w1" end="Artur-N-G5036-P600034.t18.w2">se</event>
			<event start="Artur-N-G5036-P600034.t18.w2" end="Artur-N-G5036-P600034.t19">spomnim</event>
			<event start="Artur-N-G5036-P600034.t19.w0" end="Artur-N-G5036-P600034.t19.w1">zato</event>
			<event start="Artur-N-G5036-P600034.t19.w1" end="Artur-N-G5036-P600034.t19.w2">ker</event>
			<event start="Artur-N-G5036-P600034.t19.w2" end="Artur-N-G5036-P600034.t19.w3">te</event>
			<event start="Artur-N-G5036-P600034.t19.w3" end="Artur-N-G5036-P600034.t19.w4">komaj</event>
			<event start="Artur-N-G5036-P600034.t19.w4" end="Artur-N-G5036-P600034.t19.w5">ceniš</event>
			<event start="Artur-N-G5036-P600034.t19.w5" end="Artur-N-G5036-P600034.t19.w6">suho</event>
			<event start="Artur-N-G5036-P600034.t19.w6" end="Artur-N-G5036-P600034.t19.w7">cesto</event>
			<event start="Artur-N-G5036-P600034.t19.w7" end="Artur-N-G5036-P600034.t19.w8">ko</event>
			<event start="Artur-N-G5036-P600034.t19.w8" end="Artur-N-G5036-P600034.t19.w9">se</event>
			<event start="Artur-N-G5036-P600034.t19.w9" end="Artur-N-G5036-P600034.t19.w10">moraš</event>
			<event start="Artur-N-G5036-P600034.t19.w10" end="Artur-N-G5036-P600034.t20">po</event>
			<event start="Artur-N-G5036-P600034.t20.w0" end="Artur-N-G5036-P600034.t20.w1">mokri</event>
			<event start="Artur-N-G5036-P600034.t20.w1" end="Artur-N-G5036-P600034.t20.w2">pa</event>
			<event start="Artur-N-G5036-P600034.t20.w2" end="Artur-N-G5036-P600034.t20.w3">megleni</event>
			<event start="Artur-N-G5036-P600034.t20.w3" end="Artur-N-G5036-P600034.t21">voziti</event>
			<event start="Artur-N-G5036-P600034.t21.w0" end="Artur-N-G5036-P600034.t22">in</event>
			<event start="Artur-N-G5036-P600034.t22.w0" end="Artur-N-G5036-P600034.t22.w1">ja</event>
			<event start="Artur-N-G5036-P600034.t22.w1" end="Artur-N-G5036-P600034.t22.w2">potem</event>
			<event start="Artur-N-G5036-P600034.t22.w2" end="Artur-N-G5036-P600034.t22.w3">pa</event>
			<event start="Artur-N-G5036-P600034.t22.w3" end="Artur-N-G5036-P600034.t22.w4">sem</event>
			<event start="Artur-N-G5036-P600034.t22.w4" end="Artur-N-G5036-P600034.t22.w5">jaz</event>
			<event start="Artur-N-G5036-P600034.t22.w5" end="Artur-N-G5036-P600034.t22.w6">vozil</event>
			<event start="Artur-N-G5036-P600034.t22.w6" end="Artur-N-G5036-P600034.t23">do</event>
			<event start="Artur-N-G5036-P600034.t22.w7" end="Artur-N-G5036-P600034.t24">Pokljuke</event>
			<event start="Artur-N-G5036-P600034.t24.w0" end="Artur-N-G5036-P600034.t24.w1">še</event>
			<event start="Artur-N-G5036-P600034.t24.w1" end="Artur-N-G5036-P600034.t24.w2">jelene</event>
			<event start="Artur-N-G5036-P600034.t24.w2" end="Artur-N-G5036-P600034.t24.w3">sva</event>
			<event start="Artur-N-G5036-P600034.t24.w3" end="Artur-N-G5036-P600034.t24.w4">videla</event>
			<event start="Artur-N-G5036-P600034.t24.w4" end="Artur-N-G5036-P600034.t25">mezmes</event>
			<event start="Artur-N-G5036-P600034.t25.w0" end="Artur-N-G5036-P600034.t27">mmm</event>
			<event start="Artur-N-G5036-P600034.t27.w0" end="Artur-N-G5036-P600034.t27.w1">Samo</event>
			<event start="Artur-N-G5036-P600034.t27.w1" end="Artur-N-G5036-P600034.t27.w2">sva</event>
			<event start="Artur-N-G5036-P600034.t27.w2" end="Artur-N-G5036-P600034.t27.w3">fejst</event>
			<event start="Artur-N-G5036-P600034.t27.w3" end="Artur-N-G5036-P600034.t27.w4">dobro</event>
			<event start="Artur-N-G5036-P600034.t27.w4" end="Artur-N-G5036-P600034.t28">zdržala</event>
			<event start="Artur-N-G5036-P600034.t28.w0" end="Artur-N-G5036-P600034.t28.w1">se</event>
			<event start="Artur-N-G5036-P600034.t28.w1" end="Artur-N-G5036-P600034.t28.w2">meni</event>
			<event start="Artur-N-G5036-P600034.t28.w2" end="Artur-N-G5036-P600034.t29">zdi</event>
			<event start="Artur-N-G5036-P600034.t30.w0" end="Artur-N-G5036-P600034.t30.w1">z</event>
			<event start="Artur-N-G5036-P600034.t30.w1" end="Artur-N-G5036-P600034.t30.w2">deklinami</event>
			<event start="Artur-N-G5036-P600034.t30.w2" end="Artur-N-G5036-P600034.t30.w3">v</event>
			<event start="Artur-N-G5036-P600034.t30.w3" end="Artur-N-G5036-P600034.t31">misli</event>
			<event start="Artur-N-G5036-P600034.t33.w0" end="Artur-N-G5036-P600034.t33.w1">ja</event>
			<event start="Artur-N-G5036-P600034.t33.w1" end="Artur-N-G5036-P600034.t33.w2">mene</event>
			<event start="Artur-N-G5036-P600034.t33.w2" end="Artur-N-G5036-P600034.t33.w3">je</event>
			<event start="Artur-N-G5036-P600034.t33.w3" end="Artur-N-G5036-P600034.t34">presenetilo</event>
			<event start="Artur-N-G5036-P600034.t34.w0" end="Artur-N-G5036-P600034.t34.w1">jaz</event>
			<event start="Artur-N-G5036-P600034.t34.w1" end="Artur-N-G5036-P600034.t34.w2">sem</event>
			<event start="Artur-N-G5036-P600034.t34.w2" end="Artur-N-G5036-P600034.t34.w3">mislil</event>
			<event start="Artur-N-G5036-P600034.t34.w3" end="Artur-N-G5036-P600034.t34.w4">ke</event>
			<event start="Artur-N-G5036-P600034.t34.w4" end="Artur-N-G5036-P600034.t34.w5">da</event>
			<event start="Artur-N-G5036-P600034.t34.w5" end="Artur-N-G5036-P600034.t34.w6">bolj</event>
			<event start="Artur-N-G5036-P600034.t34.w6" end="Artur-N-G5036-P600034.t35">naporno</event>
			<event start="Artur-N-G5036-P600034.t35.w0" end="Artur-N-G5036-P600034.t35.w1">v</event>
			<event start="Artur-N-G5036-P600034.t35.w1" end="Artur-N-G5036-P600034.t36">smislu</event>
			<event start="Artur-N-G5036-P600034.t36.w0" end="Artur-N-G5036-P600034.t36.w1">vožnje</event>
			<event start="Artur-N-G5036-P600034.t36.w1" end="Artur-N-G5036-P600034.t36.w2">še</event>
			<event start="Artur-N-G5036-P600034.t36.w2" end="Artur-N-G5036-P600034.t37">dodatne</event>
			<event start="Artur-N-G5036-P600034.t37.w0" end="Artur-N-G5036-P600034.t37.w1">ker</event>
			<event start="Artur-N-G5036-P600034.t37.w1" end="Artur-N-G5036-P600034.t37.w2">če</event>
			<event start="Artur-N-G5036-P600034.t37.w2" end="Artur-N-G5036-P600034.t37.w3">gledaš</event>
			<event start="Artur-N-G5036-P600034.t37.w3" end="Artur-N-G5036-P600034.t37.w4">je</event>
			<event start="Artur-N-G5036-P600034.t37.w4" end="Artur-N-G5036-P600034.t37.w5">šti…</event>
			<event start="Artur-N-G5036-P600034.t37.w5" end="Artur-N-G5036-P600034.t37.w6">tri</event>
			<event start="Artur-N-G5036-P600034.t37.w6" end="Artur-N-G5036-P600034.t37.w7">ure</event>
			<event start="Artur-N-G5036-P600034.t37.w7" end="Artur-N-G5036-P600034.t37.w8">pa</event>
			<event start="Artur-N-G5036-P600034.t37.w8" end="Artur-N-G5036-P600034.t38">pol</event>
			<event start="Artur-N-G5036-P600034.t38.w0" end="Artur-N-G5036-P600034.t39">ne</event>
			<event start="Artur-N-G5036-P600034.t39.w0" end="Artur-N-G5036-P600034.t39.w1">in</event>
			<event start="Artur-N-G5036-P600034.t39.w1" end="Artur-N-G5036-P600034.t39.w2">ja</event>
			<event start="Artur-N-G5036-P600034.t39.w2" end="Artur-N-G5036-P600034.t39.w3">je</event>
			<event start="Artur-N-G5036-P600034.t39.w3" end="Artur-N-G5036-P600034.t39.w4">mene</event>
			<event start="Artur-N-G5036-P600034.t39.w4" end="Artur-N-G5036-P600034.t40">presenetilo</event>
			<event start="Artur-N-G5036-P600034.t40.w0" end="Artur-N-G5036-P600034.t40.w1">ko</event>
			<event start="Artur-N-G5036-P600034.t40.w1" end="Artur-N-G5036-P600034.t40.w2">sn…</event>
			<event start="Artur-N-G5036-P600034.t40.w2" end="Artur-N-G5036-P600034.t40.w3">jaz</event>
			<event start="Artur-N-G5036-P600034.t40.w3" end="Artur-N-G5036-P600034.t40.w4">sem</event>
			<event start="Artur-N-G5036-P600034.t40.w4" end="Artur-N-G5036-P600034.t40.w5">sploh</event>
			<event start="Artur-N-G5036-P600034.t40.w5" end="Artur-N-G5036-P600034.t40.w6">ne</event>
			<event start="Artur-N-G5036-P600034.t40.w6" end="Artur-N-G5036-P600034.t40.w7">bil</event>
			<event start="Artur-N-G5036-P600034.t40.w7" end="Artur-N-G5036-P600034.t40.w8">utrujen</event>
			<event start="Artur-N-G5036-P600034.t40.w8" end="Artur-N-G5036-P600034.t40.w9">pa</event>
			<event start="Artur-N-G5036-P600034.t40.w9" end="Artur-N-G5036-P600034.t40.w10">ti</event>
			<event start="Artur-N-G5036-P600034.t40.w10" end="Artur-N-G5036-P600034.t40.w11">si</event>
			<event start="Artur-N-G5036-P600034.t40.w11" end="Artur-N-G5036-P600034.t40.w12">verjetno</event>
			<event start="Artur-N-G5036-P600034.t40.w12" end="Artur-N-G5036-P600034.t40.w13">tudi</event>
			<event start="Artur-N-G5036-P600034.t40.w13" end="Artur-N-G5036-P600034.t40.w14">ne</event>
			<event start="Artur-N-G5036-P600034.t40.w14" end="Artur-N-G5036-P600034.t40.w15">bil</event>
			<event start="Artur-N-G5036-P600034.t40.w15" end="Artur-N-G5036-P600034.t41">ne</event>
			<event start="Artur-N-G5036-P600034.t41.w0" end="Artur-N-G5036-P600034.t41.w1">za</event>
			<event start="Artur-N-G5036-P600034.t41.w1" end="Artur-N-G5036-P600034.t42">vožnjo</event>
			<event start="Artur-N-G5036-P600034.t42.w0" end="Artur-N-G5036-P600034.t42.w1">pa</event>
			<event start="Artur-N-G5036-P600034.t42.w1" end="Artur-N-G5036-P600034.t42.w2">radarja</event>
			<event start="Artur-N-G5036-P600034.t42.w2" end="Artur-N-G5036-P600034.t42.w3">nisva</event>
			<event start="Artur-N-G5036-P600034.t42.w3" end="Artur-N-G5036-P600034.t43">dobila</event>
			<event start="Artur-N-G5036-P600034.t44.w0" end="Artur-N-G5036-P600034.t44.w1">niti</event>
			<event start="Artur-N-G5036-P600034.t44.w1" end="Artur-N-G5036-P600034.t44.w2">za</event>
			<event start="Artur-N-G5036-P600034.t44.w2" end="Artur-N-G5036-P600034.t44.w3">hojo</event>
			<event start="Artur-N-G5036-P600034.t44.w3" end="Artur-N-G5036-P600034.t44.w4">ne</event>
			<event start="Artur-N-G5036-P600034.t44.w4" end="Artur-N-G5036-P600034.t44.w5">jaz</event>
			<event start="Artur-N-G5036-P600034.t44.w5" end="Artur-N-G5036-P600034.t44.w6">sem</event>
			<event start="Artur-N-G5036-P600034.t44.w6" end="Artur-N-G5036-P600034.t44.w7">za</event>
			<event start="Artur-N-G5036-P600034.t44.w7" end="Artur-N-G5036-P600034.t44.w8">hojo</event>
			<event start="Artur-N-G5036-P600034.t44.w8" end="Artur-N-G5036-P600034.t44.w9">bil</event>
			<event start="Artur-N-G5036-P600034.t44.w9" end="Artur-N-G5036-P600034.t44.w10">bolj</event>
			<event start="Artur-N-G5036-P600034.t44.w10" end="Artur-N-G5036-P600034.t44.w11">se</event>
			<event start="Artur-N-G5036-P600034.t44.w11" end="Artur-N-G5036-P600034.t44.w12">mi</event>
			<event start="Artur-N-G5036-P600034.t44.w12" end="Artur-N-G5036-P600034.t44.w13">zdi</event>
			<event start="Artur-N-G5036-P600034.t44.w13" end="Artur-N-G5036-P600034.t44.w14">kak</event>
			<event start="Artur-N-G5036-P600034.t44.w14" end="Artur-N-G5036-P600034.t44.w15">za</event>
			<event start="Artur-N-G5036-P600034.t44.w15" end="Artur-N-G5036-P600034.t45">vožnjo</event>
			<event start="Artur-N-G5036-P600034.t45.w0" end="Artur-N-G5036-P600034.t45.w1">radar</event>
			<event start="Artur-N-G5036-P600034.t45.w1" end="Artur-N-G5036-P600034.t45.w2">naju</event>
			<event start="Artur-N-G5036-P600034.t45.w2" end="Artur-N-G5036-P600034.t45.w3">je</event>
			<event start="Artur-N-G5036-P600034.t45.w3" end="Artur-N-G5036-P600034.t45.w4">mogoče</event>
			<event start="Artur-N-G5036-P600034.t45.w4" end="Artur-N-G5036-P600034.t45.w5">slikal</event>
			<event start="Artur-N-G5036-P600034.t45.w5" end="Artur-N-G5036-P600034.t45.w6">samo</event>
			<event start="Artur-N-G5036-P600034.t45.w6" end="Artur-N-G5036-P600034.t45.w7">nas</event>
			<event start="Artur-N-G5036-P600034.t45.w7" end="Artur-N-G5036-P600034.t45.w8">izgleda</event>
			<event start="Artur-N-G5036-P600034.t45.w8" end="Artur-N-G5036-P600034.t46">ni</event>
			<event start="Artur-N-G5036-P600034.t47.w0" end="Artur-N-G5036-P600034.t48">ja</event>
			<event start="Artur-N-G5036-P600034.t49.w0" end="Artur-N-G5036-P600034.t49.w1">ja</event>
			<event start="Artur-N-G5036-P600034.t49.w1" end="Artur-N-G5036-P600034.t49.w2">pa</event>
			<event start="Artur-N-G5036-P600034.t49.w2" end="Artur-N-G5036-P600034.t49.w3">predvsem</event>
			<event start="Artur-N-G5036-P600034.t49.w3" end="Artur-N-G5036-P600034.t50">to</event>
			<event start="Artur-N-G5036-P600034.t51.w0" end="Artur-N-G5036-P600034.t51.w1">Ja</event>
			<event start="Artur-N-G5036-P600034.t51.w1" end="Artur-N-G5036-P600034.t51.w2">pa</event>
			<event start="Artur-N-G5036-P600034.t51.w2" end="Artur-N-G5036-P600034.t51.w3">predvsem</event>
			<event start="Artur-N-G5036-P600034.t51.w3" end="Artur-N-G5036-P600034.t51.w4">to</event>
			<event start="Artur-N-G5036-P600034.t51.w4" end="Artur-N-G5036-P600034.t51.w5">se</event>
			<event start="Artur-N-G5036-P600034.t51.w5" end="Artur-N-G5036-P600034.t51.w6">mi</event>
			<event start="Artur-N-G5036-P600034.t51.w6" end="Artur-N-G5036-P600034.t51.w7">zdi</event>
			<event start="Artur-N-G5036-P600034.t51.w7" end="Artur-N-G5036-P600034.t51.w8">ka</event>
			<event start="Artur-N-G5036-P600034.t51.w8" end="Artur-N-G5036-P600034.t51.w9">sem</event>
			<event start="Artur-N-G5036-P600034.t51.w9" end="Artur-N-G5036-P600034.t51.w10">zdaj</event>
			<event start="Artur-N-G5036-P600034.t51.w10" end="Artur-N-G5036-P600034.t51.w11">ugotovil</event>
			<event start="Artur-N-G5036-P600034.t51.w11" end="Artur-N-G5036-P600034.t51.w12">ko</event>
			<event start="Artur-N-G5036-P600034.t51.w12" end="Artur-N-G5036-P600034.t51.w13">sem</event>
			<event start="Artur-N-G5036-P600034.t51.w13" end="Artur-N-G5036-P600034.t51.w14">se</event>
			<event start="Artur-N-G5036-P600034.t51.w14" end="Artur-N-G5036-P600034.t51.w15">iz</event>
			<event start="Artur-N-G5036-P600034.t51.w15" end="Artur-N-G5036-P600034.t51.w16">Avstrije</event>
			<event start="Artur-N-G5036-P600034.t51.w16" end="Artur-N-G5036-P600034.t52">vozil</event>
			<event start="Artur-N-G5036-P600034.t52.w0" end="Artur-N-G5036-P600034.t52.w1">da</event>
			<event start="Artur-N-G5036-P600034.t52.w1" end="Artur-N-G5036-P600034.t52.w2">bila</event>
			<event start="Artur-N-G5036-P600034.t52.w2" end="Artur-N-G5036-P600034.t52.w3">je</event>
			<event start="Artur-N-G5036-P600034.t52.w3" end="Artur-N-G5036-P600034.t52.w4">vseeno</event>
			<event start="Artur-N-G5036-P600034.t52.w4" end="Artur-N-G5036-P600034.t52.w5">dolga</event>
			<event start="Artur-N-G5036-P600034.t52.w5" end="Artur-N-G5036-P600034.t52.w6">vožnja</event>
			<event start="Artur-N-G5036-P600034.t52.w6" end="Artur-N-G5036-P600034.t52.w7">ne</event>
			<event start="Artur-N-G5036-P600034.t52.w7" end="Artur-N-G5036-P600034.t53">pač</event>
			<event start="Artur-N-G5036-P600034.t53.w0" end="Artur-N-G5036-P600034.t53.w1">tristo</event>
			<event start="Artur-N-G5036-P600034.t53.w1" end="Artur-N-G5036-P600034.t53.w2">trideset</event>
			<event start="Artur-N-G5036-P600034.t53.w2" end="Artur-N-G5036-P600034.t53.w3">kilometrov</event>
			<event start="Artur-N-G5036-P600034.t53.w3" end="Artur-N-G5036-P600034.t53.w4">v</event>
			<event start="Artur-N-G5036-P600034.t53.w4" end="Artur-N-G5036-P600034.t53.w5">eno</event>
			<event start="Artur-N-G5036-P600034.t53.w5" end="Artur-N-G5036-P600034.t54">stran</event>
			<event start="Artur-N-G5036-P600034.t54.w0" end="Artur-N-G5036-P600034.t54.w1">in</event>
			<event start="Artur-N-G5036-P600034.t54.w1" end="Artur-N-G5036-P600034.t54.w2">eee</event>
			<event start="Artur-N-G5036-P600034.t54.w2" end="Artur-N-G5036-P600034.t54.w3">bliže</event>
			<event start="Artur-N-G5036-P600034.t54.w3" end="Artur-N-G5036-P600034.t54.w4">sem</event>
			<event start="Artur-N-G5036-P600034.t54.w4" end="Artur-N-G5036-P600034.t54.w5">bil</event>
			<event start="Artur-N-G5036-P600034.t54.w5" end="Artur-N-G5036-P600034.t54.w6">domu</event>
			<event start="Artur-N-G5036-P600034.t54.w6" end="Artur-N-G5036-P600034.t54.w7">bolj</event>
			<event start="Artur-N-G5036-P600034.t54.w7" end="Artur-N-G5036-P600034.t54.w8">sem</event>
			<event start="Artur-N-G5036-P600034.t54.w8" end="Artur-N-G5036-P600034.t54.w9">že</event>
			<event start="Artur-N-G5036-P600034.t54.w9" end="Artur-N-G5036-P600034.t55">tisto</event>
			<event start="Artur-N-G5036-P600034.t55.w0" end="Artur-N-G5036-P600034.t55.w1">bolj</event>
			<event start="Artur-N-G5036-P600034.t55.w1" end="Artur-N-G5036-P600034.t55.w2">si</event>
			<event start="Artur-N-G5036-P600034.t55.w2" end="Artur-N-G5036-P600034.t55.w3">že</event>
			<event start="Artur-N-G5036-P600034.t55.w3" end="Artur-N-G5036-P600034.t55.w4">bil</event>
			<event start="Artur-N-G5036-P600034.t55.w4" end="Artur-N-G5036-P600034.t55.w5">doma</event>
			<event start="Artur-N-G5036-P600034.t55.w5" end="Artur-N-G5036-P600034.t55.w6">z</event>
			<event start="Artur-N-G5036-P600034.t55.w6" end="Artur-N-G5036-P600034.t55.w7">mislimi</event>
			<event start="Artur-N-G5036-P600034.t55.w7" end="Artur-N-G5036-P600034.t56">ne</event>
			<event start="Artur-N-G5036-P600034.t56.w0" end="Artur-N-G5036-P600034.t56.w1">in</event>
			<event start="Artur-N-G5036-P600034.t56.w1" end="Artur-N-G5036-P600034.t56.w2">bolj</event>
			<event start="Artur-N-G5036-P600034.t56.w2" end="Artur-N-G5036-P600034.t56.w3">si</event>
			<event start="Artur-N-G5036-P600034.t56.w3" end="Artur-N-G5036-P600034.t57">zadnjih</event>
			<event start="Artur-N-G5036-P600034.t57.w0" end="Artur-N-G5036-P600034.t57.w1">petdeset</event>
			<event start="Artur-N-G5036-P600034.t57.w1" end="Artur-N-G5036-P600034.t57.w2">kilometrov</event>
			<event start="Artur-N-G5036-P600034.t57.w2" end="Artur-N-G5036-P600034.t57.w3">si</event>
			<event start="Artur-N-G5036-P600034.t57.w3" end="Artur-N-G5036-P600034.t57.w4">bolj</event>
			<event start="Artur-N-G5036-P600034.t57.w4" end="Artur-N-G5036-P600034.t58">vozil</event>
			<event start="Artur-N-G5036-P600034.t58.w0" end="Artur-N-G5036-P600034.t58.w1">neprevidno</event>
			<event start="Artur-N-G5036-P600034.t58.w1" end="Artur-N-G5036-P600034.t58.w2">definitivno</event>
			<event start="Artur-N-G5036-P600034.t58.w2" end="Artur-N-G5036-P600034.t58.w3">pač</event>
			<event start="Artur-N-G5036-P600034.t58.w3" end="Artur-N-G5036-P600034.t58.w4">jaz</event>
			<event start="Artur-N-G5036-P600034.t58.w4" end="Artur-N-G5036-P600034.t58.w5">sem</event>
			<event start="Artur-N-G5036-P600034.t58.w5" end="Artur-N-G5036-P600034.t58.w6">pri</event>
			<event start="Artur-N-G5036-P600034.t58.w6" end="Artur-N-G5036-P600034.t58.w7">sebi</event>
			<event start="Artur-N-G5036-P600034.t58.w7" end="Artur-N-G5036-P600034.t58.w8">opazil</event>
			<event start="Artur-N-G5036-P600034.t58.w8" end="Artur-N-G5036-P600034.t58.w9">ke</event>
			<event start="Artur-N-G5036-P600034.t58.w9" end="Artur-N-G5036-P600034.t58.w10">sem</event>
			<event start="Artur-N-G5036-P600034.t58.w10" end="Artur-N-G5036-P600034.t58.w11">se</event>
			<event start="Artur-N-G5036-P600034.t58.w11" end="Artur-N-G5036-P600034.t58.w12">mogel</event>
			<event start="Artur-N-G5036-P600034.t58.w12" end="Artur-N-G5036-P600034.t58.w13">prav</event>
			<event start="Artur-N-G5036-P600034.t58.w13" end="Artur-N-G5036-P600034.t59">brzdati</event>
			<event start="Artur-N-G5036-P600034.t59.w0" end="Artur-N-G5036-P600034.t59.w1">ker</event>
			<event start="Artur-N-G5036-P600034.t59.w1" end="Artur-N-G5036-P600034.t59.w2">si</event>
			<event start="Artur-N-G5036-P600034.t59.w2" end="Artur-N-G5036-P600034.t59.w3">že</event>
			<event start="Artur-N-G5036-P600034.t59.w3" end="Artur-N-G5036-P600034.t59.w4">na</event>
			<event start="Artur-N-G5036-P600034.t59.w4" end="Artur-N-G5036-P600034.t59.w5">koncu</event>
			<event start="Artur-N-G5036-P600034.t59.w5" end="Artur-N-G5036-P600034.t59.w6">zdaj</event>
			<event start="Artur-N-G5036-P600034.t59.w6" end="Artur-N-G5036-P600034.t59.w7">tako</event>
			<event start="Artur-N-G5036-P600034.t59.w7" end="Artur-N-G5036-P600034.t59.w8">brez</event>
			<event start="Artur-N-G5036-P600034.t59.w8" end="Artur-N-G5036-P600034.t59.w9">veze</event>
			<event start="Artur-N-G5036-P600034.t59.w9" end="Artur-N-G5036-P600034.t59.w10">hitro</event>
			<event start="Artur-N-G5036-P600034.t59.w10" end="Artur-N-G5036-P600034.t59.w11">vozil</event>
			<event start="Artur-N-G5036-P600034.t59.w11" end="Artur-N-G5036-P600034.t60">in</event>
			<event start="Artur-N-G5036-P600034.t60.w0" end="Artur-N-G5036-P600034.t60.w1">ke</event>
			<event start="Artur-N-G5036-P600034.t60.w1" end="Artur-N-G5036-P600034.t60.w2">si</event>
			<event start="Artur-N-G5036-P600034.t60.w2" end="Artur-N-G5036-P600034.t60.w3">bil</event>
			<event start="Artur-N-G5036-P600034.t60.w3" end="Artur-N-G5036-P600034.t60.w4">itak</event>
			<event start="Artur-N-G5036-P600034.t60.w4" end="Artur-N-G5036-P600034.t60.w5">iz</event>
			<event start="Artur-N-G5036-P600034.t60.w5" end="Artur-N-G5036-P600034.t60.w6">avtoceste</event>
			<event start="Artur-N-G5036-P600034.t60.w6" end="Artur-N-G5036-P600034.t60.w7">navajen</event>
			<event start="Artur-N-G5036-P600034.t60.w7" end="Artur-N-G5036-P600034.t60.w8">na</event>
			<event start="Artur-N-G5036-P600034.t60.w8" end="Artur-N-G5036-P600034.t60.w9">neki</event>
			<event start="Artur-N-G5036-P600034.t60.w9" end="Artur-N-G5036-P600034.t61">tempo</event>
			<event start="Artur-N-G5036-P600034.t61.w0" end="Artur-N-G5036-P600034.t61.w1">in</event>
			<event start="Artur-N-G5036-P600034.t61.w1" end="Artur-N-G5036-P600034.t61.w2">to</event>
			<event start="Artur-N-G5036-P600034.t61.w2" end="Artur-N-G5036-P600034.t61.w3">se</event>
			<event start="Artur-N-G5036-P600034.t61.w3" end="Artur-N-G5036-P600034.t61.w4">mi</event>
			<event start="Artur-N-G5036-P600034.t61.w4" end="Artur-N-G5036-P600034.t61.w5">zdi</event>
			<event start="Artur-N-G5036-P600034.t61.w5" end="Artur-N-G5036-P600034.t61.w6">tako</event>
			<event start="Artur-N-G5036-P600034.t61.w6" end="Artur-N-G5036-P600034.t61.w7">fejst</event>
			<event start="Artur-N-G5036-P600034.t61.w7" end="Artur-N-G5036-P600034.t61.w8">pomembno</event>
			<event start="Artur-N-G5036-P600034.t61.w8" end="Artur-N-G5036-P600034.t61.w9">ke</event>
			<event start="Artur-N-G5036-P600034.t61.w9" end="Artur-N-G5036-P600034.t61.w10">saj</event>
			<event start="Artur-N-G5036-P600034.t61.w10" end="Artur-N-G5036-P600034.t61.w11">pravijo</event>
			<event start="Artur-N-G5036-P600034.t61.w11" end="Artur-N-G5036-P600034.t61.w12">ne</event>
			<event start="Artur-N-G5036-P600034.t61.w12" end="Artur-N-G5036-P600034.t61.w13">ker</event>
			<event start="Artur-N-G5036-P600034.t61.w13" end="Artur-N-G5036-P600034.t61.w14">se</event>
			<event start="Artur-N-G5036-P600034.t61.w14" end="Artur-N-G5036-P600034.t61.w15">največ</event>
			<event start="Artur-N-G5036-P600034.t61.w15" end="Artur-N-G5036-P600034.t61.w16">nesreč</event>
			<event start="Artur-N-G5036-P600034.t61.w16" end="Artur-N-G5036-P600034.t61.w17">zgodi</event>
			<event start="Artur-N-G5036-P600034.t61.w17" end="Artur-N-G5036-P600034.t61.w18">tik</event>
			<event start="Artur-N-G5036-P600034.t61.w18" end="Artur-N-G5036-P600034.t61.w19">pred</event>
			<event start="Artur-N-G5036-P600034.t61.w19" end="Artur-N-G5036-P600034.t61.w20">domom</event>
			<event start="Artur-N-G5036-P600034.t61.w20" end="Artur-N-G5036-P600034.t61.w21">po</event>
			<event start="Artur-N-G5036-P600034.t61.w21" end="Artur-N-G5036-P600034.t61.w22">takšnih</event>
			<event start="Artur-N-G5036-P600034.t61.w22" end="Artur-N-G5036-P600034.t61.w23">dolgih</event>
			<event start="Artur-N-G5036-P600034.t61.w23" end="Artur-N-G5036-P600034.t62">potovanjih</event>
			<event start="Artur-N-G5036-P600034.t61.w24" end="Artur-N-G5036-P600034.t63">ne</event>
			<event start="Artur-N-G5036-P600034.t63.w0" end="Artur-N-G5036-P600034.t63.w1">kaj</event>
			<event start="Artur-N-G5036-P600034.t63.w1" end="Artur-N-G5036-P600034.t63.w2">zdaj</event>
			<event start="Artur-N-G5036-P600034.t63.w2" end="Artur-N-G5036-P600034.t63.w3">misliš</event>
			<event start="Artur-N-G5036-P600034.t63.w3" end="Artur-N-G5036-P600034.t63.w4">ti</event>
			<event start="Artur-N-G5036-P600034.t63.w4" end="Artur-N-G5036-P600034.t63.w5">ke</event>
			<event start="Artur-N-G5036-P600034.t63.w5" end="Artur-N-G5036-P600034.t63.w6">bi</event>
			<event start="Artur-N-G5036-P600034.t63.w6" end="Artur-N-G5036-P600034.t63.w7">bila</event>
			<event start="Artur-N-G5036-P600034.t63.w7" end="Artur-N-G5036-P600034.t63.w8">čez</event>
			<event start="Artur-N-G5036-P600034.t63.w8" end="Artur-N-G5036-P600034.t63.w9">to</event>
			<event start="Artur-N-G5036-P600034.t63.w9" end="Artur-N-G5036-P600034.t63.w10">leto</event>
			<event start="Artur-N-G5036-P600034.t63.w10" end="Artur-N-G5036-P600034.t63.w11">pripravljena</event>
			<event start="Artur-N-G5036-P600034.t63.w11" end="Artur-N-G5036-P600034.t63.w12">na</event>
			<event start="Artur-N-G5036-P600034.t63.w12" end="Artur-N-G5036-P600034.t63.w13">motoristično</event>
			<event start="Artur-N-G5036-P600034.t63.w13" end="Artur-N-G5036-P600034.t64">turo</event>
			<event start="Artur-N-G5036-P600034.t64.w0" end="Artur-N-G5036-P600034.t64.w1">s</event>
			<event start="Artur-N-G5036-P600034.t64.w1" end="Artur-N-G5036-P600034.t64.w2">takšnim</event>
			<event start="Artur-N-G5036-P600034.t64.w2" end="Artur-N-G5036-P600034.t64.w3">s</event>
			<event start="Artur-N-G5036-P600034.t64.w3" end="Artur-N-G5036-P600034.t64.w4">takšnim</event>
			<event start="Artur-N-G5036-P600034.t64.w4" end="Artur-N-G5036-P600034.t65">podvigom</event>
			<event start="Artur-N-G5036-P600034.t66.w0" end="Artur-N-G5036-P600034.t66.w1">ma</event>
			<event start="Artur-N-G5036-P600034.t66.w1" end="Artur-N-G5036-P600034.t66.w2">ne</event>
			<event start="Artur-N-G5036-P600034.t66.w2" end="Artur-N-G5036-P600034.t66.w3">z</event>
			<event start="Artur-N-G5036-P600034.t66.w3" end="Artur-N-G5036-P600034.t67">vzponom</event>
			<event start="Artur-N-G5036-P600034.t66.w4" end="Artur-N-G5036-P600034.t68">seveda</event>
			<event start="Artur-N-G5036-P600034.t68.w0" end="Artur-N-G5036-P600034.t68.w1">No</event>
			<event start="Artur-N-G5036-P600034.t68.w1" end="Artur-N-G5036-P600034.t68.w2">samo</event>
			<event start="Artur-N-G5036-P600034.t68.w2" end="Artur-N-G5036-P600034.t68.w3">jaz</event>
			<event start="Artur-N-G5036-P600034.t68.w3" end="Artur-N-G5036-P600034.t68.w4">sem</event>
			<event start="Artur-N-G5036-P600034.t68.w4" end="Artur-N-G5036-P600034.t68.w5">se</event>
			<event start="Artur-N-G5036-P600034.t68.w5" end="Artur-N-G5036-P600034.t69">s</event>
			<event start="Artur-N-G5036-P600034.t69.w0" end="Artur-N-G5036-P600034.t69.w1">s</event>
			<event start="Artur-N-G5036-P600034.t69.w1" end="Artur-N-G5036-P600034.t69.w2">tvojim</event>
			<event start="Artur-N-G5036-P600034.t69.w2" end="Artur-N-G5036-P600034.t69.w3">peljal</event>
			<event start="Artur-N-G5036-P600034.t69.w3" end="Artur-N-G5036-P600034.t69.w4">v</event>
			<event start="Artur-N-G5036-P600034.t69.w4" end="Artur-N-G5036-P600034.t69.w5">Trento</event>
			<event start="Artur-N-G5036-P600034.t69.w5" end="Artur-N-G5036-P600034.t70">za</event>
			<event start="Artur-N-G5036-P600034.t70.w0" end="Artur-N-G5036-P600034.t70.w1">deset</event>
			<event start="Artur-N-G5036-P600034.t70.w1" end="Artur-N-G5036-P600034.t70.w2">dni</event>
			<event start="Artur-N-G5036-P600034.t70.w2" end="Artur-N-G5036-P600034.t71">cot</event>
			<event start="Artur-N-G5036-P600034.t72.w0" end="Artur-N-G5036-P600034.t72.w1">te</event>
			<event start="Artur-N-G5036-P600034.t72.w1" end="Artur-N-G5036-P600034.t72.w2">pa</event>
			<event start="Artur-N-G5036-P600034.t72.w2" end="Artur-N-G5036-P600034.t72.w3">treba</event>
			<event start="Artur-N-G5036-P600034.t72.w3" end="Artur-N-G5036-P600034.t72.w4">Gold</event>
			<event start="Artur-N-G5036-P600034.t72.w4" end="Artur-N-G5036-P600034.t72.w5">Winga</event>
			<event start="Artur-N-G5036-P600034.t72.w5" end="Artur-N-G5036-P600034.t73">kupite</event>
			<event start="Artur-N-G5036-P600034.t75.w0" end="Artur-N-G5036-P600034.t75.w1">to</event>
			<event start="Artur-N-G5036-P600034.t75.w1" end="Artur-N-G5036-P600034.t75.w2">ka</event>
			<event start="Artur-N-G5036-P600034.t75.w2" end="Artur-N-G5036-P600034.t75.w3">za</event>
			<event start="Artur-N-G5036-P600034.t75.w3" end="Artur-N-G5036-P600034.t75.w4">mene</event>
			<event start="Artur-N-G5036-P600034.t75.w4" end="Artur-N-G5036-P600034.t78">ni</event>
		</tier>
		<tier id="2" category="additional" speaker="Artur-N-G5036" type="t" display-name="Artur-N-G5036 [additional]"/>
		<tier id="3" category="disfluencyType" speaker="Artur-N-G5036" type="a" display-name="Artur-N-G5036 [disfluencyType]"/>
		<tier id="4" category="disfluencyStructure" speaker="Artur-N-G5036" type="a" display-name="Artur-N-G5036 [disfluencyStructure]"/>
	</basic-body>
</basic-transcription>
